# Blender 4.0.2
# www.blender.org
mtllib idk.mtl
o Object_7
v 0.130653 0.830164 0.238088
v 0.130241 0.842727 0.236793
v 0.137903 0.861099 0.204527
v 0.140323 0.821183 0.232715
v 0.139609 0.840209 0.201513
v 0.146230 0.873396 0.183470
v 0.159918 0.884700 0.196278
v 0.151143 0.881529 0.166369
v 0.166962 0.892446 0.179582
v 0.200560 0.908592 0.118380
v 0.223895 0.907769 0.130813
v 0.213244 0.913022 0.096385
v 0.236470 0.912513 0.110256
v 0.179912 0.883224 0.206003
v 0.154254 0.869281 0.215952
v 0.188905 0.890461 0.188054
v 0.239992 0.887218 0.136223
v 0.251817 0.892616 0.118256
v 0.130241 0.842727 0.236793
v 0.141788 0.848536 0.250095
v 0.175495 0.867587 0.226034
v 0.198442 0.864682 0.203601
v 0.207072 0.871024 0.187594
v 0.256779 0.866183 0.122201
v 0.291745 0.878963 0.068506
v 0.271896 0.906195 0.059193
v 0.244010 0.911448 0.051949
v 0.192028 0.899660 0.085069
v 0.295848 0.847980 0.074137
v 0.211380 0.855072 0.189159
v 0.185359 0.851925 0.231165
v 0.159131 0.851296 0.254149
v 0.193335 0.834473 0.219982
v 0.164638 0.842485 0.259571
v 0.169153 0.833577 0.253665
v 0.209819 0.849843 0.092549
v 0.238031 0.837498 0.055825
v 0.271835 0.829317 0.068206
v 0.225904 0.867635 0.048548
v 0.194836 0.878044 0.082745
v 0.222975 0.895496 0.049940
v 0.238516 0.846987 0.108903
v 0.197184 0.837280 0.174048
v 0.168548 0.838273 0.163340
v 0.182902 0.875187 0.105239
v 0.178085 0.821934 0.205555
v 0.156674 0.824040 0.196006
v 0.149945 0.854201 0.175098
v 0.156808 0.859962 0.160601
v 0.180154 0.896682 0.105012
v 0.154072 0.820699 0.245254
v 0.169153 0.833577 0.253665
v 0.193335 0.834473 0.219982
v 0.211380 0.855072 0.189159
v 0.256779 0.866183 0.122201
v 0.295848 0.847980 0.074137
v 0.338511 0.862527 0.129596
v 0.363879 0.877245 0.085202
v 0.340787 0.883466 0.118734
v 0.366893 0.861535 0.091375
v 0.326578 0.902831 0.110897
v 0.349731 0.897820 0.077541
v 0.326759 0.882691 0.134023
v 0.296405 0.875308 0.179982
v 0.305724 0.857105 0.179222
v 0.292350 0.872186 0.188659
v 0.284386 0.887484 0.175927
v 0.280586 0.882134 0.187945
v 0.269342 0.886758 0.166995
v 0.309730 0.900313 0.132292
v 0.293560 0.899006 0.122912
v 0.307842 0.900870 0.100255
v 0.292265 0.890098 0.089172
v 0.333101 0.903024 0.068161
v 0.307479 0.894746 0.061226
v 0.291757 0.877608 0.085468
v 0.306402 0.874897 0.065719
v 0.278528 0.892640 0.113980
v 0.258074 0.881650 0.159243
v 0.264380 0.880367 0.180526
v 0.255145 0.864246 0.207589
v 0.269766 0.865481 0.213773
v 0.280465 0.857686 0.213398
v 0.279666 0.830043 0.221326
v 0.263944 0.839048 0.239020
v 0.267357 0.832197 0.234869
v 0.258970 0.851514 0.233465
v 0.256803 0.871581 0.153104
v 0.252410 0.874292 0.173110
v 0.243151 0.858025 0.197761
v 0.238951 0.842219 0.218070
v 0.246588 0.848173 0.230439
v 0.258970 0.851514 0.233465
v 0.292253 0.844082 0.162644
v 0.268676 0.821788 0.210276
v 0.251647 0.824136 0.201440
v 0.265699 0.856573 0.151951
v 0.321700 0.844324 0.115775
v 0.295061 0.854757 0.098143
v 0.279485 0.876930 0.109481
v 0.251768 0.862987 0.166683
v 0.244676 0.846164 0.188405
v 0.237814 0.831665 0.220297
v 0.238951 0.842219 0.218070
v 0.245160 0.824717 0.217743
v 0.257469 0.824766 0.228200
v 0.267357 0.832197 0.234869
v 0.279666 0.830043 0.221326
v 0.305724 0.857105 0.179222
v 0.338511 0.862527 0.129596
v 0.344236 0.839265 0.079962
v 0.316314 0.840113 0.071514
v 0.366893 0.861535 0.091375
v 0.246588 0.848173 0.230439
v 0.237814 0.831665 0.220297
v 0.249336 0.833117 0.235075
v 0.263944 0.839048 0.239020
v 0.267357 0.832197 0.234869
v 0.257469 0.824766 0.228200
v 0.245160 0.824717 0.217743
v 0.336902 0.760014 -0.274520
v 0.412794 0.783724 -0.341116
v 0.392824 0.731669 -0.348332
v 0.355710 0.815228 -0.268486
v 0.448607 0.824197 -0.318039
v 0.393362 0.851526 -0.247518
v 0.518974 0.853220 -0.267754
v 0.462604 0.872900 -0.199063
v 0.533226 0.848536 -0.241634
v 0.493443 0.864222 -0.192146
v 0.530975 0.766042 -0.129555
v 0.579248 0.795428 -0.222927
v 0.523567 0.810194 -0.141083
v 0.583805 0.752353 -0.211003
v 0.553214 0.714519 -0.221659
v 0.512336 0.735046 -0.139582
v 0.478980 0.696086 -0.162379
v 0.521994 0.683039 -0.236832
v 0.494611 0.660539 -0.252780
v 0.445793 0.667631 -0.179093
v 0.414035 0.649501 -0.201641
v 0.461194 0.642178 -0.277916
v 0.430083 0.637192 -0.303284
v 0.379983 0.649791 -0.228634
v 0.408776 0.655952 -0.323285
v 0.347522 0.678294 -0.259034
v 0.336054 0.710476 -0.270247
v 0.395704 0.685314 -0.338595
v 0.526339 0.615201 -0.392949
v 0.436474 0.646245 -0.304125
v 0.419481 0.661677 -0.322112
v 0.462877 0.647855 -0.281848
v 0.904573 0.406752 -0.847690
v 0.786138 0.456590 -0.709468
v 0.744991 0.517780 -0.789080
v 0.709344 0.499725 -0.632401
v 0.669071 0.558165 -0.686066
v 0.643025 0.553106 -0.550463
v 0.610801 0.595951 -0.590388
v 0.500656 0.648835 -0.428742
v 0.408044 0.689381 -0.335687
v 0.492142 0.707862 -0.450940
v 0.404110 0.731826 -0.343051
v 0.422646 0.775579 -0.337692
v 0.535362 0.784753 -0.432762
v 0.452220 0.813147 -0.317616
v 0.523162 0.839253 -0.269774
v 0.605354 0.816560 -0.386169
v 0.643896 0.805461 -0.357213
v 0.760637 0.783270 -0.493539
v 0.649881 0.742719 -0.591443
v 0.604180 0.664472 -0.610981
v 0.793823 0.741799 -0.451423
v 0.670783 0.774054 -0.327751
v 0.560173 0.821825 -0.240952
v 0.577118 0.791228 -0.223714
v 0.888790 0.716382 -0.540438
v 0.846811 0.766749 -0.588643
v 0.985548 0.681949 -0.637709
v 0.937862 0.739303 -0.689571
v 1.055991 0.698851 -0.832422
v 0.872947 0.737239 -0.736310
v 0.990375 0.698736 -0.880556
v 0.899583 0.648414 -0.920049
v 0.792295 0.691217 -0.781909
v 0.843643 0.557974 -0.942761
v 0.733789 0.593636 -0.809966
v 0.663080 0.629458 -0.706929
v 0.717338 0.718579 -0.679322
v 1.106256 0.639086 -0.778115
v 0.848505 0.477945 -0.916680
v 0.721386 0.786157 -0.535981
v 0.796250 0.766368 -0.630836
v 0.594728 0.655964 -0.335692
v 0.495367 0.665646 -0.257300
v 0.462877 0.647855 -0.281848
v 0.521710 0.688194 -0.242490
v 0.554963 0.718246 -0.224826
v 0.661997 0.717302 -0.313820
v 0.578800 0.749315 -0.215976
v 0.577118 0.791228 -0.223714
v 0.670783 0.774054 -0.327751
v 0.797000 0.668267 -0.439297
v 0.793823 0.741799 -0.451423
v 0.882243 0.630166 -0.518030
v 0.888790 0.716382 -0.540438
v 0.982949 0.590035 -0.608901
v 0.985548 0.681949 -0.637709
v 1.105451 0.536104 -0.741769
v 0.905202 0.502218 -0.642980
v 1.023749 0.448287 -0.764794
v 1.106256 0.639086 -0.778115
v 0.732533 0.598831 -0.473810
v 0.812819 0.551236 -0.550537
v 0.579248 0.795428 -0.222927
v 0.577118 0.791228 -0.223714
v 0.560173 0.821825 -0.240952
v 0.562437 0.824766 -0.238194
v 0.523210 0.844058 -0.269477
v 0.523162 0.839253 -0.269774
v 0.453799 0.817673 -0.319079
v 0.452220 0.813147 -0.317616
v 0.419662 0.778847 -0.341939
v 0.422646 0.775579 -0.337692
v 0.400298 0.731233 -0.349748
v 0.404110 0.731826 -0.343051
v 0.408044 0.689381 -0.335687
v 0.402646 0.687565 -0.339100
v 0.419481 0.661677 -0.322112
v 0.414737 0.657574 -0.323801
v 0.433672 0.642239 -0.304644
v 0.436474 0.646245 -0.304125
v 0.453799 0.817673 -0.319079
v 0.448607 0.824197 -0.318039
v 0.518974 0.853220 -0.267754
v 0.419662 0.778847 -0.341939
v 0.412794 0.783724 -0.341116
v 0.400298 0.731233 -0.349748
v 0.392824 0.731669 -0.348332
v 0.402646 0.687565 -0.339100
v 0.395704 0.685314 -0.338595
v 0.414737 0.657574 -0.323801
v 0.408776 0.655952 -0.323285
v 0.430083 0.637192 -0.303284
v 0.461194 0.642178 -0.277916
v 0.462877 0.647855 -0.281848
v 0.494611 0.660539 -0.252780
v 0.495367 0.665646 -0.257300
v 0.521994 0.683039 -0.236832
v 0.521710 0.688194 -0.242490
v 0.553214 0.714519 -0.221659
v 0.554963 0.718246 -0.224826
v 0.583805 0.752353 -0.211003
v 0.578800 0.749315 -0.215976
v 0.579248 0.795428 -0.222927
v 0.577118 0.791228 -0.223714
v 0.523567 0.810194 -0.141083
v 0.562437 0.824766 -0.238194
v 0.501455 0.839895 -0.161701
v 0.579248 0.795428 -0.222927
v 0.492620 0.858037 -0.181980
v 0.461660 0.865347 -0.192860
v 0.539302 0.842170 -0.239115
v 0.523210 0.844058 -0.269477
v -0.569838 0.563581 0.158163
v -0.595666 0.575031 0.170453
v -0.591538 0.565590 0.212887
v -0.620985 0.575829 0.184215
v -0.611896 0.566195 0.217991
v -0.619835 0.570795 0.261009
v -0.591502 0.566825 0.243244
v -0.596271 0.565372 0.304668
v -0.596234 0.550946 0.355743
v -0.587060 0.544797 0.349618
v -0.610068 0.553947 0.346060
v -0.618250 0.561717 0.312946
v -0.593596 0.566728 0.264110
v -0.569813 0.551260 0.235934
v -0.568046 0.553269 0.207737
v -0.559744 0.526594 0.140985
v -0.561281 0.523036 0.203089
v -0.578745 0.496094 0.142029
v -0.577208 0.493432 0.201141
v -0.601572 0.487283 0.201492
v -0.579835 0.493020 0.230560
v -0.605082 0.484621 0.232703
v -0.607720 0.484379 0.260065
v -0.600700 0.490019 0.146035
v -0.632943 0.489510 0.255732
v -0.626746 0.498902 0.205749
v -0.629687 0.493698 0.151058
v -0.648568 0.509190 0.167216
v -0.608362 0.489898 0.303460
v -0.628852 0.490503 0.310117
v -0.618831 0.493843 0.344221
v -0.604138 0.494497 0.349110
v -0.594637 0.497135 0.302174
v -0.593269 0.497450 0.343349
v -0.587956 0.520639 0.350659
v -0.584458 0.521850 0.304982
v -0.585862 0.551381 0.304208
v -0.571968 0.550365 0.260080
v -0.564621 0.522285 0.232158
v -0.568022 0.520349 0.256095
v -0.581989 0.492173 0.257629
v -0.600023 0.522697 0.361286
v -0.604138 0.494497 0.349110
v -0.623769 0.526788 0.352209
v -0.610068 0.553947 0.346060
v -0.596234 0.550946 0.355743
v -0.587956 0.520639 0.350659
v -0.618831 0.493843 0.344221
v -0.619835 0.570795 0.261009
v -0.642989 0.529571 0.320402
v -0.618250 0.561717 0.312946
v -0.650033 0.533202 0.263293
v -0.638498 0.534534 0.225287
v -0.649500 0.543587 0.188908
v -0.620985 0.575829 0.184215
v -0.611896 0.566195 0.217991
v -0.618831 0.493843 0.344221
v -0.623769 0.526788 0.352209
v -0.610068 0.553947 0.346060
v -0.692055 0.707850 0.312054
v -0.689900 0.690107 0.264195
v -0.655697 0.693859 0.269617
v -0.718924 0.694270 0.268492
v -0.715801 0.731572 0.313945
v -0.715208 0.687759 0.353104
v -0.644756 0.750961 0.266473
v -0.671153 0.767276 0.259668
v -0.670923 0.772771 0.318610
v -0.648193 0.758199 0.317291
v -0.645603 0.718404 0.269535
v -0.648084 0.730047 0.310650
v -0.657391 0.711239 0.314743
v -0.693192 0.671759 0.337866
v -0.717302 0.655226 0.371670
v -0.697900 0.640993 0.364236
v -0.700357 0.618917 0.395296
v -0.679116 0.618094 0.393577
v -0.674045 0.639080 0.363873
v -0.671479 0.624145 0.405535
v -0.660901 0.649247 0.380118
v -0.671358 0.634747 0.412240
v -0.663758 0.661229 0.394327
v -0.716140 0.630874 0.399750
v -0.647467 0.724722 0.323110
v -0.649839 0.750162 0.336508
v -0.672702 0.765291 0.339177
v -0.666348 0.670766 0.340236
v -0.655709 0.682579 0.351782
v -0.655576 0.700128 0.371613
v -0.677216 0.710319 0.378318
v -0.699958 0.713224 0.376990
v -0.680593 0.690906 0.390013
v -0.701192 0.693568 0.388881
v -0.656617 0.670548 0.360889
v -0.657331 0.682240 0.383308
v -0.698046 0.776329 0.318272
v -0.697707 0.767663 0.336429
v -0.709592 0.705284 0.367017
v -0.712715 0.689453 0.378182
v -0.715692 0.667571 0.394013
v -0.703819 0.671807 0.399943
v -0.683933 0.669241 0.400500
v -0.689755 0.638064 0.422600
v -0.707244 0.643583 0.420059
v -0.713550 0.635740 0.415096
v -0.716140 0.630874 0.399750
v -0.717302 0.655226 0.371670
v -0.715208 0.687759 0.353104
v -0.709350 0.751954 0.328241
v -0.709120 0.760765 0.314120
v -0.698639 0.759312 0.256733
v -0.717084 0.720849 0.263514
v -0.718924 0.694270 0.268492
v -0.715801 0.731572 0.313945
v -0.671479 0.624145 0.405535
v -0.700357 0.618917 0.395296
v -0.679116 0.618094 0.393577
v -0.695516 0.624218 0.414999
v -0.689755 0.638064 0.422600
v -0.713550 0.635740 0.415096
v -0.716140 0.630874 0.399750
v -0.592289 0.588610 0.097281
v -0.570322 0.566680 0.150635
v -0.558364 0.526933 0.133627
v -0.605130 0.602868 0.143981
v -0.596876 0.579702 0.165521
v -0.627824 0.602093 0.163201
v -0.621506 0.577766 0.178765
v -0.662124 0.578032 0.167652
v -0.649500 0.543587 0.188908
v -0.620985 0.575829 0.184215
v -0.595666 0.575031 0.170453
v -0.569838 0.563581 0.158163
v -0.559744 0.526594 0.140985
v -0.578745 0.496094 0.142029
v -0.653252 0.614075 0.172680
v -0.691207 0.522939 0.144087
v -0.649500 0.543587 0.188908
v -0.662124 0.578032 0.167652
v -0.648568 0.509190 0.167216
v -0.629687 0.493698 0.151058
v -0.673609 0.490672 0.078878
v -0.603629 0.489825 0.137112
v -0.600700 0.490019 0.146035
v -0.580452 0.494739 0.133533
v -0.576652 0.527829 0.081465
v -0.596767 0.521850 0.011473
v -0.594831 0.571424 0.012953
v -0.602383 0.494424 0.078639
v -0.626202 0.492028 0.006224
v -0.655697 0.693859 0.269617
v -0.693035 0.666893 0.222463
v -0.652042 0.672412 0.227087
v -0.652502 0.645640 0.193685
v -0.694911 0.640460 0.183876
v -0.653252 0.614075 0.172680
v -0.702851 0.606801 0.148453
v -0.732842 0.521438 0.081686
v -0.695807 0.485298 -0.000542
v -0.668768 0.503187 -0.052367
v -0.630014 0.540573 -0.053596
v -0.623031 0.576350 -0.057451
v -0.601257 0.606426 0.014012
v -0.609076 0.630802 0.096437
v -0.612997 0.649428 0.010511
v -0.631902 0.623685 -0.067669
v -0.664199 0.669628 -0.081191
v -0.662221 0.694706 -0.006545
v -0.713574 0.694258 -0.095566
v -0.714784 0.493770 -0.055620
v -0.757363 0.501686 -0.009020
v -0.803597 0.535115 -0.017850
v -0.750918 0.503199 -0.060809
v -0.791917 0.521571 -0.073926
v -0.839434 0.549675 -0.083935
v -0.800928 0.712292 -0.040089
v -0.795712 0.691257 -0.107624
v -0.840281 0.654572 -0.106288
v -0.719426 0.716588 -0.023937
v -0.674826 0.721357 0.084149
v -0.621645 0.676684 0.094104
v -0.631473 0.704982 0.163279
v -0.618649 0.642953 0.146383
v -0.635243 0.664424 0.188227
v -0.636889 0.730749 0.213168
v -0.635594 0.694803 0.223456
v -0.641306 0.716976 0.265838
v -0.641827 0.752196 0.260867
v -0.668926 0.768390 0.253544
v -0.628634 0.634675 0.167573
v -0.810816 0.736607 0.048276
v -0.652502 0.645640 0.193685
v -0.652042 0.672412 0.227087
v -0.655697 0.693859 0.269617
v -0.645603 0.718404 0.269535
v -0.644756 0.750961 0.266473
v -0.671153 0.767276 0.259668
v -0.698639 0.759312 0.256733
v -0.816844 0.749109 0.107520
v -0.751402 0.752704 0.126667
v -0.737586 0.740335 0.068948
v -0.685180 0.744692 0.138913
v -0.771778 0.757206 0.179948
v -0.734524 0.766695 0.196769
v -0.745768 0.769043 0.255638
v -0.697634 0.757545 0.198563
v -0.715922 0.761225 0.253986
v -0.700672 0.761152 0.249599
v -0.658505 0.758852 0.200823
v -0.813085 0.768850 0.152160
v -0.772613 0.765243 0.243792
v -0.717084 0.720849 0.263514
v -0.727057 0.719348 0.267402
v -0.725955 0.753527 0.266404
v -0.747729 0.762701 0.264389
v -0.771838 0.762144 0.256824
v -0.782900 0.730241 0.245014
v -0.788214 0.761806 0.220427
v -0.815034 0.765412 0.209456
v -0.859525 0.755367 0.152169
v -0.876481 0.723221 0.079635
v -0.866242 0.755100 0.194651
v -0.843731 0.759748 0.204139
v -0.911254 0.740044 0.184871
v -0.894370 0.749678 0.188333
v -0.891864 0.753793 0.180563
v -0.869752 0.748395 0.201186
v -0.867416 0.728304 0.207528
v -0.858545 0.732250 0.214869
v -0.842617 0.756674 0.215056
v -0.816874 0.764856 0.220125
v -0.796710 0.755125 0.231411
v -0.791397 0.726731 0.236939
v -0.868251 0.670718 -0.055354
v -0.893432 0.633585 -0.057121
v -0.913565 0.663190 0.015331
v -0.895102 0.685847 0.016166
v -0.870847 0.706749 0.025849
v -0.901105 0.702404 0.068464
v -0.890703 0.747451 0.133966
v -0.916754 0.680473 0.070630
v -0.864342 0.619945 -0.098571
v -0.900264 0.590268 -0.046213
v -0.916845 0.620320 0.030605
v -0.920870 0.641803 0.085099
v -0.921178 0.699813 0.122752
v -0.910419 0.724770 0.123327
v -0.910491 0.742416 0.175770
v -0.866194 0.574474 -0.092644
v -0.920270 0.669241 0.133070
v -0.927206 0.693956 0.179909
v -0.924277 0.715402 0.174826
v -0.921880 0.716177 0.183685
v -0.924676 0.699862 0.188139
v -0.694094 0.489849 -0.143973
v -0.660109 0.496143 -0.142735
v -0.656889 0.492959 -0.140781
v -0.634020 0.513607 -0.144269
v -0.639418 0.516318 -0.146650
v -0.628356 0.546733 -0.152481
v -0.621826 0.546504 -0.151207
v -0.630026 0.589215 -0.160512
v -0.622692 0.590002 -0.162869
v -0.652181 0.630826 -0.175728
v -0.656405 0.626687 -0.174182
v -0.700261 0.658639 -0.186191
v -0.699123 0.654560 -0.183520
v -0.788226 0.663795 -0.198918
v -0.786943 0.659183 -0.198515
v -0.832693 0.633585 -0.199438
v -0.828620 0.631479 -0.199644
v -0.845395 0.596695 -0.194376
v -0.848360 0.600193 -0.195701
v -0.845395 0.596695 -0.194376
v -0.850054 0.556670 -0.184651
v -0.848360 0.600193 -0.195701
v -0.842538 0.555278 -0.184660
v -0.812940 0.528276 -0.167622
v -0.813225 0.531895 -0.171432
v -0.774023 0.506660 -0.154164
v -0.771148 0.512058 -0.158781
v -0.738942 0.492572 -0.145059
v -0.737562 0.497631 -0.149525
v -0.694276 0.484536 -0.139271
v -0.654142 0.488905 -0.136783
v -0.629796 0.513486 -0.139746
v -0.634020 0.513607 -0.144269
v -0.621826 0.546504 -0.151207
v -0.616767 0.546019 -0.145967
v -0.622692 0.590002 -0.162869
v -0.618450 0.592156 -0.156914
v -0.652181 0.630826 -0.175728
v -0.648943 0.637192 -0.171162
v -0.700261 0.658639 -0.186191
v -0.698723 0.666167 -0.182784
v -0.788226 0.663795 -0.198918
v -0.788401 0.673550 -0.195995
v -0.819536 0.656121 -0.186945
v -0.814955 0.663904 -0.185562
v -0.819355 0.681877 -0.126712
v -0.824293 0.675486 -0.117804
v -0.795712 0.691257 -0.107624
v -0.793884 0.698688 -0.113773
v -0.713574 0.694258 -0.095566
v -0.710742 0.697344 -0.100725
v -0.664199 0.669628 -0.081191
v -0.662003 0.672763 -0.086852
v -0.631902 0.623685 -0.067669
v -0.629028 0.623830 -0.071630
v -0.623031 0.576350 -0.057451
v -0.620259 0.575006 -0.061466
v -0.630014 0.540573 -0.053596
v -0.629639 0.539907 -0.056694
v -0.668768 0.503187 -0.052367
v -0.614262 0.550389 -0.295039
v -0.622026 0.489982 -0.277229
v -0.579308 0.420426 -0.462110
v -0.619430 0.368636 -0.448715
v -0.656865 0.448844 -0.263535
v -0.744328 0.386283 -0.456963
v -0.752709 0.468039 -0.271521
v -0.828475 0.435554 -0.482661
v -0.828553 0.509565 -0.307423
v -0.842538 0.555278 -0.184660
v -0.813225 0.531895 -0.171432
v -0.771148 0.512058 -0.158781
v -0.737562 0.497631 -0.149525
v -0.694094 0.489849 -0.143973
v -0.599303 0.304908 -0.546012
v -0.547707 0.374603 -0.566147
v -0.738900 0.324345 -0.560298
v -0.827307 0.381714 -0.591917
v -0.699123 0.654560 -0.183520
v -0.656405 0.626687 -0.174182
v -0.630026 0.589215 -0.160512
v -0.628356 0.546733 -0.152481
v -0.639418 0.516318 -0.146650
v -0.660109 0.496143 -0.142735
v -0.694094 0.489849 -0.143973
v -0.828620 0.631479 -0.199644
v -0.786943 0.659183 -0.198515
v -0.761896 0.623879 -0.335448
v -0.674057 0.613083 -0.319613
v -0.575956 0.489595 -0.481312
v -0.545244 0.446308 -0.586283
v -0.523192 0.322418 -0.687008
v -0.592183 0.248326 -0.647992
v -0.731133 0.259252 -0.683345
v -0.828469 0.323053 -0.720367
v -0.831422 0.412946 -0.754451
v -0.835991 0.464874 -0.623335
v -0.812607 0.349647 -0.932386
v -0.813633 0.248011 -0.892425
v -0.720930 0.184488 -0.844587
v -0.638734 0.552906 -0.506710
v -0.736158 0.574020 -0.518399
v -0.806138 0.601911 -0.338244
v -0.791784 0.559036 -0.512693
v -0.571780 0.178557 -0.821803
v -0.501570 0.265361 -0.844321
v -0.518136 0.399687 -0.704145
v -0.621905 0.517553 -0.612689
v -0.720878 0.541438 -0.634944
v -0.785079 0.526830 -0.637295
v -0.834357 0.508209 -0.498481
v -0.837988 0.563157 -0.330462
v -0.845395 0.596695 -0.194376
v -0.835991 0.464874 -0.623335
v -0.599959 0.478036 -0.734086
v -0.697816 0.500021 -0.759447
v -0.775572 0.483271 -0.768175
v -0.831422 0.412946 -0.754451
v -0.812607 0.349647 -0.932386
v -0.753826 0.423076 -0.946505
v -0.675071 0.441981 -0.938580
v -0.573187 0.417956 -0.901469
v -0.498342 0.345556 -0.870145
v -0.832693 0.633585 -0.199438
v -0.819536 0.656121 -0.186945
v -0.788226 0.663795 -0.198918
v -0.840281 0.654572 -0.106288
v -0.848360 0.600193 -0.195701
v -0.824293 0.675486 -0.117804
v -0.795712 0.691257 -0.107624
v -0.864342 0.619945 -0.098571
v -0.718924 0.694270 0.268492
v -0.727057 0.719348 0.267402
v -0.735686 0.691511 0.271094
v -0.717084 0.720849 0.263514
v -0.927206 0.693956 0.179909
v -0.896064 0.684588 0.197458
v -0.924676 0.699862 0.188139
v -0.873032 0.652950 0.166299
v -0.870793 0.692818 0.209198
v -0.857443 0.687614 0.202896
v -0.859392 0.699741 0.221435
v -0.824656 0.672920 0.201111
v -0.830998 0.681901 0.231601
v -0.798852 0.696231 0.239024
v -0.788129 0.675220 0.208173
v -0.786955 0.694319 0.251481
v -0.762894 0.666300 0.224690
v -0.764915 0.681199 0.265287
v -0.729707 0.672388 0.233816
v -0.689900 0.690107 0.264195
v -0.770519 0.666457 0.153331
v -0.858545 0.732250 0.214869
v -0.867416 0.728304 0.207528
v -0.791397 0.726731 0.236939
v -0.782900 0.730241 0.245014
v -0.877898 0.622063 0.114649
v -0.768673 0.641828 0.117372
v -0.900264 0.590268 -0.046213
v -0.866194 0.574474 -0.092644
v -0.857268 0.560362 -0.027756
v -0.785926 0.563702 0.041413
v -0.777387 0.601040 0.073078
v -0.867410 0.590547 0.062957
v -0.920870 0.641803 0.085099
v -0.920270 0.669241 0.133070
v -0.916845 0.620320 0.030605
v -0.735686 0.691511 0.271094
v -0.727057 0.719348 0.267402
v -0.730470 0.737067 0.328477
v -0.744316 0.706494 0.325806
v -0.731850 0.731378 0.342723
v -0.728654 0.759216 0.332441
v -0.725955 0.753527 0.266404
v -0.742307 0.675777 0.395356
v -0.754059 0.771077 0.329942
v -0.747729 0.762701 0.264389
v -0.771838 0.762144 0.256824
v -0.725955 0.753527 0.266404
v -0.732346 0.753019 0.348142
v -0.743481 0.684080 0.412458
v -0.744316 0.657695 0.401441
v -0.750258 0.668975 0.374914
v -0.777515 0.670621 0.369195
v -0.775118 0.701919 0.319866
v -0.798913 0.682409 0.377707
v -0.796238 0.729442 0.318368
v -0.786955 0.694319 0.251481
v -0.764915 0.681199 0.265287
v -0.746857 0.664666 0.417577
v -0.800837 0.628357 0.394521
v -0.779512 0.620780 0.378375
v -0.763656 0.693617 0.418255
v -0.765871 0.671517 0.424612
v -0.754894 0.761225 0.350911
v -0.787645 0.694367 0.419154
v -0.788335 0.674567 0.426388
v -0.756334 0.619280 0.379513
v -0.746870 0.632351 0.399444
v -0.750997 0.631407 0.412500
v -0.769539 0.633343 0.425314
v -0.791143 0.637386 0.428307
v -0.798937 0.633005 0.414712
v -0.797194 0.670645 0.410367
v -0.797194 0.687009 0.402990
v -0.782307 0.760329 0.348115
v -0.783711 0.769673 0.327890
v -0.779427 0.599213 0.388663
v -0.797279 0.607298 0.397038
v -0.759566 0.602747 0.387550
v -0.753780 0.600229 0.400984
v -0.754966 0.603255 0.414757
v -0.773036 0.599600 0.423714
v -0.788928 0.604780 0.423641
v -0.794677 0.602795 0.409166
v -0.797279 0.607298 0.397038
v -0.800837 0.628357 0.394521
v -0.798913 0.682409 0.377707
v -0.792026 0.746459 0.341104
v -0.792147 0.752099 0.324372
v -0.771838 0.762144 0.256824
v -0.782900 0.730241 0.245014
v -0.786955 0.694319 0.251481
v -0.796238 0.729442 0.318368
v -0.753780 0.600229 0.400984
v -0.779427 0.599213 0.388663
v -0.759566 0.602747 0.387550
v -0.776050 0.592169 0.404300
v -0.773036 0.599600 0.423714
v -0.794677 0.602795 0.409166
v -0.797279 0.607298 0.397038
v -0.823119 0.664279 0.396624
v -0.851174 0.632012 0.417178
v -0.832995 0.631794 0.413547
v -0.844299 0.668104 0.397126
v -0.819234 0.686161 0.383680
v -0.867440 0.634796 0.409940
v -0.873032 0.625331 0.405898
v -0.851174 0.632012 0.417178
v -0.852130 0.617319 0.411247
v -0.831337 0.620320 0.408488
v -0.851452 0.611873 0.393867
v -0.833443 0.616448 0.394933
v -0.870866 0.621095 0.395344
v -0.836795 0.707366 0.376615
v -0.839979 0.691680 0.388109
v -0.866266 0.664690 0.389235
v -0.873032 0.625331 0.405898
v -0.873456 0.650021 0.379141
v -0.870866 0.621095 0.395344
v -0.868844 0.641331 0.359219
v -0.869329 0.676092 0.359207
v -0.868227 0.676527 0.337600
v -0.867501 0.690470 0.346514
v -0.864741 0.735348 0.294183
v -0.853921 0.755560 0.307488
v -0.862418 0.740214 0.271623
v -0.850908 0.764686 0.282274
v -0.842617 0.756674 0.215056
v -0.824995 0.770205 0.283366
v -0.816874 0.764856 0.220125
v -0.863168 0.716613 0.272604
v -0.859392 0.699741 0.221435
v -0.858545 0.732250 0.214869
v -0.817987 0.647843 0.384330
v -0.812747 0.674082 0.367416
v -0.814308 0.702113 0.373404
v -0.802774 0.754447 0.316199
v -0.828916 0.760135 0.315421
v -0.858242 0.704631 0.367107
v -0.860784 0.688437 0.380848
v -0.810362 0.686984 0.356572
v -0.816208 0.668539 0.341001
v -0.824027 0.638838 0.362738
v -0.845691 0.635352 0.354215
v -0.844311 0.666409 0.329149
v -0.806187 0.712909 0.281006
v -0.800232 0.734840 0.310338
v -0.799385 0.762653 0.292277
v -0.795149 0.742755 0.286462
v -0.796710 0.755125 0.231411
v -0.791397 0.726731 0.236939
v -0.798852 0.696231 0.239024
v -0.837171 0.704727 0.272661
v -0.868227 0.676527 0.337600
v -0.868844 0.641331 0.359219
v -0.851452 0.611873 0.393867
v -0.833443 0.616448 0.394933
v -0.831337 0.620320 0.408488
v -0.832995 0.631794 0.413547
v -0.870866 0.621095 0.395344
v -0.830998 0.681901 0.231601
v -0.859392 0.699741 0.221435
v -0.863168 0.716613 0.272604
v -0.929554 0.727626 0.243680
v -0.930461 0.705478 0.235063
v -0.939357 0.705308 0.294114
v -0.929396 0.725859 0.222972
v -0.924676 0.699862 0.188139
v -0.921880 0.716177 0.183685
v -0.911254 0.740044 0.184871
v -0.869752 0.748395 0.201186
v -0.894370 0.749678 0.188333
v -0.897541 0.751905 0.229054
v -0.918394 0.748516 0.224243
v -0.920258 0.748952 0.251517
v -0.937324 0.725133 0.298665
v -0.939563 0.722616 0.308117
v -0.943194 0.682990 0.345818
v -0.944561 0.710004 0.336063
v -0.944065 0.687275 0.363731
v -0.945929 0.694440 0.368233
v -0.938970 0.720147 0.342478
v -0.941451 0.708092 0.365861
v -0.876724 0.745951 0.232503
v -0.884191 0.750308 0.259608
v -0.878382 0.735155 0.257574
v -0.902249 0.752220 0.255444
v -0.928767 0.740117 0.302114
v -0.932991 0.735155 0.314156
v -0.916131 0.737866 0.319639
v -0.924204 0.722955 0.347730
v -0.901341 0.735397 0.322859
v -0.907720 0.720437 0.349159
v -0.894091 0.725036 0.319912
v -0.897662 0.741932 0.307936
v -0.890436 0.732928 0.305454
v -0.911968 0.743651 0.305575
v -0.929929 0.708092 0.372276
v -0.914909 0.704945 0.368911
v -0.941451 0.708092 0.365861
v -0.943194 0.682990 0.345818
v -0.930945 0.682918 0.366272
v -0.944065 0.687275 0.363731
v -0.926177 0.678391 0.345939
v -0.915199 0.686524 0.366684
v -0.908712 0.685338 0.350393
v -0.913251 0.694876 0.372590
v -0.899913 0.709157 0.342720
v -0.914909 0.704945 0.368911
v -0.892627 0.716250 0.300534
v -0.876881 0.710561 0.241568
v -0.871108 0.734235 0.231632
v -0.867416 0.728304 0.207528
v -0.915829 0.697030 0.292419
v -0.905250 0.692842 0.238222
v -0.870793 0.692818 0.209198
v -0.896064 0.684588 0.197458
v -0.924676 0.699862 0.188139
v -0.930461 0.705478 0.235063
v -0.939357 0.705308 0.294114
v -0.930945 0.682918 0.366272
v -0.945929 0.694440 0.368233
v -0.944065 0.687275 0.363731
v -0.931635 0.692576 0.375737
v -0.929929 0.708092 0.372276
v -0.913251 0.694876 0.372590
v -0.915199 0.686524 0.366684
v 0.032920 0.643655 0.001812
v 0.054028 0.627752 0.022411
v 0.043620 0.650167 0.005709
v 0.033864 0.616762 0.010768
v 0.029241 0.635570 -0.008548
v 0.034978 0.613494 -0.005099
v 0.052406 0.593766 0.008408
v 0.049381 0.594613 -0.003792
v 0.065139 0.597518 0.016384
v 0.060273 0.649174 -0.039653
v 0.032920 0.643655 0.001812
v 0.034978 0.613494 -0.005099
v 0.066664 0.620369 -0.037450
v 0.081575 0.599527 -0.029305
v 0.090846 0.595727 -0.017396
v 0.125085 0.589748 -0.043965
v 0.098664 0.599261 0.002717
v 0.143325 0.600132 -0.028895
v 0.088716 0.639710 0.016057
v 0.137443 0.646003 -0.014980
v 0.070706 0.665659 -0.010497
v 0.110065 0.674639 -0.041230
v 0.136971 0.668854 -0.075245
v 0.157619 0.644986 -0.049245
v 0.188578 0.652345 -0.069157
v 0.172421 0.607830 -0.068875
v 0.210775 0.621410 -0.083789
v 0.142877 0.590038 -0.064153
v 0.161201 0.591975 -0.088565
v 0.143615 0.593040 -0.106311
v 0.163573 0.677737 -0.093695
v 0.054028 0.627752 0.022411
v 0.065139 0.597518 0.016384
v 0.043620 0.650167 0.005709
v 0.211913 0.604199 -0.107388
v 0.195610 0.594904 -0.130342
v 0.181268 0.596380 -0.148448
v 0.161007 0.621797 -0.163776
v 0.123972 0.617537 -0.118119
v 0.147694 0.657767 -0.146555
v 0.117678 0.647601 -0.112244
v 0.155004 0.673066 -0.120817
v 0.126865 0.663577 -0.092928
v 0.136971 0.668854 -0.075245
v 0.105491 0.664811 -0.072858
v 0.110065 0.674639 -0.041230
v 0.091754 0.665368 -0.058275
v 0.070706 0.665659 -0.010497
v 0.061992 0.665199 -0.032573
v 0.043620 0.650167 0.005709
v 0.163573 0.677737 -0.093695
v 0.084952 0.644817 -0.075248
v 0.100359 0.645664 -0.092199
v 0.107003 0.617052 -0.096290
v 0.125654 0.592604 -0.084324
v 0.108298 0.591249 -0.064843
v 0.093085 0.615382 -0.078351
v 0.212615 0.634118 -0.196605
v 0.164808 0.622765 -0.170149
v 0.152269 0.661786 -0.151993
v 0.240972 0.607878 -0.179424
v 0.188421 0.596501 -0.153471
v 0.293978 0.619521 -0.132025
v 0.203659 0.596453 -0.134977
v 0.170932 0.749013 -0.065263
v 0.194091 0.726126 -0.082798
v 0.246467 0.731524 -0.067321
v 0.255702 0.647189 -0.073999
v 0.206721 0.692237 -0.079230
v 0.210775 0.621410 -0.083789
v 0.211913 0.604199 -0.107388
v 0.195610 0.594904 -0.130342
v 0.181268 0.596380 -0.148448
v 0.161007 0.621797 -0.163776
v 0.147694 0.657767 -0.146555
v 0.155004 0.673066 -0.120817
v 0.188578 0.652345 -0.069157
v 0.408624 0.659099 -0.141604
v 0.384007 0.720716 -0.089016
v 0.326336 0.661471 -0.092280
v 0.438991 0.702779 -0.119134
v 0.427124 0.764504 -0.020160
v 0.351292 0.751687 -0.072307
v 0.394064 0.791640 0.020762
v 0.307406 0.783785 -0.047030
v 0.363492 0.628575 -0.175686
v 0.308810 0.620901 -0.217054
v 0.277100 0.642638 -0.234664
v 0.345604 0.678778 -0.256497
v 0.379983 0.649791 -0.228634
v 0.414035 0.649501 -0.201641
v 0.445793 0.667631 -0.179093
v 0.478980 0.696086 -0.162379
v 0.486278 0.742295 -0.089893
v 0.475034 0.806345 -0.010406
v 0.437896 0.822841 0.028826
v 0.402754 0.843163 0.056488
v 0.352357 0.812977 0.048612
v 0.273627 0.805982 -0.007447
v 0.208070 0.754290 -0.042600
v 0.141727 0.760523 -0.028062
v 0.521583 0.782998 -0.076489
v 0.530975 0.766042 -0.129555
v 0.512336 0.735046 -0.139582
v 0.136704 0.774562 0.025467
v 0.107560 0.769188 0.006901
v 0.175011 0.764613 -0.003583
v 0.193625 0.785818 0.018561
v 0.224658 0.788311 0.034303
v 0.252519 0.816003 0.031389
v 0.192379 0.806998 0.059181
v 0.218134 0.828760 0.061997
v 0.154157 0.793007 0.041620
v 0.164868 0.798333 0.049500
v 0.154484 0.824330 0.038513
v 0.150405 0.820651 0.032322
v 0.366893 0.861535 0.091375
v 0.344236 0.839265 0.079962
v 0.375583 0.857420 0.087357
v 0.311255 0.834836 0.059498
v 0.290268 0.821813 0.041147
v 0.271835 0.829317 0.068206
v 0.238031 0.837498 0.055825
v 0.208645 0.860567 0.056016
v 0.225904 0.867635 0.048548
v 0.295848 0.847980 0.074137
v 0.316314 0.840113 0.071514
v 0.306402 0.874897 0.065719
v 0.291745 0.878963 0.068506
v 0.052406 0.593766 0.008408
v 0.065139 0.597518 0.016384
v 0.095203 0.790127 -0.002214
v 0.094985 0.787851 -0.007689
v 0.107560 0.769188 0.006901
v 0.141727 0.760523 -0.028062
v 0.225904 0.867635 0.048548
v 0.190248 0.885281 0.048990
v 0.208645 0.860567 0.056016
v 0.181280 0.879254 0.058690
v 0.159131 0.872621 0.047065
v 0.162327 0.878867 0.039876
v 0.145068 0.856815 0.036403
v 0.144729 0.860906 0.022827
v 0.154484 0.824330 0.038513
v 0.138096 0.853668 0.013504
v 0.150405 0.820651 0.032322
v 0.132142 0.849747 0.018684
v 0.108492 0.850231 0.003109
v 0.110683 0.851586 -0.002979
v 0.090507 0.824015 -0.009429
v 0.091959 0.825250 -0.015700
v 0.125582 0.777176 -0.043056
v 0.329107 0.907357 0.021764
v 0.307673 0.901257 0.053649
v 0.335437 0.907357 0.060524
v 0.281264 0.908834 0.049196
v 0.285560 0.919945 -0.001102
v 0.249880 0.913046 0.042424
v 0.219114 0.905711 0.037049
v 0.233565 0.887605 0.002452
v 0.201541 0.889009 -0.018420
v 0.171585 0.855556 -0.027804
v 0.140602 0.846503 -0.048343
v 0.124032 0.812977 -0.052059
v 0.165032 0.807325 -0.106943
v 0.205426 0.857323 -0.086604
v 0.261826 0.886116 -0.058443
v 0.475034 0.806345 -0.010406
v 0.472311 0.848972 -0.026473
v 0.433690 0.859635 0.015470
v 0.437896 0.822841 0.028826
v 0.402754 0.843163 0.056488
v 0.403989 0.874485 0.045492
v 0.371637 0.878116 0.080313
v 0.388733 0.893511 0.039987
v 0.354621 0.901064 0.070134
v 0.363553 0.910432 0.031053
v 0.388727 0.890994 -0.007483
v 0.321700 0.899442 -0.028452
v 0.293330 0.878104 -0.109615
v 0.243514 0.844022 -0.139365
v 0.375583 0.857420 0.087357
v 0.424431 0.880392 -0.050007
v 0.359764 0.893233 -0.075521
v 0.453128 0.866715 -0.039623
v 0.418670 0.877656 0.002048
v 0.512505 0.824850 -0.089415
v 0.484487 0.854963 -0.107479
v 0.208633 0.787827 -0.165840
v 0.177879 0.749702 -0.127596
v 0.206672 0.741690 -0.170386
v 0.200258 0.695650 -0.178359
v 0.262322 0.688969 -0.238319
v 0.259823 0.724818 -0.235785
v 0.263533 0.769709 -0.232256
v 0.299225 0.826605 -0.213048
v 0.346281 0.862576 -0.187989
v 0.416600 0.878407 -0.144042
v 0.334953 0.711892 -0.265629
v 0.336345 0.760002 -0.269648
v 0.354294 0.811985 -0.262659
v 0.392685 0.848536 -0.241636
v 0.461660 0.865347 -0.192860
v 0.501455 0.839895 -0.161701
v 0.523567 0.810194 -0.141083
v 0.530975 0.766042 -0.129555
v 0.521583 0.782998 -0.076489
v 0.158266 0.764916 -0.082848
v 0.170932 0.749013 -0.065263
v 0.173970 0.741424 -0.104529
v 0.194091 0.726126 -0.082798
v 0.206721 0.692237 -0.079230
v 0.178859 0.708479 -0.106772
v 0.188578 0.652345 -0.069157
v 0.167132 0.680400 -0.097542
v 0.163573 0.677737 -0.093695
v 0.157994 0.678439 -0.123956
v 0.174938 0.706567 -0.136116
v 0.007068 0.821401 0.115104
v 0.002445 0.795960 0.136170
v 0.000097 0.814599 0.137634
v 0.023940 0.836893 0.126843
v 0.017235 0.826460 0.096930
v 0.033247 0.842703 0.106770
v 0.060152 0.852555 0.057990
v 0.080788 0.859502 0.070848
v 0.073333 0.851901 0.039549
v 0.093908 0.861874 0.054896
v 0.094719 0.844276 0.078131
v 0.104559 0.847302 0.064821
v 0.052576 0.848609 0.117664
v 0.041405 0.842315 0.136767
v 0.014645 0.828615 0.147715
v -0.011377 0.808524 0.167842
v -0.010505 0.796420 0.171098
v 0.000436 0.785746 0.173264
v -0.001864 0.821474 0.181918
v 0.031202 0.834182 0.157579
v 0.055214 0.834690 0.140630
v 0.063444 0.838321 0.123218
v 0.108625 0.818981 0.080192
v 0.150405 0.820651 0.032322
v 0.132142 0.849747 0.018684
v 0.108492 0.850231 0.003109
v 0.056763 0.831229 0.030061
v 0.043741 0.831761 0.048291
v 0.154157 0.793007 0.041620
v 0.070730 0.817577 0.130310
v 0.042603 0.829655 0.164140
v 0.014766 0.827404 0.187485
v 0.052866 0.806418 0.161384
v 0.020261 0.819755 0.193561
v 0.029483 0.806732 0.190269
v 0.062077 0.785649 0.053919
v 0.060007 0.800511 0.036433
v 0.095203 0.790127 -0.002214
v 0.090507 0.824015 -0.009429
v 0.092226 0.788239 0.072228
v 0.057538 0.791434 0.119551
v 0.034978 0.786762 0.105535
v 0.048037 0.802036 0.049606
v 0.037883 0.787149 0.154990
v 0.018905 0.780638 0.141981
v 0.015782 0.798066 0.110495
v 0.023528 0.800753 0.097777
v 0.016315 0.791870 0.186166
v 0.029483 0.806732 0.190269
v 0.052866 0.806418 0.161384
v 0.070730 0.817577 0.130310
v 0.108625 0.818981 0.080192
v 0.136704 0.774562 0.025467
v 0.107560 0.769188 0.006901
v 0.154157 0.793007 0.041620
v 0.163174 0.837498 0.125506
v 0.208645 0.860567 0.056016
v 0.156384 0.864537 0.118480
v 0.218134 0.828760 0.061997
v 0.146157 0.880948 0.111393
v 0.181280 0.879254 0.058690
v 0.146326 0.862189 0.130698
v 0.107584 0.849190 0.194529
v 0.121237 0.827646 0.186348
v 0.181280 0.879254 0.058690
v 0.159131 0.872621 0.047065
v 0.104208 0.857904 0.081378
v 0.145068 0.856815 0.036403
v 0.121442 0.875599 0.095245
v 0.135058 0.876059 0.123872
v 0.093206 0.864295 0.192342
v 0.099040 0.843937 0.208091
v 0.084588 0.830164 0.236576
v 0.094731 0.809927 0.237411
v 0.069677 0.815931 0.256643
v 0.080389 0.804941 0.252709
v 0.085472 0.857759 0.206929
v 0.073647 0.857928 0.179543
v 0.067354 0.850110 0.195425
v 0.059208 0.843211 0.169751
v 0.113285 0.871823 0.107632
v 0.053169 0.836821 0.186390
v 0.097394 0.857202 0.095523
v 0.064788 0.824306 0.166523
v 0.056146 0.819150 0.183594
v 0.044878 0.814914 0.204333
v 0.041187 0.828155 0.209719
v 0.052080 0.842073 0.221108
v 0.071602 0.845293 0.231759
v 0.057974 0.831737 0.253835
v 0.040921 0.829994 0.248981
v 0.030572 0.822127 0.234421
v 0.035099 0.806708 0.234179
v 0.048424 0.793637 0.233538
v 0.057223 0.791289 0.217162
v 0.079384 0.805474 0.166535
v 0.100129 0.833528 0.099569
v 0.109957 0.835199 0.085360
v 0.145068 0.856815 0.036403
v 0.105043 0.808620 0.177851
v 0.148469 0.807773 0.120135
v 0.121406 0.806684 0.103542
v 0.154484 0.824330 0.038513
v 0.164868 0.798333 0.049500
v 0.192379 0.806998 0.059181
v 0.163174 0.837498 0.125506
v 0.121237 0.827646 0.186348
v 0.079832 0.790538 0.228999
v 0.064461 0.793395 0.247880
v 0.218134 0.828760 0.061997
v 0.094731 0.809927 0.237411
v 0.080389 0.804941 0.252709
v 0.000436 0.785746 0.173264
v 0.003026 0.807579 0.190088
v -0.010505 0.796420 0.171098
v 0.016315 0.791870 0.186166
v 0.029483 0.806732 0.190269
v 0.020261 0.819755 0.193561
v -0.001864 0.821474 0.181918
v 0.048424 0.793637 0.233538
v 0.050083 0.807144 0.253919
v 0.035099 0.806708 0.234179
v 0.064461 0.793395 0.247880
v 0.080389 0.804941 0.252709
v 0.069677 0.815931 0.256643
v 0.040921 0.829994 0.248981
v -0.864342 0.619945 -0.098571
v -0.848360 0.600193 -0.195701
v -0.850054 0.556670 -0.184651
v -0.866194 0.574474 -0.092644
v -0.839434 0.549675 -0.083935
v -0.812940 0.528276 -0.167622
v -0.774023 0.506660 -0.154164
v -0.791917 0.521571 -0.073926
v -0.750918 0.503199 -0.060809
v -0.738942 0.492572 -0.145059
v -0.694276 0.484536 -0.139271
v -0.714784 0.493770 -0.055620
v -0.668768 0.503187 -0.052367
v -0.654142 0.488905 -0.136783
v -0.629639 0.539907 -0.056694
v -0.629796 0.513486 -0.139746
v -0.616767 0.546019 -0.145967
v -0.620259 0.575006 -0.061466
v -0.618450 0.592156 -0.156914
v -0.629028 0.623830 -0.071630
v -0.662003 0.672763 -0.086852
v -0.648943 0.637192 -0.171162
v -0.710742 0.697344 -0.100725
v -0.698723 0.666167 -0.182784
v -0.793884 0.698688 -0.113773
v -0.788401 0.673550 -0.195995
v -0.819355 0.681877 -0.126712
v -0.814955 0.663904 -0.185562
v 0.363879 0.877245 0.085202
v 0.366893 0.861535 0.091375
v 0.349731 0.897820 0.077541
v 0.333101 0.903024 0.068161
v 0.307479 0.894746 0.061226
v 0.306402 0.874897 0.065719
v 0.291745 0.878963 0.068506
v 0.271896 0.906195 0.059193
v 0.244010 0.911448 0.051949
v 0.222975 0.895496 0.049940
v -0.834357 0.508209 -0.498481
v -0.837988 0.563157 -0.330462
v -0.845395 0.596695 -0.194376
v 0.141788 0.848536 0.250095
v 0.130653 0.830164 0.238088
v 0.144269 0.833383 0.253992
v 0.164638 0.842485 0.259571
v 0.169153 0.833577 0.253665
v 0.154072 0.820699 0.245254
v 0.140323 0.821183 0.232715
v 0.345604 0.678778 -0.256497
v 0.347522 0.678294 -0.259034
v 0.379983 0.649791 -0.228634
v 0.334953 0.711892 -0.265629
v 0.336054 0.710476 -0.270247
v 0.336345 0.760002 -0.269648
v 0.336902 0.760014 -0.274520
v 0.354294 0.811985 -0.262659
v 0.355710 0.815228 -0.268486
v 0.392685 0.848536 -0.241636
v 0.393362 0.851526 -0.247518
v 0.461660 0.865347 -0.192860
v 0.462604 0.872900 -0.199063
v 0.492620 0.858037 -0.181980
v 0.493443 0.864222 -0.192146
v 0.533226 0.848536 -0.241634
v 0.539302 0.842170 -0.239115
v 0.523210 0.844058 -0.269477
vn 0.8939 0.4155 -0.1685
vn 0.9151 -0.4018 0.0342
vn 0.9197 -0.2956 -0.2582
vn 0.4545 0.8902 -0.0316
vn 0.8672 0.3096 0.3900
vn 0.9147 -0.3881 0.1125
vn 0.4264 -0.8371 -0.3428
vn 0.8817 -0.4155 0.2234
vn 0.3436 -0.9218 -0.1793
vn 0.2837 -0.9566 -0.0668
vn -0.2888 -0.8648 -0.4107
vn 0.3703 -0.9141 -0.1654
vn -0.2749 -0.8271 -0.4903
vn -0.2611 -0.7844 -0.5626
vn 0.4311 -0.8118 -0.3938
vn -0.2980 -0.8322 -0.4676
vn -0.6980 -0.4310 -0.5718
vn -0.7070 -0.4192 -0.5696
vn 0.9205 -0.2946 -0.2568
vn 0.4078 -0.8396 -0.3589
vn -0.2035 -0.7755 -0.5977
vn -0.7345 -0.3908 -0.5548
vn -0.7115 -0.4219 -0.5619
vn -0.8266 0.1656 -0.5379
vn -0.9270 0.2256 0.2997
vn -0.9754 -0.1911 0.1100
vn -0.4622 -0.7088 0.5329
vn 0.8155 -0.3397 0.4685
vn -0.5471 -0.5061 -0.6667
vn -0.8724 0.1838 -0.4529
vn -0.7273 -0.3384 -0.5971
vn -0.0092 -0.6596 -0.7516
vn -0.8189 0.4008 -0.4108
vn -0.3298 -0.0942 -0.9393
vn -0.5128 0.5367 -0.6701
vn 0.8045 0.3958 0.4428
vn 0.0979 -0.9940 -0.0478
vn 0.7609 0.3242 0.5621
vn 0.5033 -0.8549 0.1255
vn 0.5935 0.5397 0.5970
vn 0.1400 -0.5574 0.8184
vn -0.1315 0.7974 -0.5889
vn 0.4602 0.7585 0.4613
vn -0.3874 0.9197 0.0638
vn 0.8174 0.3148 0.4825
vn 0.3779 0.8504 0.3661
vn -0.3408 0.9393 0.0386
vn 0.8446 0.2740 0.4601
vn 0.8324 0.2921 0.4709
vn 0.8218 -0.4627 0.3326
vn -0.0025 0.8945 -0.4470
vn -0.5097 0.5416 -0.6684
vn -0.8194 0.4000 -0.4105
vn -0.8724 0.1843 -0.4526
vn -0.8615 0.2340 -0.4505
vn 0.5541 -0.3364 0.7615
vn -0.7911 0.1623 -0.5898
vn -0.7065 -0.4573 -0.5402
vn -0.7565 -0.4589 -0.4659
vn -0.7724 0.2875 -0.5663
vn -0.3424 -0.9020 -0.2630
vn -0.4174 -0.8843 -0.2095
vn -0.6644 -0.4801 -0.5728
vn -0.6754 -0.5246 -0.5183
vn -0.8719 0.1486 -0.4666
vn -0.6684 -0.4903 -0.5593
vn -0.1916 -0.8889 -0.4161
vn -0.1396 -0.8482 -0.5110
vn 0.3464 -0.9184 -0.1910
vn -0.2417 -0.9059 -0.3477
vn 0.2677 -0.9635 -0.0026
vn 0.1920 -0.9779 0.0833
vn 0.7137 -0.5756 0.3991
vn 0.1450 -0.9873 0.0644
vn 0.5777 -0.7428 0.3385
vn 0.8376 0.1618 0.5217
vn 0.7688 0.2552 0.5863
vn 0.7317 -0.6085 0.3070
vn 0.7890 -0.6035 0.1149
vn 0.4161 -0.8532 -0.3145
vn 0.4786 -0.7982 -0.3658
vn -0.1097 -0.7924 -0.6001
vn -0.6554 -0.3924 -0.6454
vn -0.7880 0.3889 -0.4772
vn -0.2881 -0.1031 -0.9520
vn -0.4311 0.5362 -0.7257
vn 0.0526 -0.6215 -0.7816
vn 0.8980 0.1018 0.4281
vn 0.8418 -0.5398 0.0031
vn 0.8976 -0.4397 -0.0309
vn 0.9265 -0.2919 -0.2376
vn 0.5184 -0.7679 -0.3762
vn 0.0501 -0.6203 -0.7828
vn -0.2391 0.9635 0.1202
vn 0.4620 0.7997 0.3835
vn -0.2327 0.9721 0.0308
vn 0.5725 0.6664 0.4777
vn -0.1321 0.9735 -0.1867
vn 0.6657 0.6651 0.3384
vn 0.8836 0.1141 0.4542
vn 0.8979 0.1413 0.4170
vn 0.9090 0.2192 0.3544
vn 0.9272 0.3446 -0.1468
vn 0.9289 -0.2880 -0.2329
vn 0.5082 0.8592 -0.0586
vn 0.0714 0.8812 -0.4673
vn -0.4316 0.5363 -0.7253
vn -0.7882 0.3871 -0.4784
vn -0.8719 0.1477 -0.4669
vn -0.7912 0.1615 -0.5898
vn -0.1393 0.9453 -0.2948
vn 0.7927 0.1026 0.6009
vn -0.7729 0.2877 -0.5655
vn 0.6041 -0.1826 -0.7757
vn 0.9274 0.3436 -0.1475
vn 0.9272 -0.2895 -0.2377
vn 0.4850 0.3001 -0.8214
vn 0.0513 -0.6216 -0.7817
vn -0.2872 -0.1034 -0.9523
vn -0.4295 0.5360 -0.7268
vn 0.0721 0.8803 -0.4690
vn 0.5102 0.8577 -0.0632
vn 0.8298 0.0242 0.5575
vn 0.8084 -0.1761 0.5616
vn 0.6817 -0.5650 0.4649
vn 0.6969 -0.5478 0.4628
vn 0.1683 -0.9579 0.2324
vn 0.4278 -0.8681 0.2517
vn -0.5489 -0.8123 0.1972
vn 0.0420 -0.9905 -0.1306
vn -0.4434 -0.8476 -0.2916
vn -0.2275 -0.9033 -0.3637
vn -0.8697 0.3297 -0.3674
vn -0.7743 -0.4638 -0.4305
vn -0.8552 -0.4052 -0.3233
vn -0.8733 0.4426 -0.2035
vn -0.2808 0.9285 -0.2430
vn -0.7812 0.6231 -0.0391
vn -0.6972 0.7165 0.0232
vn -0.1626 0.9809 -0.1068
vn -0.0064 1.0000 -0.0069
vn -0.6103 0.7801 0.1381
vn -0.4384 0.8070 0.3957
vn 0.0849 0.9644 0.2504
vn 0.0439 0.9106 0.4109
vn -0.7318 0.4840 0.4799
vn 0.4808 0.6655 0.5709
vn 0.7608 0.6048 0.2355
vn 0.4161 0.1972 0.8877
vn 0.7215 0.2613 0.6412
vn 0.0709 0.9886 0.1329
vn 0.4870 0.7153 0.5011
vn 0.1427 0.9580 0.2489
vn -0.2362 0.9705 -0.0485
vn 0.1795 0.9793 0.0940
vn 0.7256 0.5306 0.4382
vn 0.2166 0.9760 0.0237
vn 0.3376 0.9347 -0.1111
vn 0.8286 0.4698 0.3045
vn 0.3090 0.9480 -0.0763
vn 0.8286 0.4728 0.2997
vn 0.6702 0.5517 0.4964
vn 0.7147 0.4477 0.5374
vn 0.8751 -0.1190 0.4691
vn 0.8706 -0.0164 0.4917
vn 0.8123 -0.4515 0.3692
vn 0.6734 -0.6881 0.2702
vn 0.3833 -0.9183 0.0990
vn -0.2233 -0.9333 -0.2811
vn 0.1641 -0.9714 -0.1714
vn -0.2030 -0.8739 -0.4417
vn -0.1597 -0.8962 -0.4138
vn 0.5602 -0.8074 0.1853
vn 0.9110 -0.1856 0.3683
vn -0.5574 -0.4478 -0.6991
vn -0.6369 -0.3862 -0.6672
vn -0.5205 -0.6787 -0.5181
vn -0.5260 -0.4683 -0.7099
vn -0.5767 -0.4600 -0.6752
vn -0.0957 -0.9469 -0.3071
vn -0.6453 -0.4689 -0.6031
vn -0.1614 -0.9514 -0.2622
vn -0.1726 -0.9579 -0.2294
vn 0.3591 -0.9263 0.1141
vn 0.2643 -0.9643 0.0138
vn 0.5721 -0.7712 0.2794
vn 0.6284 -0.7240 0.2844
vn 0.8011 -0.2501 0.5437
vn 0.8729 -0.1226 0.4723
vn 0.9021 -0.2320 0.3637
vn 0.7239 -0.5671 0.3928
vn -0.6036 -0.5135 -0.6099
vn 0.6893 0.4898 0.5338
vn 0.2724 -0.9588 -0.0810
vn 0.1532 -0.9850 -0.0793
vn -0.5737 0.7032 -0.4201
vn 0.1906 0.9556 -0.2246
vn 0.0397 0.9446 -0.3257
vn -0.1250 0.8991 -0.4196
vn -0.1386 0.7980 -0.5864
vn -0.7204 0.3485 -0.5996
vn -0.3781 0.3195 -0.8689
vn -0.8794 -0.2663 -0.3947
vn -0.5939 -0.4686 -0.6541
vn -0.6370 0.2866 -0.7156
vn -0.5568 -0.4730 -0.6828
vn -0.6205 0.2700 -0.7363
vn -0.5572 -0.5062 -0.6582
vn -0.6936 0.2532 -0.6744
vn -0.6298 -0.5061 -0.5892
vn -0.7509 0.2250 -0.6209
vn -0.3389 0.8342 -0.4350
vn -0.3965 0.8255 -0.4016
vn -0.7339 -0.4974 -0.4626
vn -0.3453 0.7987 -0.4928
vn -0.2930 0.7949 -0.5312
vn -0.1803 0.9687 0.1707
vn 0.3847 0.6368 0.6682
vn 0.1444 0.5438 0.8267
vn 0.0534 0.5207 0.8521
vn 0.3786 -0.4004 0.8345
vn 0.4603 -0.5169 0.7217
vn 0.6920 -0.0584 0.7195
vn 0.1828 0.0233 0.9829
vn -0.7751 0.2728 0.5699
vn -0.7468 0.1182 0.6545
vn -0.7737 0.1681 0.6108
vn -0.7047 0.2449 0.6658
vn -0.5778 0.0099 0.8161
vn -0.6459 0.1414 0.7502
vn -0.5674 0.2206 0.7933
vn -0.6132 0.3203 0.7221
vn -0.4436 0.3951 0.8044
vn -0.5352 0.5243 0.6623
vn 0.0111 -0.5048 0.8632
vn -0.8649 0.3636 -0.3461
vn -0.2571 -0.4760 0.8411
vn -0.0552 -0.2724 0.9606
vn -0.0996 -0.0714 0.9925
vn 0.0955 0.0227 0.9952
vn -0.0930 0.0369 0.9950
vn 0.0199 0.3343 0.9423
vn 0.1666 0.3858 0.9074
vn -0.1594 0.5154 0.8420
vn -0.2822 0.3133 0.9068
vn -0.5913 0.4806 0.6476
vn 0.2355 0.4405 0.8663
vn 0.5038 0.4875 0.7131
vn 0.6358 0.5316 0.5597
vn 0.6373 0.5657 0.5233
vn 0.5600 0.6994 0.4441
vn 0.5861 0.6082 0.5353
vn 0.4956 0.7768 0.3885
vn -0.6008 -0.6944 -0.3960
vn -0.0701 0.9928 0.0969
vn -0.0065 0.9989 0.0474
vn 0.3583 0.8416 0.4042
vn 0.3727 0.8295 0.4160
vn -0.6527 -0.4325 -0.6220
vn -0.2511 -0.7444 -0.6187
vn -0.7257 -0.6277 -0.2816
vn -0.5837 -0.5817 -0.5665
vn 0.0665 -0.7289 -0.6814
vn -0.2333 -0.7858 -0.5728
vn -0.6374 -0.7678 -0.0644
vn -0.4939 -0.8107 0.3144
vn -0.7909 -0.6036 -0.1004
vn -0.3053 -0.9484 -0.0854
vn -0.3018 -0.9339 -0.1916
vn 0.3037 -0.8959 -0.3241
vn 0.3639 -0.9274 -0.0873
vn 0.2969 -0.9549 0.0037
vn -0.3478 -0.9375 -0.0124
vn -0.3851 -0.9052 -0.1797
vn -0.8893 -0.2692 -0.3698
vn -0.3175 -0.6561 -0.6847
vn 0.4293 -0.6933 -0.5788
vn 0.4173 -0.8736 -0.2504
vn -0.3864 -0.9179 -0.0907
vn -0.8415 -0.5333 -0.0867
vn -0.8083 -0.5828 -0.0837
vn -0.9896 0.1437 -0.0007
vn -0.9878 0.1480 -0.0475
vn -0.6044 0.7957 0.0393
vn -0.6170 0.7870 0.0036
vn 0.0297 0.9979 0.0579
vn -0.6380 0.7691 -0.0380
vn -0.0036 0.9983 0.0577
vn -0.0910 0.9943 -0.0554
vn 0.0085 0.9999 0.0105
vn 0.5872 0.8070 0.0632
vn 0.6795 0.7336 -0.0080
vn 0.4278 0.9013 -0.0681
vn 0.7675 0.6037 -0.2154
vn -0.1645 0.9820 -0.0925
vn 0.5688 0.8001 -0.1904
vn 0.4935 0.6639 -0.5618
vn -0.1860 0.8139 -0.5504
vn -0.7031 0.6973 -0.1393
vn -0.7237 0.6194 -0.3042
vn -0.9876 0.1523 -0.0368
vn -0.9710 0.1635 -0.1747
vn -0.9043 -0.3894 -0.1746
vn -0.8706 -0.4604 -0.1734
vn -0.9826 0.1581 -0.0976
vn -0.9632 0.1696 -0.2086
vn -0.6573 0.7391 -0.1469
vn -0.1351 0.1006 -0.9857
vn -0.7241 0.6193 -0.3034
vn -0.1867 0.8138 -0.5504
vn 0.6713 -0.0696 -0.7379
vn 0.4277 -0.6936 -0.5797
vn -0.3183 -0.6563 -0.6840
vn -0.6016 0.1749 -0.7794
vn -0.8878 -0.2694 -0.3732
vn 0.4939 0.6637 -0.5618
vn 0.2982 -0.9545 0.0041
vn 0.4177 -0.8734 -0.2503
vn 0.9470 -0.1418 -0.2883
vn 0.9832 -0.1716 0.0615
vn 0.9787 -0.1928 -0.0704
vn 0.9053 -0.1777 -0.3857
vn 0.3056 -0.8953 -0.3241
vn 0.3640 -0.9273 -0.0873
vn 0.4940 0.6635 -0.5619
vn 0.6718 -0.0696 -0.7374
vn 0.4292 -0.6935 -0.5787
vn 0.4916 0.7930 0.3598
vn -0.5563 0.7698 -0.3129
vn 0.2713 0.8819 -0.3855
vn -0.0003 0.8513 0.5246
vn 0.7551 -0.0874 0.6497
vn 0.9648 0.0793 0.2508
vn -0.8669 -0.4982 0.0180
vn -0.2712 -0.9576 -0.0976
vn -0.0447 -0.9866 0.1569
vn -0.8487 -0.5159 -0.1162
vn -0.9716 0.2040 -0.1199
vn -0.9825 0.1847 -0.0241
vn -0.7356 0.6486 0.1952
vn 0.3322 0.5348 0.7770
vn 0.9275 0.2429 0.2840
vn 0.3594 0.6502 0.6694
vn 0.3376 0.9331 0.1242
vn -0.3068 0.9290 0.2068
vn -0.4282 0.7058 0.5644
vn -0.6577 0.6715 -0.3414
vn -0.9378 0.3436 0.0500
vn -0.6891 0.0890 -0.7192
vn -0.7939 -0.1515 -0.5889
vn 0.8388 0.5441 0.0220
vn -0.9735 0.2156 0.0767
vn -0.8122 -0.4039 -0.4210
vn -0.2536 -0.7609 -0.5972
vn -0.5612 0.5435 0.6242
vn -0.9568 0.2405 0.1634
vn -0.8504 -0.2081 -0.4832
vn -0.2454 -0.5094 -0.8248
vn 0.4248 -0.5303 -0.7337
vn -0.2157 -0.4446 -0.8694
vn 0.3596 -0.5024 -0.7863
vn -0.9525 0.2690 0.1429
vn -0.8160 -0.1783 -0.5499
vn 0.9365 -0.2234 -0.2701
vn 0.4408 -0.7144 -0.5435
vn 0.8983 -0.3077 -0.3138
vn 0.8797 -0.3349 -0.3376
vn 0.8812 -0.2851 -0.3772
vn 0.3212 -0.5150 -0.7947
vn -0.2359 -0.4580 -0.8571
vn -0.2641 -0.5137 -0.8163
vn 0.3323 -0.2458 -0.9106
vn 0.7581 0.2253 -0.6120
vn 0.8386 0.5443 0.0228
vn 0.9270 0.2438 0.2849
vn 0.9789 0.0751 0.1901
vn 0.9007 -0.3256 -0.2875
vn 0.7143 -0.4488 0.5370
vn 0.8545 -0.2352 0.4632
vn -0.2230 -0.9698 0.0987
vn 0.2783 0.7051 0.6522
vn 0.8492 0.0664 0.5239
vn -0.6581 0.6713 -0.3409
vn -0.3061 0.9290 0.2081
vn 0.3379 0.9330 0.1241
vn 0.1034 0.7477 -0.6559
vn -0.6905 0.0880 -0.7179
vn -0.0411 0.4796 -0.8765
vn 0.7579 0.2247 -0.6125
vn 0.3312 -0.2432 -0.9117
vn 0.8392 0.5433 0.0233
vn 0.6053 0.6718 0.4271
vn -0.9763 0.1367 0.1675
vn -0.9949 -0.0925 0.0393
vn 0.3609 0.7439 -0.5624
vn -0.9372 0.0345 -0.3472
vn -0.5800 -0.0616 0.8123
vn -0.2568 0.2435 -0.9353
vn 0.5513 0.7645 0.3342
vn 0.0812 0.6977 -0.7117
vn 0.2542 -0.8560 -0.4502
vn -0.4031 -0.7989 -0.4464
vn -0.8109 -0.5209 -0.2667
vn -0.9825 0.1723 -0.0708
vn -0.5777 0.8159 -0.0211
vn -0.1821 -0.3667 0.9124
vn -0.1375 -0.4097 0.9018
vn 0.2191 0.6987 0.6811
vn 0.1251 0.8026 -0.5832
vn -0.3078 0.5451 -0.7798
vn 0.4643 0.8850 0.0351
vn -0.4843 0.5696 -0.6641
vn -0.0302 0.9992 -0.0279
vn -0.0632 0.9970 -0.0450
vn -0.5331 0.8411 0.0912
vn -0.7319 -0.6741 0.0996
vn -0.6085 -0.0131 0.7935
vn -0.5014 0.1355 0.8545
vn -0.4752 0.7400 0.4760
vn -0.1625 0.3990 0.9024
vn -0.5516 0.5717 -0.6074
vn -0.4450 0.7749 -0.4489
vn 0.1127 0.8920 -0.4377
vn -0.6507 0.5119 -0.5609
vn 0.3995 0.8090 -0.4313
vn -0.7098 -0.3749 0.5964
vn -0.7514 -0.4686 0.4646
vn -0.1623 0.4956 -0.8532
vn -0.1394 0.8287 0.5421
vn -0.5874 0.0110 0.8092
vn -0.9896 -0.1065 -0.0967
vn -0.9390 -0.3182 0.1301
vn 0.6601 -0.6812 0.3166
vn 0.8178 0.5740 -0.0415
vn 0.8022 0.5969 0.0158
vn -0.8372 -0.3413 0.4274
vn 0.7773 0.6286 0.0256
vn 0.6946 0.7002 0.1653
vn 0.0087 0.9819 0.1894
vn 0.4939 0.5936 0.6353
vn 0.4339 0.8688 0.2385
vn 0.8887 -0.3137 -0.3343
vn 0.7980 0.5984 0.0710
vn 0.3835 0.8706 0.3083
vn 0.5581 0.7721 0.3041
vn -0.4703 -0.8022 0.3679
vn 0.5975 -0.5821 0.5515
vn -0.3397 -0.1649 0.9260
vn -0.3208 0.9467 0.0302
vn 0.3967 -0.8735 0.2820
vn 0.6127 0.7752 0.1538
vn 0.7377 0.6091 -0.2911
vn 0.7155 0.3605 0.5984
vn -0.5618 0.0706 -0.8243
vn -0.9159 -0.4011 0.0125
vn -0.9382 0.2517 -0.2375
vn -0.8628 0.1493 -0.4831
vn -0.8204 -0.5070 -0.2643
vn -0.0853 -0.9922 -0.0904
vn 0.5128 -0.8439 0.1575
vn -0.4898 -0.8358 0.2481
vn -0.2993 0.6011 -0.7410
vn -0.4669 0.7702 -0.4346
vn -0.5291 0.6028 -0.5972
vn -0.6987 0.0908 -0.7097
vn -0.6731 -0.5080 -0.5374
vn 0.1102 -0.9670 -0.2299
vn 0.9390 -0.2874 0.1889
vn -0.1350 -0.9878 -0.0778
vn 0.1834 -0.9791 0.0876
vn -0.2225 -0.3490 0.9103
vn -0.6659 -0.7278 0.1638
vn 0.1912 -0.9251 -0.3281
vn -0.3668 -0.7685 0.5243
vn -0.2982 -0.5322 -0.7923
vn -0.2067 -0.8736 0.4406
vn -0.5890 -0.7691 -0.2482
vn 0.5495 -0.8018 -0.2348
vn -0.4129 -0.9068 0.0851
vn 0.0708 -0.9961 0.0531
vn 0.7103 -0.4837 -0.5114
vn 0.0913 0.2399 -0.9665
vn -0.4022 -0.3381 -0.8509
vn -0.4507 -0.6993 -0.5548
vn 0.2100 0.1047 -0.9721
vn 0.8147 0.1123 -0.5689
vn 0.9037 0.4265 -0.0368
vn 0.2214 -0.8603 -0.4593
vn 0.5016 -0.8576 -0.1135
vn 0.3486 -0.9253 -0.1494
vn 0.4124 -0.8905 0.1920
vn 0.1914 -0.8630 -0.4676
vn 0.3824 -0.7797 0.4958
vn 0.7430 -0.6467 -0.1722
vn 0.4072 -0.9057 -0.1176
vn 0.4108 -0.8356 -0.3646
vn -0.2475 -0.6658 -0.7039
vn 0.9952 -0.0870 -0.0442
vn 0.6162 -0.0886 0.7826
vn 0.8795 -0.4752 0.0255
vn 0.2921 -0.8311 -0.4733
vn -0.5897 -0.2743 -0.7596
vn 0.5392 -0.5036 -0.6750
vn 0.6270 -0.6895 0.3626
vn 0.9236 -0.3169 0.2159
vn 0.8372 -0.2588 0.4818
vn 0.6501 -0.6819 0.3351
vn 0.4430 -0.8382 0.3181
vn 0.7235 -0.6670 0.1782
vn 0.1543 -0.9850 0.0771
vn 0.8135 0.5658 -0.1341
vn 0.6674 -0.3263 0.6694
vn 0.8663 0.4532 0.2102
vn 0.9108 0.4123 -0.0219
vn 0.8696 0.4516 -0.1999
vn 0.9086 -0.4076 0.0913
vn 0.4640 -0.7361 0.4929
vn 0.7469 -0.6596 -0.0845
vn 0.7899 0.4664 0.3981
vn 0.8638 0.4519 -0.2227
vn 0.8354 0.4100 -0.3660
vn 0.9476 -0.2617 -0.1832
vn 0.9352 -0.3141 -0.1636
vn 0.8545 0.2391 -0.4611
vn -0.0474 0.6261 0.7783
vn -0.2292 0.5610 0.7955
vn -0.1595 0.4854 0.8596
vn -0.2083 0.3236 0.9230
vn -0.2081 0.3236 0.9230
vn -0.0773 0.2502 0.9651
vn -0.0775 0.2501 0.9651
vn 0.1031 0.3148 0.9435
vn 0.1035 0.3150 0.9434
vn 0.1025 0.4193 0.9020
vn 0.1024 0.4193 0.9021
vn -0.0309 0.3690 0.9289
vn -0.0304 0.3685 0.9291
vn -0.0788 0.1551 0.9847
vn -0.0790 0.1551 0.9847
vn -0.0375 0.0807 0.9960
vn -0.0379 0.0804 0.9960
vn -0.0300 0.1945 0.9804
vn -0.0300 0.1943 0.9805
vn -0.0253 0.1931 0.9809
vn -0.0256 0.1929 0.9809
vn 0.0897 0.4643 0.8811
vn 0.0895 0.4653 0.8806
vn 0.1423 0.6635 0.7346
vn 0.1425 0.6633 0.7347
vn 0.0820 0.6526 0.7532
vn 0.0817 0.6526 0.7533
vn 0.0409 0.6502 0.7586
vn 0.0405 0.6502 0.7587
vn -0.0708 0.6358 0.7686
vn -0.2969 0.6283 0.7191
vn -0.5673 0.4875 0.6637
vn -0.5669 0.4878 0.6639
vn -0.7234 0.2618 0.6389
vn -0.7235 0.2616 0.6389
vn -0.7410 -0.0629 0.6685
vn -0.7409 -0.0621 0.6688
vn -0.5438 -0.3073 0.7809
vn -0.5439 -0.3072 0.7809
vn -0.2802 -0.3432 0.8965
vn -0.2802 -0.3433 0.8965
vn 0.1382 -0.3369 0.9314
vn 0.1383 -0.3370 0.9313
vn -0.6767 -0.1563 -0.7195
vn 0.5641 -0.7776 0.2778
vn -0.8152 -0.5676 0.1157
vn 0.7957 0.4765 -0.3739
vn -0.6011 -0.7188 -0.3493
vn -0.6246 -0.6839 -0.3770
vn -0.8125 -0.5650 -0.1435
vn -0.9899 -0.1169 0.0807
vn -0.4394 -0.7036 -0.5585
vn -0.4388 -0.7038 -0.5587
vn -0.6938 0.4043 -0.5960
vn -0.8169 0.0691 -0.5727
vn -0.9269 0.3342 0.1708
vn -0.9312 0.3523 0.0932
vn 0.7067 -0.5600 -0.4323
vn 0.6922 -0.5929 -0.4115
vn 0.9908 -0.0060 0.1350
vn -0.8821 -0.4415 -0.1641
vn -0.9068 0.2560 -0.3350
vn -0.9505 0.1967 -0.2406
vn -0.3492 0.8682 -0.3526
vn -0.3179 0.9465 -0.0548
vn 0.4884 0.8421 -0.2287
vn 0.3856 0.9224 0.0218
vn 0.8717 0.4631 -0.1602
vn 0.8345 0.5505 -0.0226
vn 0.7708 0.6368 -0.0149
vn 0.4545 0.8828 0.1184
vn 0.3954 0.9170 0.0526
vn 0.2450 0.9646 0.0972
vn -0.0231 0.9965 0.0808
vn -0.3142 0.8542 -0.4144
vn -0.9085 0.2320 -0.3474
vn 0.5233 0.7799 -0.3433
vn 0.8790 0.4393 -0.1855
vn -0.4167 -0.8941 -0.1642
vn -0.7194 -0.6828 -0.1276
vn -0.9585 -0.2280 -0.1709
vn -0.9734 0.2239 -0.0484
vn -0.8250 0.5643 0.0318
vn -0.4946 0.8685 0.0336
vn -0.0169 0.9992 0.0349
vn 0.7093 -0.7009 -0.0750
vn 0.2299 -0.9624 -0.1449
vn 0.2473 -0.9569 -0.1522
vn -0.4212 -0.8864 -0.1921
vn -0.8849 -0.3708 -0.2818
vn -0.9271 -0.2842 -0.2444
vn -0.9301 0.3116 -0.1942
vn -0.2874 0.9205 -0.2647
vn 0.5215 0.8216 -0.2301
vn 0.8821 0.4618 -0.0924
vn -0.9287 0.2686 -0.2558
vn 0.9501 -0.2978 -0.0926
vn 0.9506 -0.2732 0.1472
vn 0.9097 0.4150 0.0126
vn 0.3732 0.9213 -0.1088
vn -0.2925 -0.9527 -0.0831
vn -0.3764 -0.9094 0.1770
vn 0.7593 -0.6444 -0.0906
vn 0.2165 -0.9571 0.1926
vn -0.4174 0.9031 -0.1005
vn -0.9548 0.2852 -0.0835
vn -0.8456 -0.5333 0.0208
vn -0.3132 -0.9465 -0.0781
vn -0.4074 -0.8802 0.2435
vn 0.2114 -0.9474 0.2401
vn 0.9530 -0.2717 -0.1341
vn 0.9771 -0.1925 -0.0910
vn 0.9732 -0.2255 -0.0459
vn 0.9568 -0.2695 -0.1089
vn -0.4649 -0.8848 0.0324
vn -0.0156 -0.9916 0.1283
vn 0.5216 -0.8386 0.1571
vn 0.9495 -0.3025 0.0837
vn 0.9410 -0.2780 0.1930
vn 0.5085 -0.7965 0.3271
vn -0.0614 -0.9493 0.3083
vn -0.5211 -0.8274 0.2094
vn -0.9306 -0.3660 0.0015
vn -0.7558 0.6386 0.1446
vn 0.4087 -0.6140 0.6752
vn 0.6377 -0.7517 0.1678
vn 0.3655 0.2449 -0.8980
vn -0.7404 0.6582 0.1363
vn -0.7484 -0.6447 0.1559
vn -0.3859 -0.8931 -0.2313
vn -0.4599 0.4552 -0.7624
vn 0.0203 0.3856 -0.9224
vn 0.1014 0.6742 -0.7316
vn -0.3607 -0.1107 -0.9261
vn -0.3460 -0.6572 -0.6696
vn 0.8754 0.3807 -0.2981
vn 0.8549 0.2396 -0.4601
vn 0.2097 0.7420 -0.6367
vn 0.0105 0.7881 -0.6155
vn 0.8242 0.5302 -0.1989
vn -0.0803 0.8900 -0.4489
vn -0.0436 -0.4133 0.9096
vn 0.0423 0.3051 -0.9514
vn 0.0230 0.8449 -0.5344
vn 0.4624 0.6202 -0.6337
vn -0.1745 0.5184 -0.8372
vn 0.3104 0.8645 -0.3954
vn 0.0260 -0.8939 -0.4474
vn 0.1064 0.9801 -0.1676
vn 0.5204 -0.5511 -0.6523
vn 0.1492 0.8547 -0.4972
vn 0.0873 -0.9902 0.1091
vn -0.0798 -0.9795 0.1848
vn -0.4813 -0.3402 0.8079
vn 0.6444 -0.3675 -0.6706
vn 0.9395 0.3411 -0.0319
vn 0.1415 0.9040 -0.4033
vn 0.0526 -0.2608 -0.9640
vn 0.7981 0.4707 0.3762
vn 0.8644 0.4569 0.2099
vn 0.9776 0.1854 0.0993
vn -0.5346 -0.5944 0.6008
vn -0.3695 -0.5374 0.7581
vn 0.8677 0.4644 -0.1771
vn 0.9211 0.3447 -0.1811
vn 0.8864 0.4156 -0.2039
vn 0.9114 0.4108 -0.0243
vn 0.0488 0.9544 -0.2946
vn -0.8099 0.3744 0.4516
vn -0.3526 0.2238 0.9086
vn -0.6943 0.4806 0.5358
vn -0.9823 0.1855 -0.0258
vn -0.6351 -0.7261 0.2635
vn 0.0183 -0.9622 -0.2718
vn -0.9810 0.1892 0.0434
vn -0.2475 -0.9490 -0.1954
vn 0.5546 -0.7864 0.2720
vn -0.3185 -0.9444 0.0813
vn -0.9650 -0.2606 -0.0304
vn -0.7752 -0.4506 -0.4427
vn -0.7843 -0.1836 -0.5926
vn -0.9916 0.1285 0.0130
vn -0.7451 0.4174 0.5202
vn 0.2803 0.5126 0.8116
vn 0.4548 0.8230 0.3404
vn 0.9660 0.1180 0.2301
vn 0.7122 0.0734 0.6982
vn 0.9499 0.3100 0.0403
vn 0.3360 0.9149 -0.2237
vn -0.7588 0.0239 -0.6508
vn 0.9168 0.1470 0.3713
vn 0.2909 0.2627 0.9200
vn -0.2265 -0.4873 -0.8433
vn -0.2573 -0.1330 -0.9571
vn -0.1517 -0.8116 -0.5641
vn 0.4790 -0.4772 -0.7367
vn 0.4664 -0.1988 -0.8619
vn -0.5711 0.2785 0.7722
vn -0.9810 0.1868 0.0530
vn -0.7928 0.1334 -0.5946
vn -0.3007 0.0736 -0.9509
vn 0.4586 0.0361 -0.8879
vn 0.9487 0.0564 -0.3110
vn 0.9541 -0.0995 -0.2824
vn 0.9457 -0.2078 -0.2500
vn 0.5070 -0.7254 -0.4655
vn 0.2314 -0.9582 0.1684
vn 0.8070 0.4897 0.3300
vn 0.2514 0.7123 0.6553
vn -0.4433 0.6343 0.6334
vn -0.7358 0.6726 0.0783
vn -0.7284 0.4622 -0.5057
vn -0.2897 0.0737 -0.9543
vn 0.4878 0.4821 -0.7277
vn 0.7824 0.5914 -0.1954
vn 0.8027 0.4928 0.3358
vn 0.9058 0.1760 0.3853
vn 0.9618 0.1326 0.2395
vn 0.9381 -0.3010 -0.1710
vn 0.7361 -0.4353 0.5184
vn 0.4851 -0.3946 0.7804
vn 0.7343 0.4903 0.4695
vn 0.5786 0.6048 -0.5472
vn 0.8128 0.0238 0.5821
vn -0.7320 0.6771 0.0762
vn -0.4449 0.6316 0.6349
vn 0.2505 0.7119 0.6561
vn 0.0880 0.9961 -0.0008
vn -0.7307 0.4339 -0.5271
vn 0.0064 0.9476 -0.3195
vn 0.7890 0.5798 -0.2030
vn 0.4930 0.4492 -0.7451
vn 0.8057 0.4909 0.3314
vn -0.6282 -0.2392 -0.7404
vn -0.4791 -0.0060 -0.8778
vn 0.0947 -0.4993 -0.8613
vn 0.0896 -0.4544 -0.8863
vn -0.6789 -0.2649 -0.6848
vn 0.6108 -0.2111 -0.7631
vn 0.8463 0.3245 -0.4225
vn 0.6142 -0.2142 -0.7595
vn 0.1053 0.3355 -0.9362
vn 0.1191 0.7205 -0.6831
vn -0.4773 -0.0050 -0.8787
vn -0.6666 0.5634 -0.4881
vn 0.0802 0.9892 0.1228
vn -0.5216 0.8481 0.0932
vn 0.6771 0.7214 0.1454
vn 0.0481 -0.6719 -0.7391
vn 0.0688 -0.5018 -0.8623
vn 0.6910 -0.4118 -0.5941
vn 0.8460 0.3249 -0.4228
vn 0.9923 -0.1057 -0.0646
vn 0.6778 0.7203 0.1474
vn 0.7855 0.4329 0.4423
vn 0.9834 -0.1719 -0.0576
vn 0.8988 0.2731 0.3429
vn 0.9766 -0.1948 -0.0910
vn 0.9678 -0.2501 -0.0286
vn 0.6566 -0.6846 -0.3167
vn 0.7603 -0.4613 0.4574
vn 0.6367 -0.7251 0.2624
vn -0.2056 0.4553 0.8663
vn -0.0326 -0.9957 -0.0863
vn -0.1147 -0.9855 0.1249
vn 0.9106 0.3472 0.2243
vn 0.8542 -0.3723 0.3629
vn 0.1357 -0.4030 0.9051
vn -0.9835 0.1322 -0.1239
vn -0.9656 0.1987 -0.1677
vn -0.7177 -0.3538 -0.5998
vn -0.6733 -0.5858 -0.4511
vn 0.0553 -0.8725 -0.4855
vn 0.6915 -0.5445 -0.4747
vn 0.7156 -0.4441 -0.5391
vn -0.9852 0.1356 -0.1048
vn -0.7967 0.5061 0.3304
vn -0.6981 0.6120 0.3718
vn 0.0293 0.7484 0.6626
vn 0.0566 0.7203 0.6914
vn -0.8060 0.5853 -0.0881
vn -0.9872 0.0834 -0.1357
vn -0.6154 -0.7119 0.3383
vn -0.9894 0.0678 -0.1284
vn -0.1255 -0.9906 0.0540
vn -0.9110 -0.3733 0.1754
vn -0.7724 0.5177 -0.3680
vn 0.1609 0.9847 0.0663
vn 0.8973 0.2570 0.3589
vn 0.7860 0.4324 0.4419
vn 0.0798 0.9892 0.1231
vn -0.5213 0.8485 0.0912
vn -0.6679 0.5632 -0.4865
vn -0.4791 -0.0060 -0.8777
vn 0.6788 0.7195 0.1467
vn 0.1849 -0.9769 0.1071
vn -0.8284 -0.4395 0.3472
vn 0.9001 0.3875 0.1989
vn 0.9606 -0.2674 0.0758
vn 0.8972 0.3859 0.2146
vn 0.9199 0.3860 0.0687
vn 0.9635 -0.2370 0.1246
vn 0.8627 0.5024 0.0588
vn 0.9496 -0.2301 0.2130
vn 0.6310 -0.7410 0.2297
vn -0.6544 -0.7478 -0.1126
vn 0.0250 -0.9982 0.0541
vn 0.0720 -0.9948 0.0722
vn 0.6191 -0.7723 0.1425
vn 0.6050 -0.7961 0.0141
vn 0.9418 -0.3106 0.1283
vn 0.9567 -0.2771 0.0894
vn 0.7920 0.5982 0.1221
vn 0.9837 -0.1799 0.0050
vn 0.6730 0.6696 -0.3143
vn 0.8652 0.0298 -0.5005
vn 0.6562 -0.7032 -0.2737
vn 0.6266 -0.5662 -0.5355
vn -0.6453 -0.7564 -0.1075
vn -0.9552 -0.1339 -0.2638
vn -0.5892 -0.7869 -0.1835
vn 0.0253 -0.9978 -0.0614
vn 0.6109 -0.7886 -0.0706
vn 0.6289 -0.7564 -0.1799
vn 0.1057 -0.9089 -0.4034
vn 0.0842 -0.8682 -0.4891
vn -0.4770 -0.7302 -0.4892
vn -0.5173 -0.6439 -0.5637
vn -0.9459 -0.1107 -0.3048
vn -0.5015 -0.7851 -0.3636
vn -0.9448 -0.1490 -0.2918
vn 0.0860 -0.9622 -0.2583
vn -0.4369 -0.4924 -0.7528
vn 0.0540 -0.8479 -0.5275
vn 0.6269 -0.5664 -0.5349
vn 0.7918 0.5985 0.1219
vn 0.6727 0.6698 -0.3144
vn 0.0684 0.8634 -0.4998
vn -0.0713 0.9957 0.0585
vn -0.5095 0.7100 -0.4861
vn -0.7606 0.6378 -0.1215
vn -0.6335 0.1144 -0.7653
vn -0.9293 -0.0334 -0.3678
vn -0.4322 -0.4957 -0.7533
vn -0.8730 0.4756 -0.1081
vn -0.8345 0.4918 -0.2483
vn -0.9740 -0.0873 -0.2090
vn -0.9722 0.0055 -0.2340
vn -0.0561 0.9938 -0.0957
vn -0.1248 0.9837 0.1297
vn -0.5187 0.8208 -0.2393
vn -0.5495 0.7492 -0.3697
vn 0.8624 0.5028 0.0589
vn 0.9200 0.3859 0.0686
vn 0.8976 0.3852 0.2145
vn 0.0681 0.8630 -0.5007
vn 0.6760 0.6683 -0.3106
vn 0.8654 0.0298 -0.5001
vn 0.1402 0.2216 -0.9650
vn 0.6260 -0.5677 -0.5346
vn 0.1321 -0.2783 -0.9514
vn -0.4317 -0.4950 -0.7540
vn -0.6324 0.1142 -0.7661
vn -0.5113 0.7090 -0.4857
vn 0.8585 -0.4778 -0.1865
vn 0.3935 -0.6799 -0.6187
vn 0.1815 -0.1265 -0.9752
vn 0.7947 0.2297 -0.5619
vn 0.9194 -0.0581 0.3889
vn 0.9190 0.3724 -0.1291
vn 0.3136 0.9012 -0.2991
vn 0.5048 0.8161 0.2813
vn -0.0455 0.6006 -0.7982
vn 0.7659 -0.1692 0.6203
vn 0.8581 -0.4778 -0.1882
vn 0.9189 -0.0590 0.3900
vn 0.5895 0.3915 0.7066
vn 0.6918 0.4086 0.5954
vn 0.5042 0.8161 0.2825
vn 0.4055 0.8529 0.3290
vn 0.0116 0.9984 -0.0555
vn -0.0602 0.9898 -0.1294
vn -0.3531 0.6653 -0.6579
vn -0.5697 0.6429 -0.5119
vn -0.3196 -0.3445 -0.8827
vn -0.6343 -0.3980 -0.6628
vn 0.1215 -0.9181 -0.3774
vn -0.0294 -0.9980 -0.0564
vn -0.0848 -0.9858 -0.1446
vn -0.5855 -0.4380 -0.6822
vn -0.4009 -0.2984 -0.8662
vn -0.5899 0.5746 -0.5673
vn -0.5061 0.4864 -0.7122
vn -0.2099 0.9722 -0.1035
vn -0.2160 0.9696 -0.1147
vn 0.2948 0.9082 0.2972
vn 0.1285 -0.9325 -0.3374
vn -0.0250 0.6012 -0.7987
vn 0.1868 -0.1275 -0.9741
vn 0.3916 -0.6806 -0.6192
vn -0.3970 0.8115 -0.4288
vn -0.1699 0.9778 -0.1230
vn 0.2801 0.9093 0.3078
vn 0.6906 0.3924 0.6076
vn 0.7001 0.3869 0.6001
vn 0.7577 -0.3879 0.5248
vn 0.7255 -0.3908 0.5665
vn 0.4848 -0.8554 0.1824
vn 0.4112 -0.8641 0.2902
vn -0.0500 -0.9841 -0.1704
vn 0.3742 -0.8422 0.3882
vn -0.0641 -0.9955 -0.0696
vn 0.4256 -0.8173 0.3884
vn 0.1346 -0.9206 -0.3665
vn 0.5476 -0.7891 0.2784
vn 0.3908 -0.6794 -0.6211
vn 0.0764 -0.9385 -0.3367
vn 0.7561 -0.2328 0.6116
vn 0.7197 -0.3252 0.6135
vn 0.7002 0.3989 0.5922
vn 0.3138 0.8993 0.3046
vn 0.3935 0.8850 0.2489
vn 0.7388 0.4160 0.5303
vn 0.0772 0.0941 0.9926
vn 0.9469 -0.0732 0.3130
vn 0.4456 0.2823 0.8495
vn -0.1449 0.8770 -0.4580
vn -0.1660 0.8001 0.5765
vn 0.0117 0.3176 -0.9482
vn -0.4991 0.8609 -0.0987
vn 0.8397 0.4755 -0.2623
vn 0.0472 0.9958 -0.0781
vn -0.6628 -0.2530 0.7048
vn -0.3210 0.4844 -0.8139
vn -0.7386 0.6739 -0.0193
vn 0.4015 0.6731 -0.6211
vn -0.6250 0.7685 -0.1373
vn -0.1732 0.9837 -0.0477
vn 0.2243 0.9193 0.3234
vn 0.6975 0.3950 0.5979
vn 0.8791 -0.2906 0.3778
vn 0.7772 -0.6291 -0.0120
vn -0.0520 0.7992 -0.5989
vn -0.5304 0.6907 -0.4916
vn 0.6892 -0.7246 0.0010
vn 0.0322 0.6250 -0.7799
vn -0.3986 0.7598 -0.5136
vn -0.1714 0.8192 -0.5473
vn -0.0990 0.8096 -0.5786
vn -0.1134 0.8240 -0.5551
vn 0.0162 0.7791 -0.6267
vn -0.8956 -0.0903 -0.4356
vn -0.7122 0.4958 0.4970
vn -0.1076 -0.0148 0.9941
vn -0.4208 -0.4320 0.7977
vn -0.7599 0.6152 -0.2099
vn -0.2585 0.9164 -0.3056
vn -0.4790 0.8120 -0.3335
vn -0.4888 0.7411 -0.4602
vn -0.5429 0.7246 -0.4245
vn -0.8247 -0.1266 -0.5512
vn -0.6615 0.0249 -0.7495
vn -0.5671 0.2021 -0.7985
vn -0.0376 0.7807 -0.6238
vn 0.6107 0.3706 -0.6998
vn -0.0436 0.7321 -0.6798
vn 0.2500 0.9519 0.1770
vn -0.8639 0.2248 -0.4507
vn -0.9297 0.2331 -0.2853
vn -0.5729 0.7063 -0.4158
vn 0.4423 0.8852 0.1439
vn -0.2774 0.9012 -0.3329
vn -0.0402 0.9722 -0.2308
vn -0.3186 0.9082 -0.2715
vn -0.5306 0.7470 -0.4007
vn -0.3090 0.8860 -0.3457
vn -0.2183 0.8260 -0.5197
vn -0.2325 0.7100 -0.6647
vn 0.1993 0.8391 -0.5062
vn 0.0097 0.6575 -0.7534
vn 0.3968 0.1493 -0.9057
vn 0.8536 0.2088 -0.4773
vn -0.3585 0.0990 -0.9283
vn -0.5128 0.2517 -0.8208
vn -0.1295 0.6990 -0.7033
vn 0.1965 0.8472 -0.4937
vn 0.2281 0.5590 -0.7971
vn 0.1396 0.8487 -0.5102
vn -0.1339 0.0435 -0.9900
vn -0.8161 -0.0348 -0.5768
vn -0.2305 -0.5400 -0.8095
vn -0.3625 -0.0153 0.9318
vn 0.0244 0.9212 -0.3883
vn -0.8357 0.2617 0.4827
vn -0.8911 0.0120 0.4536
vn 0.3243 0.8966 -0.3015
vn -0.0242 0.5746 -0.8181
vn 0.9570 0.2839 -0.0598
vn 0.5050 0.8593 0.0810
vn 0.8705 0.4396 0.2211
vn -0.5379 0.7099 -0.4547
vn -0.0667 0.9801 0.1870
vn -0.7943 0.0034 -0.6076
vn -0.1240 -0.5472 -0.8278
vn -0.2243 -0.6458 -0.7298
vn 0.6420 -0.7339 -0.2218
vn 0.6189 -0.7361 -0.2741
vn 0.9671 0.2539 0.0176
vn 0.9844 -0.1746 -0.0227
vn 0.8740 0.2138 -0.4365
vn 0.3526 -0.7703 -0.5313
vn 0.4621 0.2496 -0.8510
vn -0.3596 -0.5476 -0.7555
vn 0.5426 -0.8343 -0.0975
vn 0.4888 -0.8599 0.1471
vn 0.9600 -0.2582 0.1085
vn 0.8921 -0.2405 0.3825
vn 0.7380 0.5856 0.3352
vn -0.4711 -0.7545 -0.4569
vn 0.0558 -0.7613 -0.6460
vn 0.0577 -0.0226 -0.9981
vn 0.6484 0.6137 -0.4504
vn -0.2935 -0.9388 -0.1805
vn -0.0425 0.3520 -0.9350
vn 0.7109 -0.2041 -0.6730
vn -0.5960 0.4259 0.6807
vn -0.0801 -0.9944 0.0688
vn 0.5941 -0.6238 0.5079
vn 0.5383 -0.8057 0.2473
vn 0.7859 -0.2538 0.5639
vn 0.4114 -0.8999 0.1443
vn 0.6967 -0.6653 0.2683
vn 0.5339 -0.8371 -0.1190
vn -0.7351 0.2315 -0.6373
vn -0.6355 -0.4362 -0.6371
vn -0.7379 -0.5446 -0.3986
vn -0.5503 0.2839 -0.7852
vn -0.6045 0.1801 -0.7760
vn -0.5920 -0.2917 -0.7513
vn -0.5369 -0.3752 -0.7557
vn -0.8098 -0.5708 -0.1355
vn -0.2709 -0.7044 -0.6561
vn 0.0758 -0.9924 0.0973
vn -0.2399 -0.9681 -0.0718
vn -0.0123 -0.9940 0.1091
vn 0.3129 -0.9083 0.2778
vn 0.5326 -0.7570 0.3786
vn -0.4937 0.2271 -0.8395
vn -0.3188 -0.9478 -0.0107
vn -0.0700 -0.9874 0.1418
vn -0.5147 -0.8447 -0.1470
vn -0.4732 -0.8347 -0.2816
vn -0.8453 -0.4958 -0.1990
vn -0.5181 -0.8547 -0.0337
vn 0.8572 0.4665 0.2180
vn -0.7166 0.5881 -0.3750
vn -0.9040 0.2091 0.3728
vn -0.2971 0.0260 0.9545
vn 0.2873 -0.5330 0.7958
vn -0.6470 0.3238 -0.6903
vn 0.5693 0.6454 0.5092
vn 0.4398 -0.6636 0.6052
vn 0.2070 -0.8975 0.3894
vn -0.1515 -0.9770 0.1500
vn 0.4943 -0.4187 -0.7618
vn 0.3865 -0.3000 0.8721
vn 0.4114 -0.6008 0.6854
vn 0.1962 -0.8816 0.4292
vn -0.1963 -0.9694 0.1475
vn -0.6012 -0.7990 -0.0101
vn -0.8909 -0.4484 -0.0729
vn -0.9297 0.2330 -0.2853
vn -0.8638 0.2250 -0.4508
vn 0.9466 0.2177 0.2379
vn 0.1187 -0.9917 0.0495
vn -0.5761 -0.1285 0.8072
vn -0.4980 -0.0267 0.8668
vn -0.6739 0.6628 -0.3264
vn -0.2496 0.9480 0.1973
vn 0.3009 0.6768 -0.6718
vn 0.7712 0.3326 -0.5429
vn 0.3314 -0.8278 -0.4527
vn 0.9804 0.1953 -0.0262
vn -0.5059 0.6101 0.6098
vn 0.8948 -0.3204 0.3110
vn 0.9067 -0.3315 0.2606
vn 0.8008 0.4757 0.3639
vn 0.5297 -0.8472 -0.0404
vn 0.8655 -0.3086 0.3946
vn 0.5074 -0.8595 0.0615
vn 0.4785 -0.8508 0.2171
vn -0.1176 -0.9631 -0.2420
vn 0.3779 -0.8506 0.3657
vn -0.5229 -0.8304 -0.1922
vn -0.9571 -0.2886 -0.0258
vn -0.6077 -0.5818 -0.5406
vn -0.0718 -0.9550 -0.2877
vn 0.0174 -0.9534 -0.3011
vn 0.5342 -0.8452 -0.0148
vn 0.9644 -0.2637 -0.0180
vn 0.8924 0.4015 -0.2061
vn 0.3828 0.8763 -0.2925
vn 0.5175 -0.8537 0.0580
vn 0.0478 -0.9599 -0.2761
vn -0.5919 -0.6454 -0.4829
vn -0.6186 -0.6144 -0.4898
vn -0.9322 0.0948 -0.3494
vn -0.5706 0.7918 -0.2178
vn -0.6371 -0.5989 -0.4852
vn 0.3033 -0.8576 0.4153
vn 0.7403 -0.2588 0.6205
vn 0.8164 -0.2902 0.4992
vn 0.2038 0.8539 -0.4789
vn -0.8445 -0.0198 -0.5352
vn -0.5577 -0.6348 -0.5348
vn 0.1804 -0.8417 -0.5089
vn -0.8150 0.1729 -0.5531
vn -0.1877 -0.3912 -0.9010
vn -0.5153 0.2400 -0.8227
vn 0.4281 0.8808 0.2024
vn 0.7284 0.4197 0.5415
vn 0.7212 0.4209 0.5502
vn 0.7174 -0.2378 0.6548
vn -0.3091 0.8469 -0.4327
vn 0.3127 0.9180 0.2438
vn -0.4881 0.8377 -0.2448
vn 0.7537 0.4371 0.4907
vn 0.2168 0.9710 0.1011
vn -0.4720 0.8377 -0.2745
vn 0.7392 0.4846 0.4677
vn 0.7498 0.4633 0.4724
vn -0.0733 0.6924 -0.7178
vn -0.5159 0.2389 -0.8227
vn -0.8150 0.1719 -0.5534
vn -0.8447 -0.0207 -0.5348
vn -0.9499 -0.0303 -0.3111
vn -0.2790 0.8015 -0.5289
vn 0.4113 0.9061 0.0994
vn -0.6259 0.7526 0.2045
vn -0.9593 0.0280 -0.2809
vn -0.8625 -0.5018 -0.0658
vn -0.9224 0.1183 -0.3677
vn 0.0932 0.5513 -0.8291
vn -0.3419 -0.9396 -0.0177
vn -0.8734 -0.4720 0.1200
vn -0.6431 -0.5014 -0.5788
vn -0.6785 -0.4770 -0.5587
vn -0.8516 0.0585 -0.5208
vn 0.3428 -0.8504 0.3991
vn -0.3286 -0.9243 -0.1943
vn 0.4933 -0.4179 0.7629
vn -0.2214 -0.4756 0.8513
vn 0.3862 -0.9052 0.1773
vn -0.1530 -0.9234 -0.3521
vn -0.1243 -0.9176 -0.3775
vn -0.6660 -0.4688 -0.5802
vn -0.6074 -0.4751 -0.6366
vn -0.8098 0.2041 -0.5500
vn -0.2559 -0.1744 -0.9508
vn -0.4720 0.2999 -0.8290
vn -0.0822 -0.8888 -0.4509
vn 0.5252 -0.8507 -0.0209
vn 0.5643 -0.8226 -0.0697
vn 0.8913 -0.3349 0.3057
vn 0.4501 -0.8907 0.0630
vn 0.8933 -0.3474 0.2852
vn 0.8529 -0.3316 0.4033
vn 0.7986 0.3639 0.4793
vn 0.8052 0.3388 0.4868
vn 0.8172 0.3740 0.4385
vn 0.8934 -0.3395 0.2941
vn 0.5194 -0.8502 -0.0856
vn -0.1107 -0.8550 -0.5067
vn 0.0042 -0.6092 -0.7930
vn 0.5005 -0.8518 -0.1547
vn 0.9867 -0.1416 -0.0793
vn 0.8613 0.4967 -0.1069
vn 0.5001 0.8618 -0.0845
vn 0.3670 0.8893 0.2729
vn 0.4141 0.8324 0.3682
vn 0.7691 0.4020 0.4969
vn 0.2318 0.3737 0.8981
vn -0.1998 -0.1146 0.9731
vn -0.4566 0.8826 -0.1123
vn -0.2389 0.7022 -0.6707
vn 0.4605 0.6282 0.6272
vn -0.2906 0.9542 -0.0718
vn -0.3939 0.7572 -0.5211
vn -0.5460 0.8030 -0.2390
vn -0.9712 0.2381 0.0051
vn -0.8515 0.0574 -0.5211
vn -0.3730 0.9204 -0.1174
vn 0.0211 0.8184 -0.5743
vn -0.6971 0.2272 -0.6800
vn -0.8096 0.2054 -0.5498
vn -0.4723 0.2985 -0.8294
vn 0.3839 0.8753 -0.2940
vn 0.8922 0.4011 -0.2076
vn 0.4941 0.0964 -0.8641
vn -0.0729 0.6920 -0.7182
vn -0.5162 0.2386 -0.8226
vn -0.1883 -0.3922 -0.9004
vn 0.1805 -0.8417 -0.5088
vn 0.6557 -0.2143 -0.7240
vn 0.9640 -0.2651 -0.0213
vn 0.5008 0.8615 -0.0839
vn 0.8616 0.4961 -0.1074
vn 0.4251 0.3277 -0.8437
vn 0.0213 0.8174 -0.5756
vn -0.4749 0.2979 -0.8281
vn -0.2576 -0.1746 -0.9504
vn 0.0049 -0.6094 -0.7928
vn 0.5285 0.0668 -0.8463
vn 0.9866 -0.1426 -0.0791
vn 0.9623 -0.2274 0.1496
vn 0.8777 0.4084 0.2508
vn 0.8692 0.2551 0.4235
vn 0.6308 0.7459 0.2139
vn 0.5088 0.7364 0.4460
vn 0.3477 0.8491 0.3976
vn 0.3468 0.8355 0.4261
vn 0.2442 0.8848 0.3968
vn 0.4524 0.7896 0.4146
vn 0.0439 0.8937 0.4464
vn 0.0230 0.9111 0.4114
vn 0.2092 0.9172 0.3390
vn -0.7484 0.6340 0.1949
vn -0.4701 0.8532 0.2261
vn -0.8436 0.2451 0.4778
vn -0.8361 0.5115 0.1981
vn -0.9752 -0.0425 0.2170
vn -0.8819 -0.0357 0.4700
vn -0.9151 -0.4001 -0.0497
vn -0.9289 -0.3382 -0.1507
vn -0.7424 -0.6609 -0.1099
vn -0.5502 -0.8345 -0.0299
vn -0.2737 -0.9598 -0.0614
vn -0.3540 -0.9331 -0.0631
vn 0.0303 -0.8654 -0.5001
vn -0.6712 -0.7164 -0.1905
vn 0.4511 0.2845 -0.8459
vn -0.4758 0.8727 0.1094
vn -0.4781 -0.4905 -0.7286
vn -0.3571 0.0978 -0.9289
vn -0.2542 -0.7697 -0.5856
vn 0.1563 -0.8557 -0.4934
vn 0.7850 -0.6111 -0.1011
vn -0.8707 0.4238 0.2497
vn -0.9509 -0.2715 0.1485
vn -0.6173 0.6102 -0.4966
vn -0.9715 -0.0712 0.2261
vn -0.1419 0.0237 -0.9896
vn 0.9523 -0.2701 -0.1421
vn 0.9649 -0.2561 -0.0582
vn 0.9739 -0.2077 0.0911
vn 0.5604 -0.1534 -0.8139
vn 0.8939 0.4159 -0.1672
vn 0.9223 -0.2924 -0.2527
vn 0.4423 0.2911 -0.8483
vn -0.0082 -0.6581 -0.7529
vn -0.3292 -0.0932 -0.9397
vn -0.5097 0.5404 -0.6695
vn -0.0030 0.8943 -0.4474
vn 0.4548 0.8900 -0.0319
vn 0.6166 0.6561 0.4350
vn 0.5849 0.6409 0.4971
vn 0.3652 0.9253 0.1017
vn -0.8418 0.3600 0.4023
vn -0.8413 0.2564 0.4760
vn 0.8247 0.5645 0.0342
vn 0.9306 -0.3419 -0.1307
vn 0.8621 -0.5017 -0.0714
vn 0.8132 -0.5523 0.1833
vn 0.6490 -0.6681 -0.3641
vn 0.7021 -0.4945 -0.5124
vn 0.1206 -0.8401 -0.5289
vn 0.3330 -0.8039 -0.4928
vn 0.0725 -0.8806 -0.4683
vn -0.3132 -0.7257 -0.6127
vn -0.7395 -0.6500 0.1750
vn -0.8812 -0.4630 -0.0949
vn -0.2803 -0.5419 0.7923
vt 0.773807 0.830278
vt 0.739725 0.788829
vt 0.770390 0.811791
vt 0.768703 0.852870
vt 0.745010 0.828418
vt 0.722605 0.788265
vt 0.723944 0.753682
vt 0.707794 0.787815
vt 0.708406 0.755393
vt 0.651878 0.755786
vt 0.651962 0.717830
vt 0.631691 0.755606
vt 0.632698 0.715370
vt 0.723464 0.721035
vt 0.742930 0.750431
vt 0.706618 0.722530
vt 0.653722 0.678114
vt 0.636301 0.675942
vt 0.770916 0.771163
vt 0.773406 0.745687
vt 0.745263 0.712564
vt 0.718642 0.680817
vt 0.703479 0.682465
vt 0.642938 0.636286
vt 0.588892 0.634223
vt 0.588174 0.698753
vt 0.590763 0.751973
vt 0.636700 0.798493
vt 0.599481 0.589119
vt 0.706442 0.657519
vt 0.745310 0.685450
vt 0.769809 0.720459
vt 0.743713 0.655379
vt 0.773905 0.695575
vt 0.770325 0.679896
vt 0.649261 0.885599
vt 0.618616 0.945205
vt 0.618596 0.901575
vt 0.608052 0.848630
vt 0.640739 0.835707
vt 0.598739 0.795640
vt 0.653502 0.926374
vt 0.709980 0.864031
vt 0.709854 0.904822
vt 0.659595 0.827964
vt 0.738993 0.861132
vt 0.738963 0.886418
vt 0.719626 0.824333
vt 0.706883 0.823039
vt 0.654404 0.795112
vt 0.772955 0.876467
vt 0.774539 0.902686
vt 0.744684 0.915448
vt 0.716264 0.935030
vt 0.657545 0.960993
vt 0.613272 0.982821
vt 0.872374 0.658814
vt 0.857676 0.684234
vt 0.831131 0.654066
vt 0.839027 0.630726
vt 0.852275 0.725403
vt 0.825193 0.707522
vt 0.873644 0.698097
vt 0.918796 0.721225
vt 0.920336 0.687233
vt 0.927202 0.721561
vt 0.917146 0.749166
vt 0.928510 0.747479
vt 0.915475 0.777683
vt 0.873909 0.738034
vt 0.872441 0.768185
vt 0.850888 0.762593
vt 0.849475 0.798930
vt 0.822161 0.748571
vt 0.826260 0.800068
vt 0.849349 0.820813
vt 0.833954 0.837292
vt 0.872184 0.800515
vt 0.914494 0.799907
vt 0.928593 0.778063
vt 0.955428 0.779295
vt 0.955432 0.751768
vt 0.953532 0.729285
vt 0.967689 0.693112
vt 0.982955 0.722068
vt 0.980895 0.709164
vt 0.977159 0.743564
vt 0.912813 0.815216
vt 0.928194 0.803396
vt 0.952997 0.807778
vt 0.975093 0.802707
vt 0.978246 0.782242
vt 0.976138 0.761435
vt 0.913384 0.902385
vt 0.961131 0.864812
vt 0.963180 0.896918
vt 0.913114 0.848567
vt 0.872214 0.931877
vt 0.863465 0.872492
vt 0.872401 0.828392
vt 0.926257 0.822903
vt 0.948103 0.831186
vt 0.976847 0.842227
vt 0.972599 0.826566
vt 0.975855 0.861356
vt 0.981699 0.892759
vt 0.983522 0.915804
vt 0.968172 0.925055
vt 0.921940 0.940033
vt 0.877341 0.974763
vt 0.838343 0.937508
vt 0.842009 0.890255
vt 0.839428 0.988184
vt 0.986994 0.810223
vt 0.988440 0.782373
vt 0.989613 0.757805
vt 0.995921 0.760863
vt 0.998223 0.782706
vt 0.994647 0.807146
vt 0.576874 0.718535
vt 0.531622 0.716296
vt 0.531981 0.760585
vt 0.576484 0.776597
vt 0.530749 0.812176
vt 0.573486 0.827853
vt 0.524863 0.885212
vt 0.567143 0.898858
vt 0.528646 0.910589
vt 0.558230 0.920495
vt 0.514153 0.402200
vt 0.503299 0.363605
vt 0.461892 0.398630
vt 0.473863 0.436767
vt 0.486223 0.474848
vt 0.521560 0.432895
vt 0.532426 0.482246
vt 0.497138 0.512421
vt 0.506138 0.545178
vt 0.543968 0.522371
vt 0.552514 0.560554
vt 0.513970 0.583505
vt 0.520123 0.615418
vt 0.562191 0.606333
vt 0.525478 0.644676
vt 0.570353 0.647381
vt 0.574803 0.679350
vt 0.529361 0.676455
vt 0.782322 0.140697
vt 0.805588 0.036213
vt 0.790326 0.039795
vt 0.770428 0.041156
vt 0.780597 0.612900
vt 0.818792 0.485458
vt 0.781290 0.469501
vt 0.784461 0.381274
vt 0.820548 0.382688
vt 0.787067 0.296603
vt 0.817464 0.296850
vt 0.815892 0.141605
vt 0.821827 0.033656
vt 0.844921 0.140111
vt 0.840211 0.028556
vt 0.860584 0.026403
vt 0.881089 0.134899
vt 0.879868 0.020439
vt 0.912213 0.015815
vt 0.913837 0.129437
vt 0.933527 0.127166
vt 0.939586 0.264689
vt 0.881938 0.288161
vt 0.845825 0.293198
vt 0.963713 0.256825
vt 0.951761 0.123486
vt 0.933136 0.013549
vt 0.945927 0.013103
vt 0.974459 0.355733
vt 0.945325 0.362723
vt 0.985292 0.461456
vt 0.952794 0.467576
vt 0.960683 0.611455
vt 0.925223 0.469122
vt 0.930881 0.613771
vt 0.888661 0.607829
vt 0.887463 0.470129
vt 0.848968 0.612733
vt 0.846123 0.478333
vt 0.847236 0.378857
vt 0.886674 0.370654
vt 0.994761 0.605158
vt 0.818678 0.614878
vt 0.918506 0.275906
vt 0.923571 0.367149
vt 0.737499 0.137068
vt 0.770370 0.040676
vt 0.750245 0.041105
vt 0.734939 0.041305
vt 0.717083 0.041738
vt 0.700567 0.145048
vt 0.703202 0.042858
vt 0.687127 0.036000
vt 0.675970 0.142412
vt 0.695872 0.288070
vt 0.666580 0.273686
vt 0.691415 0.378338
vt 0.660303 0.371898
vt 0.688787 0.484440
vt 0.656025 0.477352
vt 0.687496 0.626141
vt 0.730443 0.483803
vt 0.730107 0.618542
vt 0.648402 0.618383
vt 0.735453 0.290711
vt 0.729697 0.378539
vt 0.513746 0.965352
vt 0.509894 0.963664
vt 0.513480 0.932702
vt 0.517415 0.935333
vt 0.521719 0.885406
vt 0.518444 0.881671
vt 0.527064 0.810686
vt 0.525598 0.807800
vt 0.528555 0.759353
vt 0.525951 0.758845
vt 0.528761 0.716573
vt 0.526137 0.717112
vt 0.523135 0.677250
vt 0.526168 0.677411
vt 0.519793 0.644988
vt 0.522674 0.644189
vt 0.517463 0.616404
vt 0.515435 0.616190
vt 0.510737 0.584359
vt 0.503297 0.547027
vt 0.493752 0.515281
vt 0.483063 0.478012
vt 0.471717 0.441686
vt 0.459016 0.402557
vt 0.559483 0.991261
vt 0.563190 0.955015
vt 0.571715 0.901494
vt 0.561280 0.929697
vt 0.526762 0.917558
vt 0.629096 0.077555
vt 0.591218 0.058753
vt 0.618384 0.043291
vt 0.605984 0.012594
vt 0.585470 0.031890
vt 0.554918 0.026060
vt 0.570235 0.062256
vt 0.526666 0.076124
vt 0.496696 0.109583
vt 0.489466 0.095651
vt 0.495379 0.073160
vt 0.518180 0.050698
vt 0.555459 0.062937
vt 0.576808 0.097139
vt 0.598893 0.094007
vt 0.642233 0.129119
vt 0.601893 0.134025
vt 0.640243 0.180192
vt 0.600423 0.177139
vt 0.601298 0.212278
vt 0.580512 0.180661
vt 0.579102 0.216758
vt 0.559902 0.219862
vt 0.637216 0.215764
vt 0.562938 0.255456
vt 0.597090 0.257831
vt 0.632662 0.250476
vt 0.627563 0.271615
vt 0.527687 0.210591
vt 0.524693 0.248311
vt 0.498849 0.225056
vt 0.495054 0.196167
vt 0.527124 0.188741
vt 0.495101 0.180909
vt 0.493801 0.143278
vt 0.527144 0.139969
vt 0.527326 0.101630
vt 0.559637 0.098593
vt 0.580075 0.136276
vt 0.562917 0.139424
vt 0.561385 0.182604
vt 0.483471 0.142996
vt 0.485788 0.181840
vt 0.463797 0.145180
vt 0.472446 0.106741
vt 0.483768 0.108229
vt 0.473974 0.187280
vt 0.561627 0.373573
vt 0.523993 0.360958
vt 0.523033 0.310661
vt 0.565312 0.313884
vt 0.589652 0.318706
vt 0.615758 0.323831
vt 0.613741 0.374175
vt 0.589923 0.368552
vt 0.494782 0.268677
vt 0.493482 0.305457
vt 0.496260 0.336502
vt 0.071820 0.387542
vt 0.018298 0.350329
vt 0.019813 0.401467
vt 0.022923 0.452128
vt 0.073247 0.442555
vt 0.127302 0.425960
vt 0.015155 0.229903
vt 0.055826 0.176579
vt 0.017328 0.153647
vt 0.055441 0.227981
vt 0.016640 0.301874
vt 0.058715 0.285398
vt 0.071337 0.323909
vt 0.122798 0.377368
vt 0.157242 0.413800
vt 0.157460 0.372181
vt 0.190693 0.369470
vt 0.189506 0.330389
vt 0.157208 0.333182
vt 0.194738 0.301273
vt 0.161936 0.295976
vt 0.194089 0.251121
vt 0.164823 0.255282
vt 0.189194 0.403222
vt 0.074382 0.280423
vt 0.075266 0.229658
vt 0.075666 0.181853
vt 0.122839 0.325335
vt 0.122718 0.286302
vt 0.125013 0.239532
vt 0.126147 0.194934
vt 0.127801 0.156496
vt 0.146940 0.203008
vt 0.148198 0.163215
vt 0.136065 0.290750
vt 0.143816 0.247180
vt 0.060655 0.126809
vt 0.078447 0.138045
vt 0.131581 0.130762
vt 0.148993 0.135745
vt 0.173087 0.144274
vt 0.169942 0.167682
vt 0.162409 0.206598
vt 0.201297 0.217025
vt 0.197315 0.182442
vt 0.205967 0.155805
vt 0.205040 0.130214
vt 0.174774 0.101424
vt 0.141096 0.094546
vt 0.084107 0.100763
vt 0.069476 0.092795
vt 0.023562 0.103628
vt 0.028400 0.044424
vt 0.046027 0.010575
vt 0.088871 0.050496
vt 0.216834 0.269193
vt 0.233260 0.263893
vt 0.240122 0.219660
vt 0.219233 0.216098
vt 0.219264 0.172267
vt 0.235544 0.177247
vt 0.245743 0.669336
vt 0.284216 0.641215
vt 0.263802 0.628865
vt 0.239711 0.619298
vt 0.255255 0.602885
vt 0.237000 0.592617
vt 0.252655 0.580632
vt 0.240909 0.553190
vt 0.259253 0.545053
vt 0.257392 0.576736
vt 0.258260 0.599577
vt 0.265512 0.616709
vt 0.283375 0.632559
vt 0.302217 0.641946
vt 0.226229 0.562953
vt 0.349036 0.690986
vt 0.360291 0.638498
vt 0.344982 0.621546
vt 0.335974 0.652080
vt 0.324389 0.658452
vt 0.328861 0.741001
vt 0.313026 0.658670
vt 0.313603 0.650529
vt 0.301521 0.651067
vt 0.277619 0.693569
vt 0.275272 0.763578
vt 0.251986 0.761012
vt 0.297643 0.708427
vt 0.292441 0.783911
vt 0.415280 0.512167
vt 0.400781 0.555782
vt 0.416098 0.583626
vt 0.384299 0.594676
vt 0.399719 0.626781
vt 0.373751 0.622424
vt 0.384944 0.680103
vt 0.362039 0.762890
vt 0.321272 0.824721
vt 0.290819 0.847167
vt 0.263067 0.826168
vt 0.245568 0.829546
vt 0.232829 0.759670
vt 0.221436 0.673722
vt 0.209262 0.762314
vt 0.217758 0.839995
vt 0.191486 0.857027
vt 0.183026 0.779482
vt 0.164862 0.877519
vt 0.319955 0.883167
vt 0.350556 0.863446
vt 0.377498 0.888970
vt 0.341650 0.912653
vt 0.362530 0.944020
vt 0.389526 0.974128
vt 0.112345 0.839115
vt 0.096568 0.928687
vt 0.119795 0.909473
vt 0.153583 0.804328
vt 0.165923 0.685805
vt 0.195820 0.673966
vt 0.182204 0.600735
vt 0.216016 0.621410
vt 0.202607 0.574122
vt 0.171197 0.535610
vt 0.192441 0.526761
vt 0.184401 0.479669
vt 0.162922 0.483692
vt 0.146597 0.492482
vt 0.219920 0.596414
vt 0.098107 0.747640
vt 0.212340 0.552771
vt 0.204887 0.516478
vt 0.197818 0.472043
vt 0.183475 0.473103
vt 0.162372 0.475680
vt 0.145214 0.486031
vt 0.131841 0.490646
vt 0.120604 0.651755
vt 0.088618 0.685818
vt 0.133985 0.710351
vt 0.153941 0.621041
vt 0.104911 0.595660
vt 0.120975 0.575532
vt 0.110834 0.519853
vt 0.139219 0.560832
vt 0.125095 0.508792
vt 0.131341 0.503130
vt 0.157297 0.545689
vt 0.081665 0.625775
vt 0.097091 0.533023
vt 0.124045 0.465984
vt 0.120104 0.468838
vt 0.120031 0.497785
vt 0.109383 0.510470
vt 0.096415 0.519261
vt 0.082437 0.504817
vt 0.087334 0.544997
vt 0.075032 0.566594
vt 0.062648 0.650198
vt 0.061458 0.732442
vt 0.054877 0.607754
vt 0.062960 0.585406
vt 0.025154 0.633413
vt 0.042694 0.628561
vt 0.038284 0.617173
vt 0.047581 0.603558
vt 0.044065 0.587742
vt 0.046130 0.580568
vt 0.061308 0.571412
vt 0.073183 0.557046
vt 0.079668 0.538484
vt 0.076600 0.507290
vt 0.082233 0.876858
vt 0.049100 0.823735
vt 0.063121 0.902130
vt 0.061399 0.808326
vt 0.070370 0.789648
vt 0.050311 0.753654
vt 0.047866 0.676580
vt 0.037835 0.766327
vt 0.076382 0.948312
vt 0.042544 0.924082
vt 0.027255 0.839895
vt 0.017343 0.780517
vt 0.026326 0.712292
vt 0.038227 0.696832
vt 0.029075 0.643468
vt 0.055592 0.971235
vt 0.011576 0.724361
vt 0.004439 0.670463
vt 0.015907 0.661240
vt 0.012807 0.650302
vt 0.003938 0.655590
vt 0.578201 0.829858
vt 0.581574 0.778624
vt 0.580332 0.719265
vt 0.577385 0.679824
vt 0.572854 0.647046
vt 0.442143 0.553112
vt 0.448220 0.564548
vt 0.459962 0.535542
vt 0.455849 0.529554
vt 0.510906 0.751710
vt 0.512942 0.741539
vt 0.498419 0.721036
vt 0.475220 0.741901
vt 0.492284 0.694426
vt 0.483595 0.694642
vt 0.491981 0.674185
vt 0.469807 0.675046
vt 0.481356 0.648052
vt 0.474610 0.616028
vt 0.457925 0.646361
vt 0.470998 0.601939
vt 0.444106 0.627173
vt 0.457838 0.586040
vt 0.433243 0.599601
vt 0.428025 0.537251
vt 0.438921 0.685387
vt 0.509140 0.678618
vt 0.508592 0.665312
vt 0.487528 0.592984
vt 0.486477 0.581456
vt 0.460090 0.798307
vt 0.419027 0.731804
vt 0.406524 0.991861
vt 0.429032 0.961162
vt 0.407811 0.930144
vt 0.389687 0.823168
vt 0.405428 0.776490
vt 0.437615 0.846726
vt 0.478191 0.843991
vt 0.493455 0.793902
vt 0.458889 0.893853
vt 0.266615 0.369011
vt 0.294844 0.277802
vt 0.255706 0.322644
vt 0.310346 0.331580
vt 0.307900 0.273266
vt 0.290043 0.242663
vt 0.250901 0.271723
vt 0.366008 0.261144
vt 0.289635 0.200186
vt 0.248784 0.158824
vt 0.248219 0.196859
vt 0.250169 0.232018
vt 0.301888 0.239274
vt 0.366819 0.232695
vt 0.381185 0.262221
vt 0.365941 0.301836
vt 0.370245 0.349238
vt 0.318888 0.384859
vt 0.374206 0.385743
vt 0.322114 0.425142
vt 0.281272 0.448318
vt 0.275129 0.412465
vt 0.381101 0.233998
vt 0.415569 0.354654
vt 0.411445 0.319890
vt 0.365461 0.200077
vt 0.379665 0.199998
vt 0.301414 0.202278
vt 0.366192 0.164309
vt 0.379731 0.162970
vt 0.408226 0.289218
vt 0.399801 0.258606
vt 0.402496 0.236105
vt 0.400835 0.200313
vt 0.403551 0.164395
vt 0.404687 0.139670
vt 0.377575 0.131790
vt 0.364658 0.133707
vt 0.304180 0.159366
vt 0.291041 0.155933
vt 0.429286 0.338655
vt 0.428532 0.309358
vt 0.421887 0.283436
vt 0.424452 0.261186
vt 0.423135 0.229784
vt 0.427438 0.199982
vt 0.423016 0.170143
vt 0.426268 0.135627
vt 0.421564 0.118376
vt 0.404928 0.112661
vt 0.357959 0.095901
vt 0.306652 0.128930
vt 0.294480 0.125651
vt 0.249110 0.132460
vt 0.256625 0.083878
vt 0.262991 0.030176
vt 0.301045 0.083939
vt 0.441672 0.239010
vt 0.454313 0.232340
vt 0.457516 0.198686
vt 0.443407 0.201297
vt 0.443571 0.166913
vt 0.454502 0.165045
vt 0.787451 0.712313
vt 0.790334 0.747058
vt 0.790995 0.778871
vt 0.811717 0.748913
vt 0.807195 0.776112
vt 0.801349 0.716399
s 1
usemtl Material.001
f 1/1/1 3/2/2 2/3/3
f 4/4/4 5/5/5 1/1/1
f 1/1/1 5/5/5 3/2/2
f 6/6/6 3/2/2 5/5/5
f 7/7/7 3/2/2 6/6/6
f 8/8/8 7/7/7 6/6/6
f 8/8/8 9/9/9 7/7/7
f 8/8/8 10/10/10 9/9/9
f 9/9/9 10/10/10 11/11/11
f 12/12/12 11/11/11 10/10/10
f 12/12/12 13/13/13 11/11/11
f 14/14/14 15/15/15 7/7/7
f 9/9/9 14/14/14 7/7/7
f 9/9/9 16/16/16 14/14/14
f 9/9/9 11/11/11 16/16/16
f 16/16/16 11/11/11 17/17/17
f 13/13/13 17/17/17 11/11/11
f 13/13/13 18/18/18 17/17/17
f 7/7/7 15/15/15 3/2/2
f 19/19/19 3/2/2 15/15/15
f 19/19/19 15/15/15 20/20/20
f 20/20/20 15/15/15 21/21/21
f 14/14/14 21/21/21 15/15/15
f 22/22/22 21/21/21 14/14/14
f 16/16/16 22/22/22 14/14/14
f 16/16/16 23/23/23 22/22/22
f 16/16/16 17/17/17 23/23/23
f 23/23/23 17/17/17 24/24/24
f 18/18/18 24/24/24 17/17/17
f 24/24/24 18/18/18 25/25/25
f 13/13/13 25/25/25 18/18/18
f 13/13/13 26/26/26 25/25/25
f 13/13/13 27/27/27 26/26/26
f 13/13/13 12/12/12 27/27/27
f 28/28/28 27/27/27 12/12/12
f 28/28/28 12/12/12 10/10/10
f 24/24/24 25/25/25 29/29/29
f 23/23/23 24/24/24 30/30/30
f 23/23/23 30/30/30 22/22/22
f 30/30/30 31/31/31 22/22/22
f 22/22/22 31/31/31 21/21/21
f 32/32/32 21/21/21 31/31/31
f 20/20/20 21/21/21 32/32/32
f 30/30/30 33/33/33 31/31/31
f 34/34/34 31/31/31 33/33/33
f 32/32/32 31/31/31 34/34/34
f 34/34/34 33/33/33 35/35/35
f 36/36/36 38/37/37 37/38/38
f 36/36/36 37/38/38 39/39/39
f 36/36/36 39/39/39 40/40/40
f 40/40/40 39/39/39 41/41/41
f 40/40/40 41/41/41 28/28/28
f 28/28/28 41/41/41 27/27/27
f 42/42/42 44/43/43 43/44/44
f 42/42/42 36/36/36 44/43/43
f 44/43/43 36/36/36 45/45/45
f 36/36/36 40/40/40 45/45/45
f 43/44/44 47/46/46 46/47/47
f 43/44/44 44/43/43 47/46/46
f 48/48/48 47/46/46 44/43/43
f 44/43/43 49/49/49 48/48/48
f 44/43/43 45/45/45 49/49/49
f 49/49/49 45/45/45 50/50/50
f 40/40/40 50/50/50 45/45/45
f 40/40/40 28/28/28 50/50/50
f 28/28/28 10/10/10 50/50/50
f 8/8/8 50/50/50 10/10/10
f 49/49/49 50/50/50 8/8/8
f 49/49/49 8/8/8 6/6/6
f 49/49/49 6/6/6 48/48/48
f 6/6/6 5/5/5 48/48/48
f 48/48/48 5/5/5 47/46/46
f 4/4/4 47/46/46 5/5/5
f 51/51/51 47/46/46 4/4/4
f 51/51/51 46/47/47 47/46/46
f 52/52/52 46/47/47 51/51/51
f 52/52/52 53/53/53 46/47/47
f 54/54/54 46/47/47 53/53/53
f 54/54/54 43/44/44 46/47/47
f 55/55/55 43/44/44 54/54/54
f 55/55/55 42/42/42 43/44/44
f 55/55/55 38/37/37 42/42/42
f 36/36/36 42/42/42 38/37/37
f 55/55/55 56/56/56 38/37/37
f 57/57/57 59/58/58 58/59/59
f 57/57/57 58/59/59 60/60/60
f 61/61/61 62/62/62 58/59/59
f 61/61/61 58/59/59 59/58/58
f 61/61/61 59/58/58 63/63/63
f 59/58/58 57/57/57 63/63/63
f 64/64/64 63/63/63 57/57/57
f 64/64/64 57/57/57 65/65/65
f 64/64/64 65/65/65 66/66/66
f 67/67/67 64/64/64 66/66/66
f 67/67/67 66/66/66 68/68/68
f 69/69/69 67/67/67 68/68/68
f 69/69/69 70/70/70 67/67/67
f 69/69/69 71/71/71 70/70/70
f 72/72/72 70/70/70 71/71/71
f 73/73/73 72/72/72 71/71/71
f 73/73/73 74/74/74 72/72/72
f 73/73/73 75/75/75 74/74/74
f 67/67/67 63/63/63 64/64/64
f 67/67/67 70/70/70 63/63/63
f 61/61/61 63/63/63 70/70/70
f 72/72/72 61/61/61 70/70/70
f 61/61/61 72/72/72 74/74/74
f 61/61/61 74/74/74 62/62/62
f 76/76/76 77/77/77 75/75/75
f 76/76/76 75/75/75 73/73/73
f 76/76/76 73/73/73 78/78/78
f 73/73/73 71/71/71 78/78/78
f 79/79/79 78/78/78 71/71/71
f 79/79/79 71/71/71 69/69/69
f 79/79/79 69/69/69 80/80/80
f 69/69/69 68/68/68 80/80/80
f 68/68/68 81/81/81 80/80/80
f 68/68/68 82/82/82 81/81/81
f 66/66/66 82/82/82 68/68/68
f 66/66/66 83/83/83 82/82/82
f 65/65/65 83/83/83 66/66/66
f 65/65/65 84/84/84 83/83/83
f 85/85/85 83/83/83 84/84/84
f 85/85/85 84/84/84 86/86/86
f 87/87/87 82/82/82 83/83/83
f 87/87/87 83/83/83 85/85/85
f 88/88/88 78/78/78 79/79/79
f 88/88/88 79/79/79 89/89/89
f 79/79/79 80/80/80 89/89/89
f 80/80/80 90/90/90 89/89/89
f 80/80/80 81/81/81 90/90/90
f 91/91/91 90/90/90 81/81/81
f 91/91/91 81/81/81 92/92/92
f 92/92/92 81/81/81 82/82/82
f 92/92/92 82/82/82 93/93/93
f 94/94/94 96/95/95 95/96/96
f 94/94/94 97/97/97 96/95/95
f 98/98/98 97/97/97 94/94/94
f 98/98/98 99/99/99 97/97/97
f 97/97/97 99/99/99 100/100/100
f 97/97/97 100/100/100 88/88/88
f 97/97/97 88/88/88 101/101/101
f 88/88/88 89/89/89 101/101/101
f 89/89/89 102/102/102 101/101/101
f 89/89/89 90/90/90 102/102/102
f 103/103/103 102/102/102 90/90/90
f 103/103/103 90/90/90 104/104/104
f 101/101/101 102/102/102 96/95/95
f 101/101/101 96/95/95 97/97/97
f 105/105/105 102/102/102 103/103/103
f 105/105/105 96/95/95 102/102/102
f 106/106/106 96/95/95 105/105/105
f 106/106/106 95/96/96 96/95/95
f 107/107/107 95/96/96 106/106/106
f 107/107/107 108/108/108 95/96/96
f 109/109/109 95/96/96 108/108/108
f 109/109/109 94/94/94 95/96/96
f 110/110/110 94/94/94 109/109/109
f 110/110/110 98/98/98 94/94/94
f 110/110/110 111/111/111 98/98/98
f 99/99/99 98/98/98 111/111/111
f 99/99/99 111/111/111 112/112/112
f 99/99/99 112/112/112 77/77/77
f 99/99/99 77/77/77 76/76/76
f 99/99/99 76/76/76 100/100/100
f 76/76/76 78/78/78 100/100/100
f 88/88/88 100/100/100 78/78/78
f 110/110/110 113/113/113 111/111/111
f 114/92/114 115/114/115 91/91/116
f 114/92/114 116/115/117 115/114/115
f 93/93/118 116/115/117 114/92/114
f 93/93/118 117/116/119 116/115/117
f 118/117/120 116/115/117 117/116/119
f 118/117/120 119/118/121 116/115/117
f 120/119/122 116/115/117 119/118/121
f 120/119/122 115/114/115 116/115/117
f 121/120/123 123/121/124 122/122/125
f 121/120/123 122/122/125 124/123/126
f 125/124/127 124/123/126 122/122/125
f 125/124/127 126/125/128 124/123/126
f 126/125/128 125/124/127 127/126/129
f 126/125/128 127/126/129 128/127/130
f 128/127/130 127/126/129 129/128/131
f 128/127/130 129/128/131 130/129/132
f 131/130/133 133/131/134 132/132/135
f 131/130/133 132/132/135 134/133/136
f 131/130/133 134/133/136 135/134/137
f 131/130/133 135/134/137 136/135/138
f 137/136/139 136/135/138 135/134/137
f 137/136/139 135/134/137 138/137/140
f 137/136/139 138/137/140 139/138/141
f 137/136/139 139/138/141 140/139/142
f 141/140/143 140/139/142 139/138/141
f 141/140/143 139/138/141 142/141/144
f 141/140/143 142/141/144 143/142/145
f 141/140/143 143/142/145 144/143/146
f 144/143/146 143/142/145 145/144/147
f 144/143/146 145/144/147 146/145/148
f 145/144/147 147/146/149 146/145/148
f 145/144/147 148/147/150 147/146/149
f 121/120/123 147/146/149 148/147/150
f 121/120/123 148/147/150 123/121/124
f 149/148/151 151/149/152 150/150/153
f 149/148/151 150/150/153 152/151/154
f 153/152/155 155/153/156 154/154/157
f 155/153/156 156/155/158 154/154/157
f 155/153/156 157/156/159 156/155/158
f 158/157/160 156/155/158 157/156/159
f 158/157/160 157/156/159 159/158/161
f 159/158/161 149/148/151 158/157/160
f 159/158/161 160/159/162 149/148/151
f 149/148/151 160/159/162 151/149/152
f 160/159/162 161/160/163 151/149/152
f 162/161/164 161/160/163 160/159/162
f 162/161/164 163/162/165 161/160/163
f 163/162/165 162/161/164 164/163/166
f 165/164/167 164/163/166 162/161/164
f 165/164/167 166/165/168 164/163/166
f 165/164/167 167/166/169 166/165/168
f 165/164/167 168/167/170 167/166/169
f 169/168/171 167/166/169 168/167/170
f 170/169/172 169/168/171 168/167/170
f 171/170/173 168/167/170 165/164/167
f 171/170/173 165/164/167 162/161/164
f 171/170/173 162/161/164 172/171/174
f 172/171/174 162/161/164 160/159/162
f 172/171/174 160/159/162 159/158/161
f 172/171/174 159/158/161 157/156/159
f 173/172/175 174/173/176 169/168/171
f 174/173/176 175/174/177 169/168/171
f 169/168/171 175/174/177 167/166/169
f 174/173/176 176/175/178 175/174/177
f 173/172/175 169/168/171 170/169/172
f 170/169/172 177/176/179 173/172/175
f 170/169/172 178/177/180 177/176/179
f 179/178/181 177/176/179 178/177/180
f 179/178/181 178/177/180 180/179/182
f 181/180/183 179/178/181 180/179/182
f 181/180/183 180/179/182 182/181/184
f 181/180/183 182/181/184 183/182/185
f 184/183/186 183/182/185 182/181/184
f 184/183/186 182/181/184 185/184/187
f 186/185/188 184/183/186 185/184/187
f 186/185/188 185/184/187 187/186/189
f 186/185/188 187/186/189 155/153/156
f 187/186/189 157/156/159 155/153/156
f 187/186/189 188/187/190 157/156/159
f 172/171/174 157/156/159 188/187/190
f 172/171/174 188/187/190 189/188/191
f 172/171/174 189/188/191 171/170/173
f 181/180/183 190/189/192 179/178/181
f 186/185/188 155/153/156 191/190/193
f 153/152/155 191/190/193 155/153/156
f 189/188/191 192/191/194 171/170/173
f 171/170/173 192/191/194 168/167/170
f 170/169/172 168/167/170 192/191/194
f 170/169/172 192/191/194 193/192/195
f 170/169/172 193/192/195 178/177/180
f 180/179/182 178/177/180 193/192/195
f 180/179/182 193/192/195 182/181/184
f 185/184/187 182/181/184 193/192/195
f 185/184/187 193/192/195 189/188/191
f 185/184/187 189/188/191 188/187/190
f 185/184/187 188/187/190 187/186/189
f 189/188/191 193/192/195 192/191/194
f 194/193/196 196/194/197 195/195/198
f 194/193/196 195/195/198 197/196/199
f 198/197/200 194/193/196 197/196/199
f 199/198/201 194/193/196 198/197/200
f 199/198/201 198/197/200 200/199/202
f 199/198/201 200/199/202 201/200/203
f 199/198/201 201/200/203 202/201/204
f 203/202/205 199/198/201 202/201/204
f 203/202/205 202/201/204 204/203/206
f 204/203/206 205/204/207 203/202/205
f 204/203/206 206/205/208 205/204/207
f 207/206/209 205/204/207 206/205/208
f 207/206/209 206/205/208 208/207/210
f 209/208/211 207/206/209 208/207/210
f 209/208/211 210/209/212 207/206/209
f 209/208/211 211/210/213 210/209/212
f 153/152/155 210/209/212 211/210/213
f 153/152/155 154/154/157 210/209/212
f 209/208/211 208/207/210 212/211/214
f 213/212/215 194/193/196 199/198/201
f 213/212/215 199/198/201 203/202/205
f 203/202/205 214/213/216 213/212/215
f 203/202/205 205/204/207 214/213/216
f 194/193/196 149/148/151 196/194/197
f 158/157/160 149/148/151 194/193/196
f 158/157/160 194/193/196 213/212/215
f 213/212/215 156/155/158 158/157/160
f 213/212/215 214/213/216 156/155/158
f 154/154/157 156/155/158 214/213/216
f 154/154/157 214/213/216 210/209/212
f 210/209/212 214/213/216 205/204/207
f 210/209/212 205/204/207 207/206/209
f 215/214/217 216/215/218 217/216/219
f 215/214/217 217/216/219 218/217/220
f 219/218/221 218/217/220 217/216/219
f 219/218/221 217/216/219 220/219/222
f 221/220/223 219/218/221 220/219/222
f 221/220/223 220/219/222 222/221/224
f 223/222/225 221/220/223 222/221/224
f 223/222/225 222/221/224 224/223/226
f 225/224/227 223/222/225 224/223/226
f 225/224/227 224/223/226 226/225/228
f 225/224/227 226/225/228 227/226/229
f 225/224/227 227/226/229 228/227/230
f 228/227/230 227/226/229 229/228/231
f 228/227/230 229/228/231 230/229/232
f 229/228/231 231/230/233 230/229/232
f 229/228/231 232/231/234 231/230/233
f 233/220/235 234/124/236 235/126/237
f 236/222/238 234/124/236 233/220/235
f 236/222/238 237/122/239 234/124/236
f 238/224/240 237/122/239 236/222/238
f 238/224/240 239/121/241 237/122/239
f 240/227/242 239/121/241 238/224/240
f 240/227/242 241/147/243 239/121/241
f 242/229/244 241/147/243 240/227/242
f 242/229/244 243/144/245 241/147/243
f 242/229/244 244/142/246 243/144/245
f 242/229/244 231/230/233 244/142/246
f 244/142/246 231/230/233 245/141/247
f 245/141/247 231/230/233 232/231/234
f 245/141/247 232/231/234 246/232/248
f 247/138/249 245/141/247 246/232/248
f 247/138/249 246/232/248 248/233/250
f 249/137/251 247/138/249 248/233/250
f 249/137/251 248/233/250 250/234/252
f 251/134/253 249/137/251 250/234/252
f 251/134/253 250/234/252 252/235/254
f 253/133/255 251/134/253 252/235/254
f 253/133/255 252/235/254 254/236/256
f 255/132/257 253/133/255 254/236/256
f 255/132/257 254/236/256 256/237/258
f 257/238/259 259/239/260 258/217/261
f 257/238/259 258/217/261 260/214/262
f 259/239/260 262/240/263 261/241/264
f 258/217/261 259/239/260 261/241/264
f 258/217/261 261/241/264 263/242/265
f 264/218/266 258/217/261 263/242/265
f 265/243/267 267/244/268 266/245/269
f 267/244/268 268/246/270 266/245/269
f 267/244/268 269/247/271 268/246/270
f 270/248/272 269/247/271 267/244/268
f 270/248/272 267/244/268 271/249/273
f 272/250/274 274/251/275 273/252/276
f 275/253/277 272/250/274 273/252/276
f 275/253/277 276/254/278 272/250/274
f 272/250/274 276/254/278 270/248/272
f 272/250/274 270/248/272 277/255/279
f 277/255/279 270/248/272 271/249/273
f 278/256/280 277/255/279 271/249/273
f 267/244/268 278/256/280 271/249/273
f 267/244/268 279/257/281 278/256/280
f 265/243/267 279/257/281 267/244/268
f 280/258/282 279/257/281 265/243/267
f 280/258/282 281/259/283 279/257/281
f 282/260/284 281/259/283 280/258/282
f 282/260/284 283/261/285 281/259/283
f 284/262/286 283/261/285 282/260/284
f 285/263/287 283/261/285 284/262/286
f 285/263/287 284/262/286 286/264/288
f 287/265/289 285/263/287 286/264/288
f 284/262/286 282/260/284 288/266/290
f 284/262/286 289/267/291 286/264/288
f 284/262/286 290/268/292 289/267/291
f 288/266/290 290/268/292 284/262/286
f 288/266/290 291/269/293 290/268/292
f 290/268/292 291/269/293 292/270/294
f 289/267/291 287/265/289 286/264/288
f 289/267/291 293/271/295 287/265/289
f 289/267/291 294/272/296 293/271/295
f 295/273/297 293/271/295 294/272/296
f 295/273/297 296/274/298 293/271/295
f 296/274/298 297/275/299 293/271/295
f 296/274/298 298/276/300 297/275/299
f 297/275/299 298/276/300 299/277/301
f 297/275/299 299/277/301 300/278/302
f 300/278/302 299/277/301 274/251/275
f 300/278/302 274/251/275 301/279/303
f 272/250/274 301/279/303 274/251/275
f 302/280/304 301/279/303 272/250/274
f 302/280/304 272/250/274 277/255/279
f 278/256/280 302/280/304 277/255/279
f 303/281/305 302/280/304 278/256/280
f 279/257/281 303/281/305 278/256/280
f 279/257/281 281/259/283 303/281/305
f 281/259/283 285/263/287 303/281/305
f 281/259/283 283/261/285 285/263/287
f 304/282/306 301/279/303 302/280/304
f 303/281/305 304/282/306 302/280/304
f 285/263/287 304/282/306 303/281/305
f 285/263/287 305/283/307 304/282/306
f 287/265/289 305/283/307 285/263/287
f 293/271/295 305/283/307 287/265/289
f 293/271/295 297/275/299 305/283/307
f 305/283/307 297/275/299 300/278/302
f 305/283/307 300/278/302 304/282/306
f 304/282/306 300/278/302 301/279/303
f 306/284/308 298/276/309 307/285/310
f 308/286/311 306/284/308 307/285/310
f 309/287/312 306/284/308 308/286/311
f 309/287/312 310/288/313 306/284/308
f 310/288/313 311/277/314 306/284/308
f 310/288/313 274/251/315 311/277/314
f 306/284/308 311/277/314 298/276/309
f 308/286/311 307/285/310 312/289/316
f 313/290/317 315/291/318 314/292/319
f 316/293/320 294/272/296 289/267/291
f 290/268/292 316/293/320 289/267/291
f 290/268/292 317/294/321 316/293/320
f 292/270/294 317/294/321 290/268/292
f 292/270/294 318/295/322 317/294/321
f 319/296/323 317/294/321 318/295/322
f 319/296/323 320/297/324 317/294/321
f 317/294/321 320/297/324 313/290/317
f 317/294/321 313/290/317 316/293/320
f 313/290/317 314/292/319 316/293/320
f 316/293/320 314/292/319 294/272/296
f 321/298/325 294/272/296 314/292/319
f 321/298/325 314/292/319 322/299/326
f 322/299/326 314/292/319 315/291/318
f 322/299/326 315/291/318 323/300/327
f 324/301/328 326/302/329 325/303/330
f 327/304/331 324/301/328 325/303/330
f 327/304/331 328/305/332 324/301/328
f 324/301/328 328/305/332 329/306/333
f 330/307/334 332/308/335 331/309/336
f 330/307/334 333/310/337 332/308/335
f 334/311/338 333/310/337 330/307/334
f 334/311/338 335/312/339 333/310/337
f 326/302/329 335/312/339 334/311/338
f 326/302/329 336/313/340 335/312/339
f 324/301/328 336/313/340 326/302/329
f 336/313/340 324/301/328 337/314/341
f 324/301/328 329/306/333 337/314/341
f 337/314/341 329/306/333 338/315/342
f 337/314/341 338/315/342 339/316/343
f 338/315/342 340/317/344 339/316/343
f 339/316/343 340/317/344 341/318/345
f 339/316/343 341/318/345 342/319/346
f 342/319/346 341/318/345 343/320/347
f 342/319/346 343/320/347 344/321/348
f 344/321/348 343/320/347 345/322/349
f 344/321/348 345/322/349 346/323/350
f 338/315/342 347/324/351 340/317/344
f 335/312/339 336/313/340 348/325/352
f 333/310/337 335/312/339 348/325/352
f 333/310/337 348/325/352 349/326/353
f 332/308/335 333/310/337 349/326/353
f 332/308/335 349/326/353 350/327/354
f 336/313/340 337/314/341 351/328/355
f 336/313/340 351/328/355 352/329/356
f 336/313/340 352/329/356 348/325/352
f 348/325/352 352/329/356 353/330/357
f 348/325/352 353/330/357 349/326/353
f 349/326/353 353/330/357 354/331/358
f 349/326/353 354/331/358 350/327/354
f 350/327/354 354/331/358 355/332/359
f 355/332/359 354/331/358 356/333/360
f 355/332/359 356/333/360 357/334/361
f 352/329/356 351/328/355 358/335/362
f 353/330/357 352/329/356 358/335/362
f 353/330/357 358/335/362 359/336/363
f 354/331/358 353/330/357 359/336/363
f 354/331/358 359/336/363 356/333/360
f 360/337/364 332/308/335 350/327/354
f 360/337/364 350/327/354 361/338/365
f 350/327/354 355/332/359 361/338/365
f 361/338/365 355/332/359 362/339/366
f 362/339/366 355/332/359 357/334/361
f 362/339/366 357/334/361 363/340/367
f 364/341/368 363/340/367 357/334/361
f 364/341/368 357/334/361 365/342/369
f 365/342/369 357/334/361 356/333/360
f 365/342/369 356/333/360 366/343/370
f 366/343/370 356/333/360 359/336/363
f 366/343/370 359/336/363 346/323/350
f 346/323/350 359/336/363 358/335/362
f 346/323/350 358/335/362 344/321/348
f 344/321/348 358/335/362 351/328/355
f 344/321/348 351/328/355 342/319/346
f 351/328/355 339/316/343 342/319/346
f 351/328/355 337/314/341 339/316/343
f 346/323/350 345/322/349 367/344/371
f 346/323/350 367/344/371 366/343/370
f 366/343/370 367/344/371 368/345/372
f 366/343/370 368/345/372 365/342/369
f 365/342/369 368/345/372 369/346/373
f 365/342/369 369/346/373 364/341/368
f 364/341/368 369/346/373 370/347/374
f 364/341/368 370/347/374 371/348/375
f 371/348/375 363/340/367 364/341/368
f 371/348/375 372/349/376 363/340/367
f 372/349/376 362/339/366 363/340/367
f 373/350/377 362/339/366 372/349/376
f 361/338/365 362/339/366 373/350/377
f 374/351/378 361/338/365 373/350/377
f 374/351/378 360/337/364 361/338/365
f 375/352/379 360/337/364 374/351/378
f 332/308/335 360/337/364 375/352/379
f 332/308/335 375/352/379 331/309/336
f 375/352/379 374/351/378 376/353/380
f 374/351/378 377/354/381 376/353/380
f 374/351/378 378/355/382 377/354/381
f 378/355/382 374/351/378 373/350/377
f 373/350/377 372/349/376 378/355/382
f 379/356/383 381/357/384 380/358/385
f 379/356/383 380/358/385 382/359/386
f 382/359/386 345/322/387 379/356/383
f 382/359/386 383/344/388 345/322/387
f 384/360/389 383/344/388 382/359/386
f 384/360/389 368/345/390 383/344/388
f 380/358/385 385/361/391 384/360/389
f 380/358/385 384/360/389 382/359/386
f 386/362/392 388/363/393 387/364/394
f 389/365/395 386/362/392 387/364/394
f 389/365/395 387/364/394 390/366/396
f 390/366/396 391/367/397 389/365/395
f 390/366/396 392/368/398 391/367/397
f 393/369/399 391/367/397 392/368/398
f 393/369/399 392/368/398 394/370/400
f 394/370/400 392/368/398 395/371/401
f 396/372/402 395/371/401 392/368/398
f 396/372/402 392/368/398 390/366/396
f 390/366/396 397/373/403 396/372/402
f 390/366/396 387/364/394 397/373/403
f 387/364/394 398/374/404 397/373/403
f 387/364/394 388/363/393 398/374/404
f 388/363/393 399/375/405 398/374/404
f 391/367/397 393/369/399 400/376/406
f 401/377/407 403/378/408 402/379/409
f 401/377/407 402/379/409 404/380/410
f 405/381/411 401/377/407 404/380/410
f 405/381/411 406/382/412 401/377/407
f 406/382/412 405/381/411 407/383/413
f 407/383/413 405/381/411 408/384/414
f 408/384/414 409/385/415 407/383/413
f 408/384/414 399/375/405 409/385/415
f 388/363/393 409/385/415 399/375/405
f 410/386/416 409/385/415 388/363/393
f 386/362/392 410/386/416 388/363/393
f 411/387/417 410/386/416 386/362/392
f 411/387/417 386/362/392 412/388/418
f 413/389/419 406/382/412 407/383/413
f 413/389/419 407/383/413 409/385/415
f 410/386/416 413/389/419 409/385/415
f 413/389/419 410/386/416 411/387/417
f 413/389/419 411/387/417 414/390/420
f 414/390/420 406/382/412 413/389/419
f 415/391/421 417/392/422 416/393/423
f 416/393/423 417/392/422 418/394/424
f 416/393/423 418/394/424 419/395/425
f 419/395/425 418/394/424 420/396/426
f 419/395/425 420/396/426 421/397/427
f 421/397/427 420/396/426 403/378/408
f 421/397/427 403/378/408 401/377/407
f 421/397/427 401/377/407 422/398/428
f 422/398/428 401/377/407 406/382/412
f 422/398/428 406/382/412 423/399/429
f 414/390/420 423/399/429 406/382/412
f 424/400/430 423/399/429 414/390/420
f 411/387/417 424/400/430 414/390/420
f 411/387/417 425/401/431 424/400/430
f 412/388/418 425/401/431 411/387/417
f 426/402/432 425/401/431 412/388/418
f 426/402/432 412/388/418 427/403/433
f 427/403/433 412/388/418 386/362/392
f 428/404/434 429/405/435 427/403/433
f 427/403/433 430/406/436 426/402/432
f 427/403/433 429/405/435 430/406/436
f 431/407/437 430/406/436 429/405/435
f 431/407/437 429/405/435 432/408/438
f 432/408/438 433/409/439 431/407/437
f 424/400/430 434/410/440 423/399/429
f 435/411/441 423/399/429 434/410/440
f 422/398/428 423/399/429 435/411/441
f 422/398/428 435/411/441 436/412/442
f 437/413/443 436/412/442 435/411/441
f 437/413/443 438/414/444 436/412/442
f 436/412/442 438/414/444 439/415/445
f 435/411/441 434/410/440 437/413/443
f 440/416/446 442/417/447 441/418/448
f 441/418/448 443/419/449 440/416/446
f 441/418/448 433/409/439 443/419/449
f 432/408/438 443/419/449 433/409/439
f 444/420/450 443/419/449 432/408/438
f 429/405/435 444/420/450 432/408/438
f 429/405/435 445/421/451 444/420/450
f 428/404/434 445/421/451 429/405/435
f 446/422/452 445/421/451 428/404/434
f 446/422/452 428/404/434 447/423/453
f 448/424/454 446/422/452 447/423/453
f 449/425/455 446/422/452 448/424/454
f 449/425/455 448/424/454 450/426/456
f 449/425/455 450/426/456 451/427/457
f 449/425/455 451/427/457 452/428/458
f 453/429/459 449/425/455 452/428/458
f 448/424/454 447/423/453 454/430/460
f 443/419/449 455/431/461 440/416/446
f 427/403/433 386/362/392 428/404/434
f 428/404/434 386/362/392 389/365/395
f 428/404/434 389/365/395 447/423/453
f 391/367/397 447/423/453 389/365/395
f 391/367/397 454/430/460 447/423/453
f 391/367/397 400/376/406 454/430/460
f 400/376/406 448/424/454 454/430/460
f 400/376/406 456/432/462 448/424/454
f 456/432/462 450/426/456 448/424/454
f 456/432/462 457/433/463 450/426/456
f 450/426/456 457/433/463 458/434/464
f 450/426/456 458/434/464 451/427/457
f 458/434/464 459/435/465 451/427/457
f 451/427/457 459/435/465 460/436/466
f 451/427/457 460/436/466 452/428/458
f 461/437/467 452/428/458 460/436/466
f 461/437/467 453/429/459 452/428/458
f 462/438/468 453/429/459 461/437/467
f 455/431/461 464/439/469 463/440/470
f 455/431/461 465/441/471 464/439/469
f 443/419/449 465/441/471 455/431/461
f 444/420/450 465/441/471 443/419/449
f 464/439/469 465/441/471 444/420/450
f 464/439/469 444/420/450 466/442/472
f 466/442/472 467/443/473 464/439/469
f 466/442/472 468/444/474 467/443/473
f 467/443/473 468/444/474 469/445/475
f 469/445/475 468/444/474 470/446/476
f 469/445/475 470/446/476 471/447/477
f 472/448/478 471/447/477 470/446/476
f 470/446/476 453/429/459 472/448/478
f 470/446/476 473/449/479 453/429/459
f 453/429/459 473/449/479 449/425/455
f 449/425/455 473/449/479 466/442/472
f 449/425/455 466/442/472 446/422/452
f 466/442/472 445/421/451 446/422/452
f 466/442/472 444/420/450 445/421/451
f 466/442/472 473/449/479 470/446/476
f 470/446/476 468/444/474 466/442/472
f 467/443/473 474/450/480 463/440/470
f 467/443/473 463/440/470 464/439/469
f 467/443/473 469/445/475 475/451/481
f 462/438/468 472/448/478 453/429/459
f 476/452/482 472/448/478 462/438/468
f 471/447/477 472/448/478 476/452/482
f 471/447/477 476/452/482 477/453/483
f 478/454/484 471/447/477 477/453/483
f 479/455/485 471/447/477 478/454/484
f 479/455/485 469/445/475 471/447/477
f 480/456/486 469/445/475 479/455/485
f 480/456/486 475/451/481 469/445/475
f 481/457/487 475/451/481 480/456/486
f 481/457/487 482/458/488 475/451/481
f 482/458/488 467/443/473 475/451/481
f 483/459/489 467/443/473 482/458/488
f 483/459/489 474/450/480 467/443/473
f 484/460/490 474/450/480 483/459/489
f 463/440/470 474/450/480 484/460/490
f 463/440/470 484/460/490 485/461/491
f 485/461/491 455/431/461 463/440/470
f 486/462/492 484/460/490 487/463/493
f 484/460/490 483/459/489 487/463/493
f 488/464/494 490/465/495 489/466/496
f 489/466/496 490/465/495 486/462/492
f 489/466/496 486/462/492 491/467/497
f 491/467/497 486/462/492 492/468/498
f 487/463/493 492/468/498 486/462/492
f 487/463/493 493/469/499 492/468/498
f 494/470/500 493/469/499 487/463/493
f 494/470/500 487/463/493 483/459/489
f 494/470/500 483/459/489 495/471/501
f 495/471/501 483/459/489 482/458/488
f 495/471/501 482/458/488 496/472/502
f 496/472/502 482/458/488 497/473/503
f 481/457/487 497/473/503 482/458/488
f 498/474/504 500/475/505 499/476/506
f 498/474/504 501/477/507 500/475/505
f 502/478/508 501/477/507 498/474/504
f 503/479/509 501/477/507 502/478/508
f 503/479/509 502/478/508 485/461/491
f 504/480/510 503/479/509 485/461/491
f 485/461/491 484/460/490 504/480/510
f 504/480/510 484/460/490 486/462/492
f 504/480/510 486/462/492 490/465/495
f 505/481/511 500/475/505 501/477/507
f 505/481/511 501/477/507 503/479/509
f 485/461/491 502/478/508 455/431/461
f 502/478/508 440/416/446 455/431/461
f 502/478/508 498/474/504 440/416/446
f 440/416/446 498/474/504 442/417/447
f 506/482/512 442/417/447 498/474/504
f 506/482/512 498/474/504 499/476/506
f 507/483/513 506/482/512 499/476/506
f 499/476/506 508/484/514 507/483/513
f 499/476/506 500/475/505 508/484/514
f 509/485/515 508/484/514 500/475/505
f 509/485/515 500/475/505 505/481/511
f 510/486/516 509/485/515 505/481/511
f 503/479/509 510/486/516 505/481/511
f 503/479/509 511/487/517 510/486/516
f 504/480/510 511/487/517 503/479/509
f 512/488/518 511/487/517 504/480/510
f 512/488/518 504/480/510 490/465/495
f 488/464/494 512/488/518 490/465/495
f 510/486/516 511/487/517 512/488/518
f 507/483/513 513/489/519 506/482/512
f 510/486/516 514/490/520 509/485/515
f 515/491/521 514/490/520 510/486/516
f 515/491/521 510/486/516 516/492/522
f 510/486/516 512/488/518 516/492/522
f 517/493/523 516/492/522 512/488/518
f 517/493/523 512/488/518 488/464/494
f 516/492/522 517/493/523 518/494/524
f 516/492/522 518/494/524 515/491/521
f 519/232/525 521/230/526 520/231/527
f 522/229/528 520/231/527 521/230/526
f 522/229/528 523/228/529 520/231/527
f 522/229/528 524/226/530 523/228/529
f 522/229/528 525/227/531 524/226/530
f 525/227/531 526/225/532 524/226/530
f 525/227/531 527/224/533 526/225/532
f 526/225/532 527/224/533 528/222/534
f 526/225/532 528/222/534 529/223/535
f 529/223/535 528/222/534 530/220/536
f 529/223/535 530/220/536 531/221/537
f 531/221/537 530/220/536 532/218/538
f 531/221/537 532/218/538 533/219/539
f 533/219/539 532/218/538 534/217/540
f 533/219/539 534/217/540 535/216/541
f 534/217/540 536/215/542 535/216/541
f 534/217/540 537/214/543 536/215/542
f 538/237/544 540/132/545 539/133/546
f 538/237/544 539/133/546 541/236/547
f 541/236/547 539/133/546 542/134/548
f 541/236/547 542/134/548 543/235/549
f 543/235/549 542/134/548 544/137/550
f 543/235/549 544/137/550 545/234/551
f 545/234/551 544/137/550 546/138/552
f 545/234/551 546/138/552 547/233/553
f 547/233/553 546/138/552 548/141/554
f 547/233/553 548/141/554 519/232/525
f 519/232/525 548/141/554 521/230/526
f 548/141/554 549/142/555 521/230/526
f 550/144/556 521/230/526 549/142/555
f 550/144/556 551/229/557 521/230/526
f 552/227/558 551/229/557 550/144/556
f 552/227/558 550/144/556 553/147/559
f 554/224/560 552/227/558 553/147/559
f 554/224/560 553/147/559 555/121/561
f 556/222/562 554/224/560 555/121/561
f 556/222/562 555/121/561 557/122/563
f 558/220/564 556/222/562 557/122/563
f 558/220/564 557/122/563 559/124/565
f 560/218/566 558/220/564 559/124/565
f 560/218/566 559/124/565 561/126/567
f 562/242/568 560/218/566 561/126/567
f 562/242/568 561/126/567 563/128/569
f 562/242/568 563/128/569 564/129/570
f 562/242/568 564/129/570 565/241/571
f 564/129/570 566/240/572 565/241/571
f 564/129/570 567/127/573 566/240/572
f 568/495/574 566/240/572 567/127/573
f 568/495/574 567/127/573 569/125/575
f 570/496/576 568/495/574 569/125/575
f 570/496/576 569/125/575 571/123/577
f 572/497/578 570/496/576 571/123/577
f 572/497/578 571/123/577 573/120/579
f 574/498/580 572/497/578 573/120/579
f 574/498/580 573/120/579 575/146/581
f 576/499/582 574/498/580 575/146/581
f 576/499/582 575/146/581 577/145/583
f 578/143/584 576/499/582 577/145/583
f 579/161/585 581/158/586 580/159/587
f 580/159/587 581/158/586 582/157/588
f 580/159/587 582/157/588 583/148/589
f 583/148/589 582/157/588 584/212/590
f 583/148/589 584/212/590 585/193/591
f 585/193/591 584/212/590 586/202/592
f 585/193/591 586/202/592 587/198/593
f 585/193/591 587/198/593 588/199/594
f 585/193/591 588/199/594 589/197/595
f 585/193/591 589/197/595 590/196/596
f 591/195/597 585/193/591 590/196/596
f 583/148/589 585/193/591 591/195/597
f 583/148/589 591/195/597 592/194/598
f 593/155/599 581/158/586 594/156/600
f 593/155/599 582/157/588 581/158/586
f 595/213/601 582/157/588 593/155/599
f 595/213/601 584/212/590 582/157/588
f 596/204/602 584/212/590 595/213/601
f 596/204/602 586/202/592 584/212/590
f 597/165/603 579/161/585 598/163/604
f 579/161/585 599/162/605 598/163/604
f 599/162/605 579/161/585 580/159/587
f 599/162/605 580/159/587 600/160/606
f 600/160/606 580/159/587 601/149/607
f 580/159/587 602/150/608 601/149/607
f 580/159/587 583/148/589 602/150/608
f 602/150/608 583/148/589 603/151/609
f 604/174/610 606/167/611 605/166/612
f 606/167/611 597/165/603 605/166/612
f 606/167/611 607/164/613 597/165/603
f 597/165/603 607/164/613 579/161/585
f 607/164/613 608/171/614 579/161/585
f 579/161/585 608/171/614 581/158/586
f 581/158/586 608/171/614 609/187/615
f 581/158/586 609/187/615 594/156/600
f 609/187/615 610/153/616 594/156/600
f 594/156/600 610/153/616 611/154/617
f 594/156/600 611/154/617 593/155/599
f 593/155/599 611/154/617 612/209/618
f 593/155/599 612/209/618 595/213/601
f 595/213/601 612/209/618 613/206/619
f 595/213/601 613/206/619 596/204/602
f 596/204/602 613/206/619 614/207/620
f 596/204/602 614/207/620 615/205/621
f 615/205/621 586/202/592 596/204/602
f 613/206/619 616/211/622 614/207/620
f 613/206/619 617/208/623 616/211/622
f 618/210/624 617/208/623 613/206/619
f 618/210/624 613/206/619 612/209/618
f 609/187/615 608/171/614 619/170/625
f 607/164/613 619/170/625 608/171/614
f 620/191/626 619/170/625 607/164/613
f 620/191/626 607/164/613 606/167/611
f 621/168/627 620/191/626 606/167/611
f 621/168/627 622/169/628 620/191/626
f 611/154/617 618/210/624 612/209/618
f 611/154/617 623/152/629 618/210/624
f 624/190/630 623/152/629 611/154/617
f 624/190/630 611/154/617 610/153/616
f 625/186/631 624/190/630 610/153/616
f 609/187/615 625/186/631 610/153/616
f 626/188/632 625/186/631 609/187/615
f 609/187/615 619/170/625 626/188/632
f 627/192/633 626/188/632 619/170/625
f 627/192/633 619/170/625 620/191/626
f 620/191/626 628/177/634 627/192/633
f 620/191/626 622/169/628 628/177/634
f 628/177/634 622/169/628 629/172/635
f 630/173/636 629/172/635 622/169/628
f 630/173/636 622/169/628 621/168/627
f 631/175/637 630/173/636 621/168/627
f 631/175/637 621/168/627 604/174/610
f 604/174/610 621/168/627 606/167/611
f 628/177/634 629/172/635 632/176/638
f 626/188/632 633/184/639 625/186/631
f 634/181/640 633/184/639 626/188/632
f 634/181/640 626/188/632 627/192/633
f 628/177/634 634/181/640 627/192/633
f 628/177/634 635/179/641 634/181/640
f 632/176/638 635/179/641 628/177/634
f 632/176/638 636/178/642 635/179/641
f 637/189/643 635/179/641 636/178/642
f 637/189/643 638/180/644 635/179/641
f 635/179/641 638/180/644 639/182/645
f 635/179/641 639/182/645 634/181/640
f 639/182/645 633/184/639 634/181/640
f 639/182/645 640/183/646 633/184/639
f 640/183/646 625/186/631 633/184/639
f 640/183/646 641/185/647 625/186/631
f 625/186/631 641/185/647 624/190/630
f 642/217/648 644/218/649 643/242/650
f 645/239/651 646/214/652 642/217/648
f 645/239/651 642/217/648 643/242/650
f 645/239/651 643/242/650 647/241/653
f 648/240/654 645/239/651 647/241/653
f 645/239/651 649/238/655 646/214/652
f 650/500/656 652/501/657 651/502/658
f 650/500/656 651/502/658 653/503/659
f 654/504/660 656/505/661 655/506/662
f 657/507/663 654/504/660 655/506/662
f 658/508/664 657/507/663 655/506/662
f 658/508/664 659/509/665 657/507/663
f 659/509/665 658/508/664 660/510/666
f 661/511/667 659/509/665 660/510/666
f 661/511/667 660/510/666 662/512/668
f 663/513/669 661/511/667 662/512/668
f 663/513/669 664/514/670 661/511/667
f 663/513/669 665/515/671 664/514/670
f 666/516/672 664/514/670 665/515/671
f 666/516/672 665/515/671 667/517/673
f 652/501/657 666/516/672 667/517/673
f 652/501/657 668/518/674 666/516/672
f 652/501/657 650/500/656 668/518/674
f 416/393/423 668/518/674 650/500/656
f 416/393/423 650/500/656 669/519/675
f 415/391/421 416/393/423 669/519/675
f 668/518/674 416/393/423 419/395/425
f 666/516/672 668/518/674 419/395/425
f 666/516/672 419/395/425 670/520/676
f 664/514/670 666/516/672 670/520/676
f 661/511/667 664/514/670 670/520/676
f 657/507/663 661/511/667 670/520/676
f 657/507/663 659/509/665 661/511/667
f 658/508/664 672/521/677 671/522/678
f 658/508/664 671/522/678 660/510/666
f 665/515/671 663/513/669 673/523/679
f 665/515/671 673/523/679 674/524/680
f 675/525/681 657/507/663 670/520/676
f 675/525/681 670/520/676 676/526/682
f 676/526/682 670/520/676 419/395/425
f 676/526/682 419/395/425 421/397/427
f 439/415/445 678/527/683 677/528/684
f 439/415/445 677/528/684 679/529/685
f 436/412/442 439/415/445 679/529/685
f 680/530/686 436/412/442 679/529/685
f 422/398/428 436/412/442 680/530/686
f 422/398/428 680/530/686 681/531/687
f 422/398/428 681/531/687 421/397/427
f 681/531/687 676/526/682 421/397/427
f 676/526/682 681/531/687 682/532/688
f 676/526/682 682/532/688 675/525/681
f 682/532/688 683/533/689 675/525/681
f 683/533/689 657/507/663 675/525/681
f 683/533/689 684/534/690 657/507/663
f 657/507/663 684/534/690 654/504/660
f 682/532/688 681/531/687 680/530/686
f 680/530/686 679/529/685 682/532/688
f 677/528/684 682/532/688 679/529/685
f 677/528/684 685/535/691 682/532/688
f 682/532/688 685/535/691 683/533/689
f 686/536/692 688/537/693 687/538/694
f 686/536/692 689/539/695 688/537/693
f 688/537/693 689/539/695 690/540/696
f 691/541/697 688/537/693 690/540/696
f 687/538/694 688/537/693 691/541/697
f 687/538/694 691/541/697 692/542/698
f 689/539/695 693/543/699 690/540/696
f 694/544/700 696/545/701 695/546/702
f 697/547/703 694/544/700 695/546/702
f 697/547/703 691/541/697 694/544/700
f 694/544/700 691/541/697 698/548/704
f 691/541/697 690/540/696 698/548/704
f 690/540/696 699/549/705 698/548/704
f 690/540/696 693/543/699 699/549/705
f 699/549/705 693/543/699 700/550/706
f 693/543/699 701/551/707 700/550/706
f 689/539/695 701/551/707 693/543/699
f 689/539/695 702/552/708 701/551/707
f 689/539/695 703/553/709 702/552/708
f 703/553/709 704/554/710 702/552/708
f 703/553/709 705/555/711 704/554/710
f 706/556/712 705/555/711 703/553/709
f 706/556/712 703/553/709 707/557/713
f 703/553/709 686/536/692 707/557/713
f 703/553/709 689/539/695 686/536/692
f 699/549/705 700/550/706 708/558/714
f 702/552/708 704/554/710 709/559/715
f 702/552/708 709/559/715 710/560/716
f 701/551/707 702/552/708 710/560/716
f 711/561/717 708/558/714 712/562/718
f 711/561/717 699/549/705 708/558/714
f 698/548/704 699/549/705 711/561/717
f 694/544/700 698/548/704 713/563/719
f 698/548/704 711/561/717 713/563/719
f 713/563/719 711/561/717 714/564/720
f 714/564/720 711/561/717 712/562/718
f 714/564/720 712/562/718 715/565/721
f 701/551/707 710/560/716 716/566/722
f 717/567/723 701/551/707 716/566/722
f 717/567/723 700/550/706 701/551/707
f 718/568/724 700/550/706 717/567/723
f 718/568/724 708/558/714 700/550/706
f 719/569/725 708/558/714 718/568/724
f 719/569/725 712/562/718 708/558/714
f 720/570/726 712/562/718 719/569/725
f 720/570/726 715/565/721 712/562/718
f 721/571/727 715/565/721 720/570/726
f 721/571/727 722/572/728 715/565/721
f 723/573/729 715/565/721 722/572/728
f 723/573/729 714/564/720 715/565/721
f 724/574/730 714/564/720 723/573/729
f 713/563/719 714/564/720 724/574/730
f 725/575/731 713/563/719 724/574/730
f 725/575/731 694/544/700 713/563/719
f 694/544/700 725/575/731 696/545/701
f 709/559/715 727/576/732 726/577/733
f 709/559/715 726/577/733 710/560/716
f 710/560/716 726/577/733 728/578/734
f 710/560/716 728/578/734 716/566/722
f 716/566/722 728/578/734 729/579/735
f 716/566/722 729/579/735 717/567/723
f 717/567/723 729/579/735 730/580/736
f 717/567/723 730/580/736 718/568/724
f 718/568/724 730/580/736 731/581/737
f 718/568/724 731/581/737 719/569/725
f 719/569/725 731/581/737 732/582/738
f 719/569/725 732/582/738 720/570/726
f 720/570/726 732/582/738 733/583/739
f 720/570/726 733/583/739 721/571/727
f 721/571/727 733/583/739 734/584/740
f 721/571/727 734/584/740 735/585/741
f 735/585/741 722/572/728 721/571/727
f 735/585/741 736/586/742 722/572/728
f 736/586/742 723/573/729 722/572/728
f 737/587/743 723/573/729 736/586/742
f 724/574/730 723/573/729 737/587/743
f 738/588/744 724/574/730 737/587/743
f 738/588/744 725/575/731 724/574/730
f 739/589/745 725/575/731 738/588/744
f 739/589/745 738/588/744 740/590/746
f 738/588/744 741/591/747 740/590/746
f 738/588/744 742/592/748 741/591/747
f 742/592/748 738/588/744 737/587/743
f 737/587/743 736/586/742 742/592/748
f 743/593/749 745/594/750 744/595/751
f 743/593/749 744/595/751 746/596/752
f 746/596/752 730/580/753 743/593/749
f 746/596/752 747/581/754 730/580/753
f 748/597/755 747/581/754 746/596/752
f 748/597/755 732/582/756 747/581/754
f 744/595/751 749/598/757 748/597/755
f 744/595/751 748/597/755 746/596/752
f 750/2/758 752/19/759 751/20/760
f 753/15/761 754/6/762 750/2/758
f 750/2/758 751/20/760 753/15/761
f 753/15/761 751/20/760 755/32/763
f 756/599/764 755/32/765 757/20/766
f 756/599/764 757/20/766 758/600/767
f 758/600/767 757/20/766 752/19/768
f 758/600/767 752/19/768 759/601/769
f 759/601/769 760/602/770 758/600/767
f 759/601/769 761/603/771 760/602/770
f 760/602/770 762/604/772 756/599/764
f 760/602/770 756/599/764 758/600/767
f 763/9/773 754/6/762 764/7/774
f 753/15/761 764/7/774 754/6/762
f 765/21/775 764/7/774 753/15/761
f 753/15/761 755/32/763 765/21/775
f 765/21/775 755/32/763 766/34/776
f 765/21/775 766/34/776 767/31/777
f 767/31/777 766/34/776 768/35/778
f 767/31/777 768/35/778 769/33/779
f 769/33/779 770/22/780 767/31/777
f 769/33/779 771/30/781 770/22/780
f 771/30/781 772/23/782 770/22/780
f 773/17/783 772/23/782 771/30/781
f 774/11/784 772/23/782 773/17/783
f 775/18/785 774/11/784 773/17/783
f 775/18/785 776/13/786 774/11/784
f 777/26/787 776/13/786 775/18/785
f 778/12/788 776/13/786 777/26/787
f 778/12/788 777/26/787 779/27/789
f 773/17/783 771/30/781 780/24/790
f 780/24/790 775/18/785 773/17/783
f 775/18/785 780/24/790 781/29/791
f 775/18/785 781/29/791 782/25/792
f 777/26/787 775/18/785 782/25/792
f 750/2/758 784/48/793 783/5/794
f 750/2/758 754/6/762 784/48/793
f 785/8/795 784/48/793 754/6/762
f 763/9/773 785/8/795 754/6/762
f 786/50/796 785/8/795 763/9/773
f 786/50/796 763/9/773 787/10/797
f 778/12/788 786/50/796 787/10/797
f 776/13/786 778/12/788 787/10/797
f 776/13/786 787/10/797 774/11/784
f 787/10/797 788/16/798 774/11/784
f 774/11/784 788/16/798 772/23/782
f 772/23/782 788/16/798 789/14/799
f 772/23/782 789/14/799 770/22/780
f 767/31/777 770/22/780 789/14/799
f 767/31/777 789/14/799 765/21/775
f 765/21/775 789/14/799 764/7/774
f 788/16/798 764/7/774 789/14/799
f 788/16/798 763/9/773 764/7/774
f 787/10/797 763/9/773 788/16/798
f 785/8/795 790/49/800 784/48/793
f 790/49/800 791/43/801 784/48/793
f 783/5/794 784/48/793 791/43/801
f 783/5/794 791/43/801 792/46/802
f 791/43/801 793/47/803 792/46/802
f 791/43/801 794/44/804 793/47/803
f 795/36/805 794/44/804 791/43/801
f 795/36/805 791/43/801 790/49/800
f 795/36/805 790/49/800 796/45/806
f 796/45/806 790/49/800 785/8/795
f 796/45/806 785/8/795 786/50/796
f 797/28/807 796/45/806 786/50/796
f 778/12/788 797/28/807 786/50/796
f 798/40/808 795/36/805 796/45/806
f 797/28/807 798/40/808 796/45/806
f 799/41/809 778/12/788 779/27/789
f 799/41/809 797/28/807 778/12/788
f 800/39/810 797/28/807 799/41/809
f 800/39/810 798/40/808 797/28/807
f 801/38/811 798/40/808 800/39/810
f 801/38/811 795/36/805 798/40/808
f 802/42/812 795/36/805 801/38/811
f 795/36/805 802/42/812 794/44/804
f 802/42/812 803/54/813 794/44/804
f 794/44/804 803/54/813 804/53/814
f 794/44/804 804/53/814 793/47/803
f 804/53/814 805/51/815 793/47/803
f 793/47/803 805/51/815 806/4/816
f 793/47/803 806/4/816 792/46/802
f 792/46/802 806/4/816 807/1/817
f 792/46/802 807/1/817 783/5/794
f 783/5/794 807/1/817 808/3/818
f 783/5/794 808/3/818 750/2/758
f 804/53/814 809/52/819 805/51/815
f 802/42/812 801/38/811 810/37/820
f 811/56/821 802/42/812 810/37/820
f 811/56/821 812/55/822 802/42/812
f 802/42/812 812/55/822 803/54/813
f 813/63/823 815/65/824 814/57/825
f 814/57/825 816/58/826 813/63/823
f 816/58/826 814/57/825 817/60/827
f 816/58/826 817/60/827 818/59/828
f 819/62/829 816/58/826 818/59/828
f 820/75/830 822/72/831 821/74/832
f 822/72/831 819/62/829 821/74/832
f 822/72/831 823/61/833 819/62/829
f 819/62/829 823/61/833 816/58/826
f 816/58/826 823/61/833 824/70/834
f 816/58/826 824/70/834 813/63/823
f 824/70/834 825/64/835 813/63/823
f 813/63/823 825/64/835 815/65/824
f 815/65/824 825/64/835 826/66/836
f 827/84/837 815/65/824 826/66/836
f 827/84/837 826/66/836 828/83/838
f 828/83/838 829/86/839 827/84/837
f 828/83/838 830/85/840 829/86/839
f 831/82/841 830/85/840 828/83/838
f 831/82/841 832/87/842 830/85/840
f 833/73/843 835/100/844 834/78/845
f 822/72/831 833/73/843 834/78/845
f 822/72/831 834/78/845 836/71/846
f 823/61/833 822/72/831 836/71/846
f 823/61/833 836/71/846 824/70/834
f 836/71/846 837/67/847 824/70/834
f 824/70/834 837/67/847 825/64/835
f 825/64/835 837/67/847 838/68/848
f 825/64/835 838/68/848 826/66/836
f 828/83/838 826/66/836 838/68/848
f 828/83/838 838/68/848 831/82/841
f 831/82/841 838/68/848 839/80/849
f 831/82/841 839/80/849 840/81/850
f 840/81/850 839/80/849 841/89/851
f 840/81/850 841/89/851 842/90/852
f 842/90/852 841/89/851 843/101/853
f 844/79/854 843/101/853 841/89/851
f 844/79/854 845/88/855 843/101/853
f 835/100/844 845/88/855 844/79/854
f 835/100/844 844/79/854 834/78/845
f 834/78/845 844/79/854 846/69/856
f 834/78/845 846/69/856 836/71/846
f 836/71/846 846/69/856 837/67/847
f 837/67/847 846/69/856 839/80/849
f 837/67/847 839/80/849 838/68/848
f 846/69/856 844/79/854 841/89/851
f 846/69/856 841/89/851 839/80/849
f 842/90/852 848/91/857 847/92/858
f 842/90/852 847/92/858 840/81/850
f 840/81/850 847/92/858 849/93/859
f 840/81/850 849/93/859 831/82/841
f 850/108/860 852/107/861 851/106/862
f 850/108/860 851/106/862 853/96/863
f 853/96/863 851/106/862 854/105/864
f 853/96/863 854/105/864 855/95/865
f 855/95/865 854/105/864 856/103/866
f 855/95/865 856/103/866 857/102/867
f 857/102/867 856/103/866 858/104/868
f 857/102/867 858/104/868 842/90/852
f 842/90/852 843/101/853 857/102/867
f 857/102/867 843/101/853 859/97/869
f 845/88/855 859/97/869 843/101/853
f 860/99/870 859/97/869 845/88/855
f 860/99/870 845/88/855 835/100/844
f 861/76/871 860/99/870 835/100/844
f 833/73/843 861/76/871 835/100/844
f 862/77/872 861/76/871 833/73/843
f 862/77/872 833/73/843 820/75/830
f 820/75/830 833/73/843 822/72/831
f 860/99/870 864/98/873 863/94/874
f 860/99/870 863/94/874 859/97/869
f 865/112/875 861/76/871 862/77/872
f 865/112/875 860/99/870 861/76/871
f 864/98/873 860/99/870 865/112/875
f 864/98/873 865/112/875 866/111/876
f 867/113/877 864/98/873 866/111/876
f 867/113/877 868/110/878 864/98/873
f 864/98/873 868/110/878 869/109/879
f 864/98/873 869/109/879 863/94/874
f 863/94/874 869/109/879 850/108/860
f 863/94/874 850/108/860 853/96/863
f 859/97/869 863/94/874 853/96/863
f 859/97/869 853/96/863 855/95/865
f 857/102/867 859/97/869 855/95/865
f 870/118/880 872/117/881 871/116/882
f 870/118/880 871/116/882 873/115/883
f 871/116/882 849/93/884 874/92/885
f 871/116/882 874/92/885 873/115/883
f 873/115/883 874/92/885 848/91/886
f 873/115/883 848/91/886 875/114/887
f 875/114/887 870/118/880 873/115/883
f 875/114/887 876/119/888 870/118/880
f 877/288/889 879/287/890 878/286/891
f 877/288/889 878/286/891 880/284/892
f 881/251/893 877/288/889 880/284/892
f 881/251/893 880/284/892 882/277/894
f 882/277/894 880/284/892 883/285/895
f 882/277/894 883/285/895 884/276/896
f 880/284/892 878/286/891 885/289/897
f 880/284/892 885/289/897 883/285/895
f 886/279/898 887/252/899 881/251/900
f 888/277/901 886/279/898 881/251/900
f 888/277/901 889/278/902 886/279/898
f 884/276/903 889/278/902 888/277/901
f 884/276/903 890/275/904 889/278/902
f 884/276/903 891/271/905 890/275/904
f 890/275/904 891/271/905 892/265/906
f 893/272/907 892/265/906 891/271/905
f 893/272/907 894/267/908 892/265/906
f 895/292/909 894/267/908 893/272/907
f 895/292/909 896/293/910 894/267/908
f 897/291/911 896/293/910 895/292/909
f 897/291/911 898/290/912 896/293/910
f 899/297/913 896/293/910 898/290/912
f 899/297/913 900/294/914 896/293/910
f 899/297/913 901/295/915 900/294/914
f 901/295/915 902/268/916 900/294/914
f 901/295/915 903/270/917 902/268/916
f 892/265/906 894/267/908 904/264/918
f 900/294/914 894/267/908 896/293/910
f 900/294/914 902/268/916 894/267/908
f 902/268/916 904/264/918 894/267/908
f 902/268/916 905/262/919 904/264/918
f 906/261/920 904/264/918 905/262/919
f 899/297/913 907/296/921 901/295/915
f 893/272/907 909/298/922 908/299/923
f 893/272/907 908/299/923 895/292/909
f 895/292/909 908/299/923 910/300/924
f 895/292/909 910/300/924 897/291/911
f 911/269/925 902/268/916 903/270/917
f 911/269/925 905/262/919 902/268/916
f 911/269/925 912/266/926 905/262/919
f 906/261/920 905/262/919 912/266/926
f 906/261/920 912/266/926 913/260/927
f 906/261/920 913/260/927 914/258/928
f 906/261/920 914/258/928 915/259/929
f 915/259/929 914/258/928 916/243/930
f 915/259/929 916/243/930 917/257/931
f 917/257/931 916/243/930 918/245/932
f 917/257/931 918/245/932 919/244/933
f 920/247/934 919/244/933 918/245/932
f 920/247/934 921/249/935 919/244/933
f 920/247/934 922/248/936 921/249/935
f 922/248/936 923/255/937 921/249/935
f 924/254/938 923/255/937 922/248/936
f 924/254/938 925/250/939 923/255/937
f 924/254/938 887/252/899 925/250/939
f 917/257/931 919/244/933 921/249/935
f 924/254/938 926/253/940 887/252/899
f 920/247/934 918/245/932 927/246/941
f 886/279/898 925/250/939 887/252/899
f 886/279/898 923/255/937 925/250/939
f 886/279/898 928/280/942 923/255/937
f 928/280/942 921/249/935 923/255/937
f 928/280/942 929/256/943 921/249/935
f 917/257/931 921/249/935 929/256/943
f 915/259/929 917/257/931 929/256/943
f 915/259/929 929/256/943 930/281/944
f 906/261/920 915/259/929 930/281/944
f 906/261/920 930/281/944 931/263/945
f 906/261/920 931/263/945 904/264/918
f 932/283/946 904/264/918 931/263/945
f 932/283/946 892/265/906 904/264/918
f 890/275/904 892/265/906 932/283/946
f 890/275/904 932/283/946 933/282/947
f 890/275/904 933/282/947 889/278/902
f 889/278/902 933/282/947 928/280/942
f 889/278/902 928/280/942 886/279/898
f 932/283/946 931/263/945 930/281/944
f 932/283/946 930/281/944 933/282/947
f 933/282/947 930/281/944 929/256/943
f 933/282/947 929/256/943 928/280/942
f 934/386/948 936/364/949 935/363/950
f 937/389/951 934/386/948 935/363/950
f 937/389/951 935/363/950 938/385/952
f 939/382/953 937/389/951 938/385/952
f 939/382/953 938/385/952 940/383/954
f 941/394/955 943/397/956 942/396/957
f 942/396/957 943/397/956 944/377/958
f 942/396/957 944/377/958 945/378/959
f 945/378/959 944/377/958 946/380/960
f 939/382/953 946/380/960 944/377/958
f 939/382/953 947/381/961 946/380/960
f 947/381/961 939/382/953 940/383/954
f 947/381/961 940/383/954 948/384/962
f 949/375/963 948/384/962 940/383/954
f 949/375/963 940/383/954 938/385/952
f 938/385/952 950/374/964 949/375/963
f 938/385/952 935/363/950 950/374/964
f 935/363/950 951/373/965 950/374/964
f 935/363/950 936/364/949 951/373/965
f 936/364/949 952/372/966 951/373/965
f 945/378/959 946/380/960 953/379/967
f 954/411/968 956/398/969 955/530/970
f 954/411/968 955/530/970 957/412/971
f 957/412/971 955/530/970 958/532/972
f 959/531/973 958/532/972 955/530/970
f 959/531/973 960/525/974 958/532/972
f 959/531/973 961/526/975 960/525/974
f 961/526/975 959/531/973 943/397/956
f 955/530/970 943/397/956 959/531/973
f 955/530/970 956/398/969 943/397/956
f 944/377/958 943/397/956 956/398/969
f 944/377/958 956/398/969 939/382/953
f 939/382/953 956/398/969 954/411/968
f 939/382/953 954/411/968 962/399/976
f 962/399/976 937/389/951 939/382/953
f 962/399/976 963/390/977 937/389/951
f 934/386/948 937/389/951 963/390/977
f 934/386/948 963/390/977 964/387/978
f 965/401/979 963/390/977 966/400/980
f 967/410/981 966/400/980 963/390/977
f 967/410/981 963/390/977 962/399/976
f 962/399/976 968/413/982 967/410/981
f 962/399/976 954/411/968 968/413/982
f 969/414/983 968/413/982 954/411/968
f 969/414/983 954/411/968 957/412/971
f 969/414/983 957/412/971 970/529/984
f 957/412/971 958/532/972 970/529/984
f 971/535/985 970/529/984 958/532/972
f 971/535/985 958/532/972 960/525/974
f 971/535/985 960/525/974 972/533/986
f 973/534/987 972/533/986 960/525/974
f 973/534/987 960/525/974 974/507/988
f 974/507/988 960/525/974 961/526/975
f 974/507/988 961/526/975 975/520/989
f 975/520/989 961/526/975 943/397/956
f 975/520/989 943/397/956 976/395/990
f 941/394/955 976/395/990 943/397/956
f 977/392/991 976/395/990 941/394/955
f 971/535/985 978/528/992 970/529/984
f 979/527/993 970/529/984 978/528/992
f 979/527/993 980/415/994 970/529/984
f 969/414/983 970/529/984 980/415/994
f 977/392/991 982/391/995 981/519/996
f 977/392/991 981/519/996 983/393/997
f 977/392/991 983/393/997 976/395/990
f 983/393/997 984/518/998 976/395/990
f 984/518/998 975/520/989 976/395/990
f 984/518/998 985/516/999 975/520/989
f 985/516/999 986/514/1000 975/520/989
f 986/514/1000 985/516/999 987/517/1001
f 986/514/1000 987/517/1001 988/515/1002
f 984/518/998 983/393/997 981/519/996
f 984/518/998 981/519/996 989/500/1003
f 990/501/1004 992/503/1005 991/502/1006
f 990/501/1004 989/500/1003 992/503/1005
f 989/500/1003 990/501/1004 984/518/998
f 984/518/998 990/501/1004 987/517/1001
f 984/518/998 987/517/1001 985/516/999
f 993/505/1007 995/504/1008 994/506/1009
f 973/534/987 994/506/1009 995/504/1008
f 973/534/987 974/507/988 994/506/1009
f 996/509/1010 994/506/1009 974/507/988
f 996/509/1010 974/507/988 975/520/989
f 996/509/1010 975/520/989 997/511/1011
f 986/514/1000 997/511/1011 975/520/989
f 986/514/1000 998/512/1012 997/511/1011
f 986/514/1000 999/513/1013 998/512/1012
f 988/515/1002 999/513/1013 986/514/1000
f 999/513/1013 988/515/1002 1000/524/1014
f 999/513/1013 1000/524/1014 1001/523/1015
f 996/509/1010 997/511/1011 998/512/1012
f 996/509/1010 998/512/1012 1002/510/1016
f 1003/508/1017 996/509/1010 1002/510/1016
f 996/509/1010 1003/508/1017 994/506/1009
f 1004/521/1018 1003/508/1017 1002/510/1016
f 1004/521/1018 1002/510/1016 1005/522/1019
f 884/276/903 1006/274/1020 891/271/905
f 1006/274/1020 893/272/907 891/271/905
f 1006/274/1020 1007/273/1021 893/272/907
f 1008/435/1022 1010/434/1023 1009/427/1024
f 1011/433/1025 1009/427/1024 1010/434/1023
f 1012/473/1026 1014/457/1027 1013/451/1028
f 1013/451/1028 1014/457/1027 1015/456/1029
f 1013/451/1028 1015/456/1029 1016/455/1030
f 1013/451/1028 1016/455/1030 1017/445/1031
f 1017/445/1031 1016/455/1030 1018/454/1032
f 1017/445/1031 1018/454/1032 1019/447/1033
f 1019/447/1033 1018/454/1032 1020/453/1034
f 1021/448/1035 1019/447/1033 1020/453/1034
f 1021/448/1035 1020/453/1034 1022/452/1036
f 1021/448/1035 1022/452/1036 1023/438/1037
f 1021/448/1035 1023/438/1037 1024/437/1038
f 1021/448/1035 1024/437/1038 1025/429/1039
f 1025/429/1039 1024/437/1038 1026/436/1040
f 1025/429/1039 1026/436/1040 1027/428/1041
f 1008/435/1022 1027/428/1041 1026/436/1040
f 1008/435/1022 1009/427/1024 1027/428/1041
f 1028/426/1042 1027/428/1041 1009/427/1024
f 1011/433/1025 1028/426/1042 1009/427/1024
f 1029/460/1043 1031/465/1044 1030/462/1045
f 1029/460/1043 1030/462/1045 1032/463/1046
f 1033/450/1047 1029/460/1043 1032/463/1046
f 1033/450/1047 1032/463/1046 1034/459/1048
f 1033/450/1047 1034/459/1048 1035/458/1049
f 1033/450/1047 1035/458/1049 1036/443/1050
f 1036/443/1050 1035/458/1049 1013/451/1028
f 1037/444/1051 1036/443/1050 1013/451/1028
f 1037/444/1051 1013/451/1028 1017/445/1031
f 1037/444/1051 1017/445/1031 1019/447/1033
f 1037/444/1051 1019/447/1033 1038/446/1052
f 1019/447/1033 1021/448/1035 1038/446/1052
f 1039/449/1053 1038/446/1052 1021/448/1035
f 1039/449/1053 1021/448/1035 1025/429/1039
f 1039/449/1053 1025/429/1039 1027/428/1041
f 1039/449/1053 1027/428/1041 1040/425/1054
f 1028/426/1042 1040/425/1054 1027/428/1041
f 1041/422/1055 1040/425/1054 1028/426/1042
f 1039/449/1053 1041/422/1055 1042/442/1056
f 1039/449/1053 1040/425/1054 1041/422/1055
f 1033/450/1047 1036/443/1050 1043/439/1057
f 1037/444/1051 1043/439/1057 1036/443/1050
f 1037/444/1051 1042/442/1056 1043/439/1057
f 1037/444/1051 1038/446/1052 1042/442/1056
f 1039/449/1053 1042/442/1056 1038/446/1052
f 1044/484/1058 1046/481/1059 1045/475/1060
f 1044/484/1058 1047/485/1061 1046/481/1059
f 1048/490/1062 1046/481/1059 1047/485/1061
f 1048/490/1062 1049/486/1063 1046/481/1059
f 1048/490/1062 1050/492/1064 1049/486/1063
f 1051/487/1065 1049/486/1063 1050/492/1064
f 1051/487/1065 1050/492/1064 1052/488/1066
f 1051/487/1065 1052/488/1066 1031/465/1044
f 1051/487/1065 1031/465/1044 1053/480/1067
f 1029/460/1043 1053/480/1067 1031/465/1044
f 1029/460/1043 1054/461/1068 1053/480/1067
f 1033/450/1047 1054/461/1068 1029/460/1043
f 1033/450/1047 1055/440/1069 1054/461/1068
f 1033/450/1047 1043/439/1057 1055/440/1069
f 1056/441/1070 1055/440/1069 1043/439/1057
f 1056/441/1070 1043/439/1057 1042/442/1056
f 1056/441/1070 1042/442/1056 1057/420/1071
f 1057/420/1071 1042/442/1056 1041/422/1055
f 1051/487/1065 1053/480/1067 1054/461/1068
f 1048/490/1062 1058/491/1072 1050/492/1064
f 1059/478/1073 1054/461/1068 1055/440/1069
f 1059/478/1073 1055/440/1069 1060/431/1074
f 1056/441/1070 1060/431/1074 1055/440/1069
f 1061/477/1075 1062/479/1076 1054/461/1068
f 1051/487/1065 1054/461/1068 1062/479/1076
f 1051/487/1065 1062/479/1076 1046/481/1059
f 1051/487/1065 1046/481/1059 1049/486/1063
f 1045/475/1060 1046/481/1059 1062/479/1076
f 1045/475/1060 1062/479/1076 1061/477/1075
f 1061/477/1075 1063/476/1077 1045/475/1060
f 1061/477/1075 1064/474/1078 1063/476/1077
f 1057/420/1071 1041/422/1055 1065/421/1079
f 1065/421/1079 1041/422/1055 1066/423/1080
f 1065/421/1079 1066/423/1080 1067/404/1081
f 1068/362/1082 1067/404/1081 1066/423/1080
f 1069/388/1083 1067/404/1081 1068/362/1082
f 1069/388/1083 1070/403/1084 1067/404/1081
f 1065/421/1079 1067/404/1081 1070/403/1084
f 1065/421/1079 1070/403/1084 1071/405/1085
f 1065/421/1079 1071/405/1085 1072/408/1086
f 1065/421/1079 1072/408/1086 1057/420/1071
f 1056/441/1070 1057/420/1071 1072/408/1086
f 1056/441/1070 1072/408/1086 1073/419/1087
f 1056/441/1070 1073/419/1087 1074/416/1088
f 1056/441/1070 1074/416/1088 1060/431/1074
f 1064/474/1078 1060/431/1074 1074/416/1088
f 1064/474/1078 1059/478/1073 1060/431/1074
f 1061/477/1075 1059/478/1073 1064/474/1078
f 1061/477/1075 1054/461/1068 1059/478/1073
f 965/401/979 1070/403/1084 1069/388/1083
f 965/401/979 1075/402/1089 1070/403/1084
f 1071/405/1085 1070/403/1084 1075/402/1089
f 1071/405/1085 1075/402/1089 1076/406/1090
f 1076/406/1090 1072/408/1086 1071/405/1085
f 1076/406/1090 1077/407/1091 1072/408/1086
f 1073/419/1087 1072/408/1086 1077/407/1091
f 1073/419/1087 1077/407/1091 1078/409/1092
f 1078/409/1092 1074/416/1088 1073/419/1087
f 1078/409/1092 1079/418/1093 1074/416/1088
f 1064/474/1078 1074/416/1088 1079/418/1093
f 1064/474/1078 1079/418/1093 1080/417/1094
f 1080/417/1094 1063/476/1077 1064/474/1078
f 1080/417/1094 1081/482/1095 1063/476/1077
f 1082/489/1096 1063/476/1077 1081/482/1095
f 1082/489/1096 1083/483/1097 1063/476/1077
f 1045/475/1060 1063/476/1077 1083/483/1097
f 1045/475/1060 1083/483/1097 1044/484/1058
f 1011/433/1025 1084/424/1098 1028/426/1042
f 1011/433/1025 1085/432/1099 1084/424/1098
f 1085/432/1099 1086/430/1100 1084/424/1098
f 1085/432/1099 1087/376/1101 1086/430/1100
f 1088/369/1102 1086/430/1100 1087/376/1101
f 1088/369/1102 1089/367/1103 1086/430/1100
f 1089/367/1103 1088/369/1102 1090/370/1104
f 1089/367/1103 1090/370/1104 1091/368/1105
f 1091/368/1105 1090/370/1104 1092/371/1106
f 1092/371/1106 1093/366/1107 1091/368/1105
f 1092/371/1106 952/372/966 1093/366/1107
f 936/364/949 1093/366/1107 952/372/966
f 1068/362/1082 1093/366/1107 936/364/949
f 934/386/948 1068/362/1082 936/364/949
f 934/386/948 1069/388/1083 1068/362/1082
f 934/386/948 964/387/978 1069/388/1083
f 965/401/979 1069/388/1083 964/387/978
f 965/401/979 964/387/978 963/390/977
f 1041/422/1055 1028/426/1042 1084/424/1098
f 1041/422/1055 1084/424/1098 1086/430/1100
f 1041/422/1055 1086/430/1100 1066/423/1080
f 1086/430/1100 1094/365/1108 1066/423/1080
f 1068/362/1082 1066/423/1080 1094/365/1108
f 1068/362/1082 1094/365/1108 1093/366/1107
f 1091/368/1105 1093/366/1107 1094/365/1108
f 1091/368/1105 1094/365/1108 1089/367/1103
f 1086/430/1100 1089/367/1103 1094/365/1108
f 1095/336/1109 1097/323/1110 1096/321/1111
f 1098/333/1112 1097/323/1110 1095/336/1109
f 1099/330/1113 1098/333/1112 1095/336/1109
f 1099/330/1113 1100/331/1114 1098/333/1112
f 1099/330/1113 1101/327/1115 1100/331/1114
f 1100/331/1114 1101/327/1115 1102/338/1116
f 1103/308/1117 1102/338/1116 1101/327/1115
f 1103/308/1117 1104/337/1118 1102/338/1116
f 1104/337/1118 1106/351/1119 1105/350/1120
f 1104/337/1118 1105/350/1120 1102/338/1116
f 1107/332/1121 1102/338/1116 1105/350/1120
f 1100/331/1114 1102/338/1116 1107/332/1121
f 1100/331/1114 1107/332/1121 1108/334/1122
f 1100/331/1114 1108/334/1122 1098/333/1112
f 1108/334/1122 1109/343/1123 1098/333/1112
f 1098/333/1112 1109/343/1123 1097/323/1110
f 1110/322/1124 1097/323/1110 1109/343/1123
f 1111/320/1125 1097/323/1110 1110/322/1124
f 1111/320/1125 1096/321/1111 1097/323/1110
f 1112/318/1126 1096/321/1111 1111/320/1125
f 1110/322/1124 1109/343/1123 1113/344/1127
f 1113/344/1127 1109/343/1123 1114/342/1128
f 1108/334/1122 1114/342/1128 1109/343/1123
f 1115/340/1129 1114/342/1128 1108/334/1122
f 1107/332/1121 1115/340/1129 1108/334/1122
f 1107/332/1121 1116/339/1130 1115/340/1129
f 1107/332/1121 1105/350/1120 1116/339/1130
f 1116/339/1130 1105/350/1120 1117/355/1131
f 1106/351/1119 1117/355/1131 1105/350/1120
f 1117/355/1131 1106/351/1119 1118/353/1132
f 1104/337/1118 1118/353/1132 1106/351/1119
f 1104/337/1118 1119/352/1133 1118/353/1132
f 1104/337/1118 1120/309/1134 1119/352/1133
f 1104/337/1118 1103/308/1117 1120/309/1134
f 1121/310/1135 1120/309/1134 1103/308/1117
f 1121/310/1135 1103/308/1117 1101/327/1115
f 1121/310/1135 1101/327/1115 1122/326/1136
f 1099/330/1113 1122/326/1136 1101/327/1115
f 1117/355/1131 1118/353/1132 1123/354/1137
f 1116/339/1130 1117/355/1131 1124/349/1138
f 1116/339/1130 1124/349/1138 1115/340/1129
f 1124/349/1138 1125/341/1139 1115/340/1129
f 1115/340/1129 1125/341/1139 1114/342/1128
f 1126/345/1140 1114/342/1128 1125/341/1139
f 1113/344/1127 1114/342/1128 1126/345/1140
f 1124/349/1138 1127/348/1141 1125/341/1139
f 1128/346/1142 1125/341/1139 1127/348/1141
f 1126/345/1140 1125/341/1139 1128/346/1142
f 1128/346/1142 1127/348/1141 1129/347/1143
f 1130/313/1144 1132/311/1145 1131/312/1146
f 1131/312/1146 1132/311/1145 1133/307/1147
f 1131/312/1146 1133/307/1147 1121/310/1135
f 1121/310/1135 1133/307/1147 1120/309/1134
f 1134/301/1148 1136/328/1149 1135/314/1150
f 1134/301/1148 1130/313/1144 1136/328/1149
f 1136/328/1149 1130/313/1144 1137/325/1151
f 1130/313/1144 1131/312/1146 1137/325/1151
f 1135/314/1150 1139/319/1152 1138/316/1153
f 1135/314/1150 1136/328/1149 1139/319/1152
f 1140/335/1154 1139/319/1152 1136/328/1149
f 1136/328/1149 1141/329/1155 1140/335/1154
f 1136/328/1149 1137/325/1151 1141/329/1155
f 1141/329/1155 1137/325/1151 1122/326/1136
f 1131/312/1146 1122/326/1136 1137/325/1151
f 1131/312/1146 1121/310/1135 1122/326/1136
f 1141/329/1155 1122/326/1136 1099/330/1113
f 1141/329/1155 1099/330/1113 1095/336/1109
f 1141/329/1155 1095/336/1109 1140/335/1154
f 1095/336/1109 1096/321/1111 1140/335/1154
f 1140/335/1154 1096/321/1111 1139/319/1152
f 1112/318/1126 1139/319/1152 1096/321/1111
f 1142/317/1156 1139/319/1152 1112/318/1126
f 1142/317/1156 1138/316/1153 1139/319/1152
f 1143/324/1157 1138/316/1153 1142/317/1156
f 1143/324/1157 1144/315/1158 1138/316/1153
f 1145/306/1159 1138/316/1153 1144/315/1158
f 1145/306/1159 1135/314/1150 1138/316/1153
f 1146/305/1160 1135/314/1150 1145/306/1159
f 1146/305/1160 1134/301/1148 1135/314/1150
f 1146/305/1160 1147/303/1161 1134/301/1148
f 1130/313/1144 1134/301/1148 1147/303/1161
f 1130/313/1144 1147/303/1161 1148/302/1162
f 1130/313/1144 1148/302/1162 1132/311/1145
f 1146/305/1160 1149/304/1163 1147/303/1161
f 1150/592/1164 1152/588/1165 1151/590/1166
f 1150/592/1164 1151/590/1166 1153/591/1167
f 1154/575/1168 1155/589/1169 1151/590/1166
f 1154/575/1168 1151/590/1166 1152/588/1165
f 1154/575/1168 1152/588/1165 1156/587/1170
f 1152/588/1165 1150/592/1164 1156/587/1170
f 1157/573/1171 1156/587/1170 1150/592/1164
f 1157/573/1171 1150/592/1164 1158/586/1172
f 1154/575/1168 1160/546/1173 1159/545/1174
f 1161/541/1175 1162/547/1176 1160/546/1173
f 1161/541/1175 1160/546/1173 1163/544/1177
f 1154/575/1168 1163/544/1177 1160/546/1173
f 1163/544/1177 1154/575/1168 1164/574/1178
f 1154/575/1168 1156/587/1170 1164/574/1178
f 1165/564/1179 1164/574/1178 1156/587/1170
f 1165/564/1179 1156/587/1170 1157/573/1171
f 1165/564/1179 1157/573/1171 1166/572/1180
f 1157/573/1171 1158/586/1172 1166/572/1180
f 1158/586/1172 1167/571/1181 1166/572/1180
f 1158/586/1172 1168/585/1182 1167/571/1181
f 1169/583/1183 1167/571/1181 1168/585/1182
f 1169/583/1183 1168/585/1182 1170/584/1184
f 1165/564/1179 1166/572/1180 1171/565/1185
f 1172/561/1186 1165/564/1179 1171/565/1185
f 1172/561/1186 1171/565/1185 1173/562/1187
f 1174/549/1188 1175/563/1189 1172/561/1186
f 1174/549/1188 1172/561/1186 1173/562/1187
f 1174/549/1188 1173/562/1187 1176/558/1190
f 1172/561/1186 1164/574/1178 1165/564/1179
f 1172/561/1186 1175/563/1189 1164/574/1178
f 1163/544/1177 1164/574/1178 1175/563/1189
f 1161/541/1175 1163/544/1177 1175/563/1189
f 1161/541/1175 1175/563/1189 1177/548/1191
f 1174/549/1188 1177/548/1191 1175/563/1189
f 1178/543/1192 1177/548/1191 1174/549/1188
f 1178/543/1192 1174/549/1188 1176/558/1190
f 1178/543/1192 1176/558/1190 1179/550/1193
f 1176/558/1190 1180/567/1194 1179/550/1193
f 1176/558/1190 1181/568/1195 1180/567/1194
f 1173/562/1187 1181/568/1195 1176/558/1190
f 1173/562/1187 1182/569/1196 1181/568/1195
f 1171/565/1185 1182/569/1196 1173/562/1187
f 1171/565/1185 1183/570/1197 1182/569/1196
f 1166/572/1180 1183/570/1197 1171/565/1185
f 1166/572/1180 1167/571/1181 1183/570/1197
f 1184/582/1198 1167/571/1181 1169/583/1183
f 1184/582/1198 1183/570/1197 1167/571/1181
f 1185/581/1199 1183/570/1197 1184/582/1198
f 1185/581/1199 1182/569/1196 1183/570/1197
f 1186/580/1200 1182/569/1196 1185/581/1199
f 1186/580/1200 1181/568/1195 1182/569/1196
f 1187/579/1201 1181/568/1195 1186/580/1200
f 1187/579/1201 1180/567/1194 1181/568/1195
f 1188/578/1202 1180/567/1194 1187/579/1201
f 1188/578/1202 1189/566/1203 1180/567/1194
f 1179/550/1193 1180/567/1194 1189/566/1203
f 1179/550/1193 1189/566/1203 1190/551/1204
f 1190/551/1204 1178/543/1192 1179/550/1193
f 1190/551/1204 1191/540/1205 1178/543/1192
f 1178/543/1192 1191/540/1205 1177/548/1191
f 1192/537/1206 1177/548/1191 1191/540/1205
f 1192/537/1206 1161/541/1175 1177/548/1191
f 1192/537/1206 1193/542/1207 1161/541/1175
f 1194/552/1208 1190/551/1204 1189/566/1203
f 1195/553/1209 1190/551/1204 1194/552/1208
f 1195/553/1209 1196/539/1210 1190/551/1204
f 1190/551/1204 1196/539/1210 1191/540/1205
f 1196/539/1210 1192/537/1206 1191/540/1205
f 1192/537/1206 1197/538/1211 1193/542/1207
f 1196/539/1210 1197/538/1211 1192/537/1206
f 1196/539/1210 1198/536/1212 1197/538/1211
f 1196/539/1210 1199/557/1213 1198/536/1212
f 1196/539/1210 1195/553/1209 1199/557/1213
f 1200/555/1214 1199/557/1213 1195/553/1209
f 1200/555/1214 1195/553/1209 1194/552/1208
f 1200/555/1214 1194/552/1208 1201/554/1215
f 1201/554/1215 1194/552/1208 1202/560/1216
f 1194/552/1208 1189/566/1203 1202/560/1216
f 1203/577/1217 1202/560/1216 1189/566/1203
f 1203/577/1217 1189/566/1203 1188/578/1202
f 1200/555/1214 1204/556/1218 1199/557/1213
f 1201/554/1215 1202/560/1216 1205/559/1219
f 1206/576/1220 1205/559/1219 1202/560/1216
f 1206/576/1220 1202/560/1216 1203/577/1217
f 1207/357/1221 1209/356/1222 1208/359/1223
f 1207/357/1221 1208/359/1223 1210/358/1224
f 1211/361/1225 1210/358/1224 1208/359/1223
f 1211/361/1225 1208/359/1223 1212/360/1226
f 1126/345/1227 1212/360/1226 1208/359/1223
f 1126/345/1227 1208/359/1223 1213/344/1228
f 1213/344/1228 1208/359/1223 1209/356/1222
f 1213/344/1228 1209/356/1222 1110/322/1229
f 1214/594/1230 1216/593/1231 1215/596/1232
f 1214/594/1230 1215/596/1232 1217/595/1233
f 1218/598/1234 1217/595/1233 1215/596/1232
f 1218/598/1234 1215/596/1232 1219/597/1235
f 1184/582/1236 1219/597/1235 1215/596/1232
f 1184/582/1236 1215/596/1232 1220/581/1237
f 1220/581/1237 1215/596/1232 1216/593/1231
f 1220/581/1237 1216/593/1231 1186/580/1238
f 1221/131/1239 1222/132/1240 1223/133/1241
f 1221/131/1239 1223/133/1241 1224/130/1242
f 1223/133/1241 1225/135/1243 1224/130/1242
f 1223/133/1241 1226/134/1244 1225/135/1243
f 1225/135/1243 1226/134/1244 1227/137/1245
f 1225/135/1243 1227/137/1245 1228/136/1246
f 1227/137/1245 1229/139/1247 1228/136/1246
f 1227/137/1245 1230/138/1248 1229/139/1247
f 1229/139/1247 1230/138/1248 1231/141/1249
f 1229/139/1247 1231/141/1249 1232/140/1250
f 1231/141/1249 1233/143/1251 1232/140/1250
f 1231/141/1249 1234/142/1252 1233/143/1251
f 1234/142/1252 1235/145/1253 1233/143/1251
f 1234/142/1252 1236/144/1254 1235/145/1253
f 1237/147/1255 1235/145/1253 1236/144/1254
f 1237/147/1255 1238/146/1256 1235/145/1253
f 1238/146/1256 1237/147/1255 1239/121/1257
f 1238/146/1256 1239/121/1257 1240/120/1258
f 1239/121/1257 1241/123/1259 1240/120/1258
f 1239/121/1257 1242/122/1260 1241/123/1259
f 1243/125/1261 1241/123/1259 1242/122/1260
f 1243/125/1261 1242/122/1260 1244/124/1262
f 1244/124/1262 1245/127/1263 1243/125/1261
f 1244/124/1262 1246/126/1264 1245/127/1263
f 1246/126/1264 1247/129/1265 1245/127/1263
f 1246/126/1264 1248/128/1266 1247/129/1265
f 1249/493/1267 1058/491/1072 1250/494/1268
f 1249/493/1267 1050/492/1064 1058/491/1072
f 1050/492/1064 1249/493/1267 1251/464/1269
f 1050/492/1064 1251/464/1269 1052/488/1066
f 1052/488/1066 1251/464/1269 1252/466/1270
f 1052/488/1066 1252/466/1270 1031/465/1044
f 1031/465/1044 1252/466/1270 1253/467/1271
f 1031/465/1044 1253/467/1271 1030/462/1045
f 1030/462/1045 1253/467/1271 1254/468/1272
f 1255/469/1273 1030/462/1045 1254/468/1272
f 1255/469/1273 1032/463/1046 1030/462/1045
f 1255/469/1273 1256/470/1274 1032/463/1046
f 1032/463/1046 1256/470/1274 1257/471/1275
f 1032/463/1046 1257/471/1275 1034/459/1048
f 1034/459/1048 1257/471/1275 1258/472/1276
f 1034/459/1048 1258/472/1276 1035/458/1049
f 1035/458/1049 1258/472/1276 1012/473/1026
f 1012/473/1026 1013/451/1028 1035/458/1049
f 615/205/621 1259/203/1277 586/202/592
f 587/198/593 586/202/592 1259/203/1277
f 587/198/593 1259/203/1277 1260/201/1278
f 588/199/594 587/198/593 1260/201/1278
f 588/199/594 1260/201/1278 1261/200/1279
f 1262/20/1280 1263/601/1281 19/19/1282
f 1262/20/1280 1264/600/1283 1263/601/1281
f 32/32/1284 1264/600/1283 1262/20/1280
f 32/32/1284 1265/599/1285 1264/600/1283
f 1266/604/1286 1264/600/1283 1265/599/1285
f 1266/604/1286 1267/602/1287 1264/600/1283
f 1268/603/1288 1264/600/1283 1267/602/1287
f 1268/603/1288 1263/601/1281 1264/600/1283
f 1269/499/1289 1270/145/1290 1271/143/1291
f 1272/498/1292 1270/145/1290 1269/499/1289
f 1272/498/1292 1273/146/1293 1270/145/1290
f 1274/497/1294 1273/146/1293 1272/498/1292
f 1274/497/1294 1275/120/1295 1273/146/1293
f 1276/496/1296 1275/120/1295 1274/497/1294
f 1276/496/1296 1277/123/1297 1275/120/1295
f 1278/495/1298 1277/123/1297 1276/496/1296
f 1278/495/1298 1279/125/1299 1277/123/1297
f 1280/240/1300 1279/125/1299 1278/495/1298
f 1280/240/1300 1281/127/1301 1279/125/1299
f 1281/127/1301 1280/240/1300 1282/241/1302
f 1281/127/1301 1282/241/1302 1283/129/1303
f 1284/128/1304 1283/129/1303 1282/241/1302
f 1284/128/1304 1282/241/1302 1285/242/1305
f 1286/218/1306 1284/128/1304 1285/242/1305
f 1286/218/1306 235/126/237 1284/128/1304
f 233/220/235 235/126/237 1286/218/1306
o GeometryNode_3
v 0.008404 0.857928 0.666612
v 0.017315 0.862835 0.671631
v 0.007704 0.858454 0.667540
v -0.469894 0.627104 0.299555
v -0.471211 0.626552 0.298625
v -0.470728 0.626490 0.300766
v -0.471814 0.626044 0.300015
v -0.475374 0.625486 0.296868
v -0.475907 0.624996 0.298288
v -0.479695 0.624136 0.294623
v -0.468751 0.628063 0.301192
v -0.469783 0.627290 0.302129
v -0.466996 0.631317 0.307131
v -0.467405 0.630795 0.308152
v -0.467586 0.631011 0.308531
v -0.465070 0.637517 0.309631
v -0.465359 0.637655 0.310074
v -0.453026 0.646161 0.316279
v -0.452740 0.646342 0.315878
v -0.439950 0.651647 0.323116
v -0.439638 0.651770 0.322709
v -0.427173 0.657005 0.330345
v -0.426902 0.657054 0.329893
v -0.387986 0.672245 0.353595
v -0.387715 0.672204 0.353122
v -0.348763 0.686339 0.377166
v -0.348438 0.686329 0.376742
v -0.309931 0.700570 0.400590
v -0.310202 0.700608 0.401064
v -0.271877 0.715230 0.425196
v -0.272153 0.715281 0.425670
v -0.234308 0.729925 0.449859
v -0.234583 0.729981 0.450329
v -0.197484 0.744951 0.475110
v -0.197813 0.744983 0.475528
v -0.171041 0.756723 0.495300
v -0.170646 0.756706 0.494920
v -0.144374 0.768629 0.515360
v -0.144032 0.768588 0.514928
v -0.117909 0.781082 0.536014
v -0.118246 0.781118 0.536442
v -0.099148 0.791048 0.553221
v -0.098690 0.791086 0.552936
v -0.079508 0.801754 0.571327
v -0.079084 0.801811 0.571084
v -0.061265 0.812279 0.589158
v -0.060808 0.812373 0.588994
v -0.034922 0.828062 0.615923
v -0.034465 0.828179 0.615818
v -0.009725 0.844630 0.644080
v -0.009285 0.844753 0.643999
v 0.007962 0.857717 0.666373
v 0.008404 0.857928 0.666612
v 0.007214 0.858243 0.667300
v 0.007704 0.858454 0.667540
v -0.023207 0.854916 0.661909
v -0.023340 0.854590 0.661631
v -0.062927 0.848979 0.652470
v -0.063042 0.848636 0.652176
v -0.101643 0.842217 0.641581
v -0.101728 0.841846 0.641257
v -0.127751 0.837376 0.633753
v -0.127744 0.837002 0.633437
v -0.154655 0.831956 0.624954
v -0.154610 0.831554 0.624595
v -0.180018 0.826494 0.616033
v -0.179806 0.826104 0.615709
v -0.212284 0.818260 0.602814
v -0.212536 0.818643 0.603130
v -0.244049 0.810352 0.589450
v -0.243907 0.809950 0.589091
v -0.275432 0.801923 0.575498
v -0.275197 0.801551 0.575202
v -0.316133 0.789590 0.555364
v -0.316443 0.789953 0.555631
v -0.356814 0.777138 0.534668
v -0.357124 0.777506 0.534932
v -0.397560 0.764472 0.513598
v -0.397870 0.764850 0.513856
v -0.437798 0.751409 0.491823
v -0.438029 0.751797 0.492102
v -0.478189 0.738352 0.469679
v -0.477918 0.737971 0.469409
v -0.518519 0.724022 0.447896
v -0.518305 0.723587 0.447670
v -0.531508 0.718904 0.441006
v -0.531350 0.718440 0.440810
v -0.544383 0.713326 0.433911
v -0.544251 0.712837 0.433768
v -0.558097 0.705480 0.429390
v -0.557745 0.705194 0.429085
v -0.562901 0.700647 0.431236
v -0.563298 0.700781 0.431475
v -0.564061 0.702028 0.431397
v -0.570559 0.700952 0.431929
v -0.570586 0.702490 0.432338
v -0.572406 0.700782 0.431672
v -0.572779 0.702290 0.432037
v -0.574253 0.701873 0.431347
v -0.573602 0.700440 0.431106
v -0.577730 0.700288 0.428677
v -0.577017 0.698880 0.428476
v -0.581756 0.698745 0.426088
v -0.581101 0.697309 0.425843
v -0.586008 0.697381 0.423818
v -0.585520 0.695896 0.423487
v -0.590470 0.694961 0.421976
v -0.590800 0.696472 0.422345
v -0.603701 0.694937 0.419963
v -0.603626 0.693401 0.419553
v -0.618772 0.694059 0.421019
v -0.618663 0.695604 0.421438
v -0.633431 0.694623 0.422309
v -0.633545 0.696153 0.422708
v -0.634977 0.695967 0.422416
v -0.634533 0.694477 0.422082
v -0.635509 0.694184 0.421595
v -0.636253 0.695581 0.421776
v -0.636180 0.693754 0.420864
v -0.637205 0.694980 0.420756
v -0.641928 0.687107 0.407216
v -0.640852 0.685976 0.407488
v -0.646476 0.679247 0.393695
v -0.645387 0.678108 0.393952
v -0.651969 0.671527 0.380434
v -0.650911 0.670344 0.380616
v -0.656588 0.664554 0.370708
v -0.657587 0.665796 0.370625
v -0.663339 0.659056 0.361324
v -0.664297 0.660334 0.361306
v -0.671179 0.653822 0.352425
v -0.672061 0.655148 0.352486
v -0.686272 0.646912 0.338521
v -0.685443 0.645557 0.338409
v -0.701713 0.639263 0.325597
v -0.700969 0.637867 0.325416
v -0.718464 0.632188 0.313697
v -0.717808 0.630752 0.313452
v -0.652484 0.583023 0.229348
v -0.633280 0.588413 0.238277
v -0.651885 0.583532 0.227963
v -0.632783 0.588894 0.236842
v -0.613500 0.592972 0.245750
v -0.613077 0.593436 0.244291
v -0.593069 0.596743 0.251847
v -0.592752 0.597181 0.250344
v -0.580357 0.598986 0.253205
v -0.580591 0.598558 0.254724
v -0.567847 0.600197 0.255035
v -0.567957 0.599785 0.256579
v -0.555200 0.600801 0.255810
v -0.555209 0.600387 0.257348
v -0.538810 0.600226 0.256718
v -0.538901 0.600642 0.255184
v -0.522580 0.599564 0.255221
v -0.522710 0.599973 0.253678
v -0.506519 0.598979 0.253864
v -0.506412 0.599394 0.252325
v -0.504957 0.599629 0.252702
v -0.505455 0.599150 0.254136
v -0.503792 0.600089 0.253472
v -0.504604 0.599493 0.254712
v -0.503941 0.599961 0.255508
v -0.502919 0.600708 0.254527
v -0.498669 0.607891 0.266883
v -0.499724 0.607069 0.267735
v -0.494564 0.615171 0.279408
v -0.495582 0.614420 0.280385
v -0.487973 0.620066 0.290001
v -0.487086 0.620708 0.288841
v -0.483725 0.622627 0.292093
v -0.484479 0.622058 0.293378
v -0.480299 0.623630 0.296012
v -0.636523 0.718028 0.408827
v -0.637475 0.717427 0.407808
v -0.636506 0.718146 0.406776
v -0.642198 0.709554 0.394267
v -0.641143 0.710377 0.393415
v -0.646746 0.701694 0.380746
v -0.645678 0.702509 0.379879
v -0.652238 0.693974 0.367485
v -0.651233 0.694732 0.366524
v -0.656910 0.688943 0.356615
v -0.657856 0.688243 0.357676
v -0.663661 0.683444 0.347231
v -0.664567 0.682781 0.348357
v -0.671470 0.678223 0.338352
v -0.672331 0.677595 0.339537
v -0.686541 0.669359 0.325572
v -0.685734 0.669957 0.324336
v -0.701983 0.661709 0.312649
v -0.701260 0.662267 0.311344
v -0.718765 0.654622 0.300729
v -0.718099 0.655153 0.299379
v -0.635800 0.718585 0.407522
v -0.635247 0.718413 0.409468
v -0.634855 0.718866 0.407989
v -0.633753 0.719011 0.408217
v -0.633815 0.718600 0.409760
v -0.618933 0.718051 0.408489
v -0.619063 0.718460 0.406946
v -0.603975 0.717387 0.407019
v -0.603917 0.717801 0.405481
v -0.590761 0.719362 0.407903
v -0.591070 0.718919 0.409397
v -0.586309 0.719817 0.410849
v -0.585811 0.720296 0.409415
v -0.581423 0.721698 0.411750
v -0.582026 0.721192 0.413139
v -0.577308 0.723281 0.414404
v -0.578000 0.722735 0.415729
v -0.573893 0.724841 0.417034
v -0.574558 0.724310 0.418384
v -0.572697 0.725182 0.417600
v -0.573049 0.724736 0.419089
v -0.570856 0.724936 0.419390
v -0.570881 0.725341 0.417836
v -0.564331 0.724474 0.418449
v -0.563589 0.725182 0.417402
v -0.563223 0.725037 0.417143
v -0.558262 0.721128 0.420380
v -0.557942 0.721002 0.419957
v -0.544344 0.721493 0.428788
v -0.544497 0.721355 0.429258
v -0.531417 0.725024 0.437015
v -0.531574 0.724959 0.437522
v -0.518355 0.728629 0.444762
v -0.518600 0.728594 0.445239
v -0.477947 0.741005 0.467656
v -0.478249 0.741034 0.468109
v -0.437831 0.754438 0.490080
v -0.438058 0.754481 0.490558
v -0.397899 0.767532 0.512313
v -0.397593 0.767504 0.511853
v -0.357153 0.780207 0.533379
v -0.356847 0.780168 0.532925
v -0.316472 0.792659 0.554074
v -0.316166 0.792615 0.553623
v -0.275461 0.804634 0.573938
v -0.275261 0.804557 0.573446
v -0.243936 0.812971 0.587346
v -0.244078 0.813080 0.587880
v -0.212317 0.821286 0.601073
v -0.212565 0.821363 0.601565
v -0.180048 0.829212 0.614470
v -0.179839 0.829130 0.613967
v -0.154642 0.834566 0.622862
v -0.154685 0.834674 0.623389
v -0.127776 0.839995 0.631715
v -0.127780 0.840081 0.632196
v -0.101761 0.844826 0.639542
v -0.101704 0.844910 0.640004
v -0.063106 0.851590 0.650450
v -0.062957 0.851687 0.650912
v -0.023371 0.857548 0.659930
v -0.023237 0.857628 0.660349
v 0.007182 0.861196 0.665601
v 0.007673 0.861308 0.665898
v 0.007930 0.860670 0.664673
v 0.008373 0.860780 0.664971
v -0.009341 0.847449 0.642414
v -0.009757 0.847587 0.642379
v -0.034490 0.830884 0.614255
v -0.034954 0.831028 0.614216
v -0.060834 0.815076 0.587432
v -0.061297 0.815259 0.587443
v -0.079114 0.804516 0.569527
v -0.079541 0.804747 0.569605
v -0.098751 0.793792 0.551352
v -0.099212 0.794049 0.551467
v -0.117938 0.783799 0.534450
v -0.118279 0.784145 0.534701
v -0.144407 0.771655 0.513619
v -0.144062 0.771307 0.513363
v -0.170672 0.759431 0.493346
v -0.171074 0.759747 0.493560
v -0.197513 0.747662 0.473551
v -0.197845 0.748002 0.473791
v -0.234616 0.733007 0.448589
v -0.234337 0.732631 0.448302
v -0.272216 0.718299 0.423906
v -0.271938 0.717919 0.423622
v -0.310235 0.703640 0.399320
v -0.309960 0.703253 0.399046
v -0.348791 0.689365 0.375418
v -0.348467 0.689013 0.375198
v -0.387744 0.674898 0.351572
v -0.388019 0.675282 0.351847
v -0.426951 0.661637 0.327256
v -0.427228 0.662049 0.327442
v -0.439735 0.657812 0.319205
v -0.440021 0.658233 0.319327
v -0.452827 0.654383 0.311251
v -0.453115 0.654813 0.311294
v -0.465271 0.653153 0.300608
v -0.465526 0.653472 0.300967
v -0.467908 0.655400 0.294438
v -0.467727 0.655184 0.294059
v -0.467300 0.654044 0.293994
v -0.470074 0.651690 0.288056
v -0.469021 0.650509 0.288243
v -0.471050 0.650880 0.286673
v -0.470164 0.649550 0.286607
v -0.471481 0.648997 0.285677
v -0.472105 0.650445 0.285942
v -0.475644 0.647932 0.283919
v -0.476198 0.649397 0.284215
v -0.479965 0.646583 0.281674
v -0.480590 0.648029 0.281940
v -0.484026 0.645061 0.279125
v -0.484770 0.646458 0.279306
v -0.488264 0.644466 0.275929
v -0.487387 0.643143 0.275872
v -0.494834 0.637618 0.266459
v -0.495873 0.638821 0.266312
v -0.500046 0.631458 0.253642
v -0.498939 0.630338 0.253934
v -0.504232 0.624361 0.241436
v -0.503219 0.623143 0.241558
v -0.504062 0.622535 0.240524
v -0.504895 0.623893 0.240640
v -0.505746 0.623550 0.240063
v -0.505227 0.622076 0.239753
v -0.506810 0.623380 0.239791
v -0.506682 0.621841 0.239376
v -0.522980 0.622419 0.240729
v -0.522902 0.623952 0.241128
v -0.539170 0.623089 0.242236
v -0.539101 0.624627 0.242645
v -0.555469 0.623248 0.242861
v -0.555500 0.624787 0.243275
v -0.568279 0.624174 0.242486
v -0.568117 0.622644 0.242087
v -0.580882 0.622959 0.240651
v -0.580627 0.621433 0.240256
v -0.593360 0.621144 0.237775
v -0.593026 0.619631 0.237400
v -0.613378 0.615871 0.231322
v -0.613791 0.617372 0.231677
v -0.633083 0.611329 0.223873
v -0.633571 0.612814 0.224204
v -0.652186 0.605968 0.214995
v -0.652775 0.607423 0.215276
v -0.848994 0.617928 0.239943
v -0.870816 0.612067 0.230256
v -0.870283 0.612557 0.228836
v -0.894405 0.604723 0.218037
v -0.893802 0.605230 0.216647
v -0.916694 0.597426 0.203615
v -0.917324 0.596904 0.204980
v -0.938843 0.588968 0.189436
v -0.939536 0.588423 0.190761
v -0.958126 0.580720 0.175557
v -0.958884 0.580153 0.176847
v -0.976477 0.571953 0.160760
v -0.977254 0.571366 0.162016
v -0.993385 0.562427 0.144617
v -0.994246 0.561798 0.145803
v -1.008470 0.551987 0.129108
v -1.007564 0.552650 0.127982
v -1.020280 0.542425 0.110537
v -1.021261 0.541715 0.111584
v -1.031281 0.531714 0.092214
v -1.032286 0.530955 0.093176
v -1.035730 0.526020 0.084699
v -1.034675 0.526843 0.083846
v -1.036989 0.521840 0.075229
v -1.038109 0.520930 0.075932
v -1.037768 0.516729 0.066389
v -1.038860 0.515737 0.066947
v -1.038295 0.513424 0.062927
v -1.037194 0.514539 0.062583
v -1.035861 0.512431 0.058900
v -1.036869 0.511221 0.059081
v -1.034505 0.509207 0.055541
v -1.033587 0.510508 0.055520
v -1.030830 0.508752 0.052419
v -1.031602 0.507387 0.052325
v -1.028022 0.505928 0.049720
v -1.027413 0.507369 0.049948
v -1.023531 0.506325 0.048056
v -1.023961 0.504831 0.047732
v -1.014025 0.503345 0.044944
v -1.013785 0.504868 0.045323
v -1.003756 0.502642 0.043505
v -1.003647 0.504186 0.043924
v -0.993399 0.504046 0.043462
v -0.993363 0.502503 0.043042
v -0.969471 0.503861 0.044882
v -0.969638 0.505394 0.045286
v -0.945865 0.506216 0.048455
v -0.946115 0.507739 0.048844
v -0.922936 0.510925 0.053867
v -0.922602 0.509411 0.053493
v -0.898764 0.514005 0.060940
v -0.899212 0.515496 0.061280
v -0.875891 0.519526 0.070018
v -0.876410 0.521001 0.070328
v -0.853675 0.525677 0.080197
v -0.854260 0.527130 0.080473
v -0.830021 0.533108 0.092566
v -0.830641 0.534552 0.092826
v -0.807332 0.541111 0.105947
v -0.808018 0.542535 0.106172
v -0.786026 0.550998 0.120367
v -0.785313 0.549590 0.120166
v -0.766662 0.557771 0.133941
v -0.767438 0.559156 0.134102
v -0.748948 0.566312 0.148360
v -0.749724 0.567697 0.148521
v -0.730780 0.574585 0.162305
v -0.731524 0.575983 0.162486
v -0.705947 0.586928 0.180904
v -0.705203 0.585532 0.180723
v -0.679347 0.596164 0.198592
v -0.680030 0.597585 0.198813
v -0.652186 0.605968 0.214995
v -0.652775 0.607423 0.215276
v -0.848496 0.618408 0.238508
v -0.826703 0.623964 0.247667
v -0.827169 0.623496 0.249121
v -0.804989 0.628829 0.257886
v -0.804487 0.629306 0.256447
v -0.775047 0.637443 0.269913
v -0.775584 0.636956 0.271338
v -0.746652 0.645331 0.285228
v -0.746084 0.645829 0.283823
v -0.718765 0.654622 0.300729
v -0.718099 0.655153 0.299379
v -0.924699 0.531610 0.152226
v -0.923890 0.531481 0.151793
v -0.924711 0.532655 0.151625
v -0.924022 0.532327 0.151047
v -0.922672 0.531617 0.148916
v -0.922379 0.531350 0.147790
v -0.921922 0.531529 0.148101
v -0.921422 0.489377 0.072614
v -0.920564 0.489078 0.073561
v -0.920927 0.488672 0.072864
v -0.908151 0.493508 0.081904
v -0.908139 0.493726 0.082283
v -0.926128 0.495440 0.085521
v -0.912102 0.498851 0.091580
v -0.925124 0.496265 0.085875
v -0.926332 0.496458 0.085160
v -0.939278 0.513849 0.115987
v -0.927277 0.496051 0.084467
v -0.896913 0.498291 0.090066
v -0.908189 0.493165 0.081717
v -0.921359 0.487943 0.072464
v -0.921750 0.488984 0.071930
v -0.922151 0.488639 0.071330
v -0.920471 0.487256 0.068857
v -0.919479 0.486488 0.069046
v -0.919639 0.487713 0.065938
v -0.920714 0.488075 0.066421
v -0.925759 0.508984 0.052872
v -0.924687 0.509247 0.052249
v -0.926388 0.510412 0.053155
v -0.925572 0.511261 0.052811
v -0.954217 0.534361 0.093346
v -0.954819 0.533324 0.093469
v -0.962606 0.539598 0.104506
v -0.962035 0.540635 0.104357
v -0.971565 0.548929 0.117514
v -0.972262 0.547365 0.118172
v -0.971576 0.548985 0.118099
v -0.972270 0.547629 0.118630
v -0.971546 0.547991 0.119242
v -0.970843 0.548957 0.118928
v -0.991932 0.563199 0.146031
v -0.991566 0.564451 0.146149
v -0.991930 0.562844 0.147967
v -0.991990 0.563827 0.148681
v -0.988148 0.542507 0.164045
v -0.905018 0.489146 0.074273
v -0.892184 0.491922 0.078807
v -0.984545 0.569107 0.152981
v -0.960013 0.550864 0.121160
v -0.959877 0.551124 0.120719
v -0.946523 0.553056 0.124115
v -0.959667 0.551160 0.120294
v -0.951795 0.544740 0.110488
v -0.951387 0.544227 0.110083
v -0.943528 0.538345 0.099828
v -0.943125 0.538254 0.099179
v -0.911049 0.514400 0.057583
v -0.931992 0.542090 0.105583
v -0.932398 0.542043 0.106318
v -0.940344 0.547916 0.116564
v -0.940784 0.548558 0.116869
v -0.925227 0.553054 0.125390
v -0.917817 0.546886 0.114800
v -0.917453 0.547170 0.113916
v -0.897986 0.516991 0.061793
v -0.910037 0.512068 0.057012
v -0.905055 0.490195 0.071155
v -0.892191 0.492988 0.075706
v -0.896969 0.514657 0.061218
v -0.884178 0.519529 0.066456
v -0.883564 0.519224 0.067484
v -0.916641 0.546807 0.114746
v -0.917009 0.546527 0.115635
v -0.924415 0.552700 0.126215
v -0.924827 0.553605 0.126395
v -0.925604 0.553967 0.125586
v -0.927180 0.555586 0.129788
v -0.928132 0.556062 0.129184
v -0.958398 0.581619 0.174395
v -0.959909 0.582429 0.174465
v -0.958860 0.579827 0.177904
v -0.960451 0.580096 0.178418
v -0.955346 0.559412 0.193920
v -0.956815 0.559125 0.194648
v -0.953292 0.555721 0.194336
v -0.952536 0.556735 0.194288
v -0.921299 0.535971 0.157504
v -0.922039 0.534704 0.157001
v -0.921314 0.534899 0.155606
v -0.922155 0.533331 0.154613
v -0.921922 0.531529 0.148101
v -0.922672 0.531617 0.148916
v -0.923890 0.531481 0.151793
v -0.924699 0.531610 0.152226
v -0.969138 0.548574 0.181520
v -0.972232 0.551946 0.180732
v -0.975687 0.572330 0.164568
v -0.975260 0.574000 0.161261
v -0.984998 0.567415 0.156267
v -0.981833 0.547190 0.172789
v -0.978755 0.544282 0.173477
v -0.934056 0.524731 0.139973
v -0.923178 0.529878 0.146974
v -0.922561 0.530392 0.147889
v -0.921630 0.530693 0.146487
v -0.924711 0.532655 0.151625
v -0.922220 0.530181 0.145604
v -0.933512 0.525369 0.138899
v -0.941873 0.520769 0.133142
v -0.883232 0.517513 0.066328
v -0.943363 0.521845 0.125277
v -0.943140 0.520598 0.129578
v -0.940737 0.522116 0.130801
v -0.940989 0.521492 0.131338
v -0.941681 0.520777 0.132913
v -0.944882 0.522271 0.126789
v -0.944022 0.521232 0.130125
v -0.948509 0.521045 0.122187
v -0.950211 0.518921 0.126094
v -0.950931 0.519444 0.125252
v -0.951113 0.519426 0.125547
v -0.950402 0.518917 0.126394
v -0.986821 0.541512 0.164598
v -0.948956 0.521913 0.120790
v -0.948956 0.521913 0.120790
v -0.945032 0.520747 0.131532
v -0.944397 0.519655 0.131116
v -0.944563 0.519664 0.131369
v -0.986553 0.540533 0.166265
v -0.945193 0.520754 0.131780
v -0.988947 0.543470 0.165922
v -0.908625 0.531923 0.150844
v -0.920902 0.529701 0.144740
v -0.944817 0.560106 0.200344
v -0.956670 0.554614 0.191081
v -0.957474 0.558455 0.192237
v -0.967955 0.553116 0.183829
v -0.966990 0.549342 0.182456
v -0.933171 0.524956 0.138236
v -0.932140 0.565050 0.207371
v -0.907447 0.533723 0.151101
v -0.933144 0.564415 0.207732
v -0.945629 0.563946 0.201514
v -0.932951 0.568245 0.209072
v -0.934189 0.568311 0.209306
v -0.927592 0.593990 0.200140
v -0.926469 0.593539 0.200313
v -0.924880 0.595020 0.197864
v -0.925813 0.595827 0.197109
v -0.886734 0.567078 0.147810
v -0.942443 0.588844 0.185793
v -0.944384 0.586688 0.189113
v -0.886023 0.566577 0.148653
v -0.953407 0.582217 0.182131
v -0.951500 0.585373 0.179323
v -0.904783 0.561462 0.137591
v -0.904253 0.561083 0.136917
v -0.896374 0.555401 0.126812
v -0.878340 0.560938 0.137176
v -0.877629 0.560433 0.138021
v -0.866326 0.552145 0.121951
v -0.865610 0.551632 0.122794
v -0.865912 0.551518 0.121677
v -0.865227 0.550993 0.122500
v -0.857996 0.545730 0.111654
v -0.857315 0.545204 0.112484
v -0.856904 0.545278 0.111801
v -0.857620 0.545796 0.110955
v -0.838703 0.531945 0.088731
v -0.875959 0.540244 0.100850
v -0.883834 0.545922 0.110949
v -0.884223 0.546629 0.111211
v -0.895880 0.555013 0.126123
v -0.905650 0.552037 0.121448
v -0.913613 0.557758 0.131509
v -0.914146 0.558459 0.131999
v -0.951834 0.585204 0.179041
v -0.952087 0.584550 0.179071
v -0.960724 0.580558 0.172631
v -0.914781 0.557625 0.131978
v -0.914492 0.558015 0.131973
v -0.913965 0.557454 0.131410
v -0.905997 0.551662 0.121383
v -0.914248 0.556923 0.131488
v -0.924397 0.554097 0.126486
v -0.961073 0.579357 0.172232
v -0.925061 0.553098 0.126533
v -0.923861 0.553148 0.126139
v -0.924530 0.552152 0.126191
v -0.915934 0.547351 0.116029
v -0.916567 0.546354 0.116101
v -0.916079 0.546523 0.115091
v -0.915415 0.547531 0.115039
v -0.906281 0.551175 0.121436
v -0.905759 0.551111 0.120587
v -0.905470 0.551451 0.120611
v -0.905124 0.551971 0.120592
v -0.893438 0.543560 0.105803
v -0.893756 0.542955 0.105903
v -0.894077 0.542669 0.105821
v -0.903802 0.539085 0.100308
v -0.904470 0.538067 0.100373
v -0.903416 0.538201 0.100156
v -0.904080 0.537180 0.100216
v -0.896169 0.531416 0.090185
v -0.895505 0.532446 0.090120
v -0.895795 0.531729 0.089344
v -0.893687 0.541817 0.105643
v -0.893370 0.542105 0.105731
v -0.893053 0.542713 0.105629
v -0.885111 0.537006 0.095592
v -0.885423 0.536328 0.095729
v -0.885745 0.536087 0.095620
v -0.895127 0.532757 0.089273
v -0.879850 0.520088 0.069084
v -0.879071 0.521059 0.068874
v -0.878639 0.518844 0.069063
v -0.885367 0.536363 0.094793
v -0.885050 0.536604 0.094908
v -0.884733 0.537282 0.094765
v -0.875580 0.540382 0.100102
v -0.858025 0.527713 0.077569
v -0.839196 0.532354 0.087677
v -0.837790 0.530346 0.087579
v -0.837553 0.530795 0.088748
v -0.834347 0.509299 0.103102
v -0.834682 0.508229 0.102529
v -0.835111 0.507911 0.104813
v -0.834416 0.508961 0.104763
v -0.863840 0.538628 0.159761
v -0.863166 0.539748 0.160002
v -0.864594 0.539557 0.160609
v -0.863549 0.540188 0.160789
v -0.870430 0.545708 0.171615
v -0.869483 0.546547 0.172199
v -0.870885 0.546139 0.173196
v -0.869897 0.546974 0.172966
v -0.898482 0.577592 0.227899
v -0.899460 0.576907 0.228248
v -0.899789 0.580905 0.229774
v -0.898563 0.580762 0.229378
v -0.888695 0.607425 0.221979
v -0.887698 0.606698 0.222210
v -0.885156 0.609313 0.219485
v -0.884384 0.608699 0.220300
v -0.823286 0.567583 0.146076
v -0.822571 0.567103 0.146900
v -0.814576 0.561720 0.135762
v -0.813860 0.561254 0.136578
v -0.795653 0.549004 0.114962
v -0.796103 0.549265 0.113854
v -0.792841 0.545932 0.113380
v -0.792761 0.546396 0.114560
v -0.787306 0.525462 0.131243
v -0.787479 0.524227 0.130892
v -0.788447 0.523738 0.134041
v -0.788141 0.525010 0.134465
v -0.801807 0.538389 0.158639
v -0.801111 0.539379 0.158624
v -0.802103 0.538963 0.159137
v -0.801403 0.539950 0.159117
v -0.807975 0.545365 0.170125
v -0.807279 0.546344 0.170116
v -0.807665 0.546522 0.170986
v -0.808334 0.545558 0.171020
v -0.850552 0.593403 0.251557
v -0.851682 0.592891 0.252190
v -0.850200 0.595055 0.252134
v -0.851734 0.595540 0.253107
v -0.842791 0.619930 0.243156
v -0.863836 0.591799 0.247255
v -0.864158 0.588639 0.246245
v -0.824945 0.539748 0.161385
v -0.824605 0.539574 0.160432
v -0.819331 0.533013 0.149041
v -0.818985 0.532277 0.148412
v -0.806877 0.517176 0.122194
v -0.806095 0.518006 0.118908
v -0.811343 0.539223 0.101658
v -0.814502 0.542314 0.102265
v -0.833315 0.554862 0.124648
v -0.833699 0.555146 0.125153
v -0.841994 0.560676 0.135017
v -0.842409 0.560948 0.135502
v -0.904653 0.602526 0.209660
v -0.908251 0.600921 0.211852
v -0.918814 0.574325 0.218791
v -0.915377 0.571205 0.218295
v -0.887495 0.539663 0.163877
v -0.886568 0.539318 0.162262
v -0.880878 0.533270 0.151575
v -0.880461 0.531857 0.150108
v -0.853210 0.501913 0.096253
v -0.853027 0.502203 0.093015
v -0.856244 0.525069 0.077866
v -0.865878 0.522061 0.072998
v -0.862108 0.499231 0.087791
v -0.862423 0.499069 0.091232
v -0.891266 0.528109 0.144193
v -0.892089 0.529380 0.145474
v -0.898289 0.535127 0.155782
v -0.898998 0.535465 0.157361
v -0.930510 0.565966 0.209553
v -0.932312 0.569575 0.211123
v -0.922244 0.595618 0.203252
v -0.922634 0.594940 0.202532
v -0.919372 0.596831 0.200844
v -0.931983 0.568854 0.209609
v -0.930664 0.565712 0.208140
v -0.899319 0.536598 0.156363
v -0.898631 0.536277 0.154807
v -0.892491 0.530572 0.144567
v -0.891706 0.529324 0.143332
v -0.863187 0.499432 0.091530
v -0.862885 0.499588 0.088112
v -0.866653 0.521929 0.073607
v -0.867582 0.524932 0.073049
v -0.868196 0.524340 0.073678
v -0.868701 0.524350 0.073782
v -0.877596 0.519235 0.068485
v -0.867288 0.521944 0.073609
v -0.863400 0.499659 0.088195
v -0.863724 0.499476 0.091589
v -0.874331 0.497024 0.083171
v -0.875510 0.497382 0.083516
v -0.875335 0.497154 0.086010
v -0.874323 0.496478 0.086338
v -0.903111 0.525678 0.137163
v -0.892077 0.529226 0.143141
v -0.892828 0.530475 0.144323
v -0.898994 0.536193 0.154594
v -0.899660 0.536477 0.156139
v -0.930944 0.565570 0.207908
v -0.932210 0.568700 0.209378
v -0.923355 0.594651 0.202097
v -0.927251 0.594465 0.196472
v -0.930423 0.592009 0.198054
v -0.940073 0.565016 0.203807
v -0.939552 0.561597 0.202088
v -0.903821 0.525710 0.136597
v -0.940211 0.565193 0.202563
v -0.930380 0.591561 0.196899
v -0.927508 0.593334 0.195887
v -0.865011 0.552471 0.122792
v -0.855730 0.556111 0.127912
v -0.855317 0.555629 0.127554
v -0.846797 0.550148 0.117836
v -0.846384 0.550086 0.117230
v -0.826664 0.537359 0.094669
v -0.824043 0.535377 0.094317
v -0.818653 0.513616 0.111668
v -0.819177 0.513283 0.114259
v -0.831833 0.528288 0.140635
v -0.832211 0.528732 0.141413
v -0.837609 0.535187 0.152757
v -0.837956 0.535641 0.153555
v -0.878396 0.583996 0.238538
v -0.878387 0.587368 0.239908
v -0.902378 0.579506 0.227493
v -0.902268 0.576334 0.225969
v -0.852283 0.530871 0.145085
v -0.851830 0.530446 0.144330
v -0.845256 0.524450 0.133663
v -0.844772 0.524038 0.132928
v -0.829185 0.509842 0.107674
v -0.828642 0.510301 0.105655
v -0.835084 0.531925 0.088821
v -0.836733 0.533360 0.089261
v -0.855916 0.546309 0.111982
v -0.856297 0.546315 0.112647
v -0.864593 0.551915 0.122471
v -0.865706 0.551499 0.122797
v -0.865293 0.550943 0.122482
v -0.856992 0.545323 0.112663
v -0.856585 0.545331 0.112023
v -0.837406 0.532343 0.089331
v -0.836098 0.531304 0.089339
v -0.829863 0.510648 0.105846
v -0.830122 0.510452 0.107192
v -0.845514 0.524483 0.132090
v -0.845967 0.524909 0.132845
v -0.852572 0.530905 0.143485
v -0.853025 0.531330 0.144239
v -0.902995 0.576870 0.225053
v -0.902708 0.579626 0.226282
v -0.895837 0.604300 0.218187
v -0.871724 0.612128 0.230356
v -0.864986 0.591990 0.247729
v -0.858953 0.617523 0.237271
v -0.869760 0.613580 0.227793
v -0.856431 0.618639 0.233962
v -0.857849 0.617299 0.236888
v -0.855320 0.618378 0.233514
v -0.854958 0.617752 0.233922
v -0.857513 0.616700 0.237320
v -0.844090 0.620815 0.243376
v -0.841363 0.621565 0.239815
v -0.840535 0.620955 0.240542
v -0.896037 0.603646 0.217155
v -0.894354 0.604879 0.215234
v -0.893926 0.605993 0.215637
v -0.864308 0.591677 0.247083
v -0.908224 0.531981 0.149585
v -0.906968 0.533652 0.149645
v -0.902070 0.527418 0.138496
v -0.903281 0.525879 0.138287
v -0.901662 0.526339 0.137898
v -0.902790 0.524698 0.137470
v -0.884475 0.504381 0.098815
v -0.885308 0.503170 0.098724
v -0.878178 0.496319 0.084465
v -0.878852 0.495230 0.084432
v -0.878374 0.497107 0.081974
v -0.878802 0.496135 0.081337
v -0.882795 0.517902 0.067446
v -0.899448 0.501577 0.095824
v -0.912068 0.499268 0.091732
v -0.937397 0.514022 0.117164
v -0.926484 0.517239 0.123452
v -0.914577 0.521374 0.130503
v -0.915442 0.523083 0.130086
v -0.921640 0.529517 0.142765
v -0.933103 0.525397 0.136742
v -0.926597 0.518756 0.123932
v -0.937927 0.516035 0.117549
v -0.940330 0.518362 0.116529
v -0.944846 0.522494 0.127052
v -0.944201 0.521558 0.130135
v -0.945299 0.521261 0.131720
v -0.967563 0.549917 0.181506
v -0.968040 0.553139 0.182595
v -0.962298 0.578254 0.175394
v -0.946151 0.521482 0.130434
v -0.962349 0.577600 0.174357
v -0.673468 0.633000 0.324798
v -0.671091 0.632481 0.324260
v -0.676093 0.634379 0.322956
v -0.668142 0.633254 0.319963
v -0.676882 0.634486 0.322393
v -0.667611 0.633184 0.319104
v -0.683368 0.633194 0.318372
v -0.664073 0.631053 0.312752
v -0.910129 0.532630 0.149686
v -0.909721 0.533112 0.148389
v -0.903570 0.527015 0.137386
v -0.904249 0.527061 0.136839
v -0.910429 0.533228 0.147768
v -0.910837 0.532748 0.149063
v -0.940194 0.562164 0.201174
v -0.840535 0.620955 0.240542
v -0.841363 0.621565 0.239815
v -0.788972 0.582216 0.172084
v -0.800926 0.577875 0.164176
v -0.800750 0.577867 0.163757
v -0.801491 0.577909 0.163682
v -0.801311 0.577892 0.163262
v -0.854958 0.617752 0.233922
v -0.788277 0.581722 0.172949
v -0.787184 0.583658 0.172207
v -0.786512 0.582306 0.173538
v -0.786673 0.583504 0.171953
v -0.785974 0.582169 0.173308
v -0.759668 0.562876 0.140475
v -0.760209 0.563252 0.139440
v -0.758696 0.561312 0.139210
v -0.758671 0.561627 0.140489
v -0.753700 0.540418 0.156810
v -0.753610 0.541560 0.157348
v -0.754182 0.540244 0.159469
v -0.753598 0.541326 0.159347
v -0.762038 0.552744 0.181208
v -0.761401 0.553796 0.181097
v -0.762308 0.553849 0.181500
v -0.761644 0.554914 0.181414
v -0.766327 0.560761 0.193510
v -0.765659 0.561806 0.193430
v -0.765914 0.561502 0.194532
v -0.766581 0.560457 0.194612
v -0.772913 0.570814 0.212617
v -0.772218 0.571849 0.212576
v -0.773285 0.571697 0.213500
v -0.772590 0.572730 0.213460
v -0.777456 0.578513 0.225353
v -0.776757 0.579528 0.225317
v -0.777822 0.578833 0.226560
v -0.777123 0.579847 0.226525
v -0.787305 0.597637 0.260029
v -0.786591 0.599111 0.260074
v -0.787518 0.598851 0.259641
v -0.788206 0.597394 0.259620
v -0.788120 0.598763 0.259503
v -0.788811 0.597660 0.259278
v -0.795064 0.606957 0.275458
v -0.794121 0.607712 0.275121
v -0.794747 0.609123 0.275334
v -0.795897 0.608939 0.275806
v -0.795022 0.632346 0.262988
v -0.793873 0.631851 0.262920
v -0.793269 0.632388 0.261586
v -0.794138 0.633056 0.260965
v -0.758188 0.611438 0.222912
v -0.757503 0.610933 0.223724
v -0.757587 0.610234 0.222766
v -0.756907 0.609733 0.223582
v -0.748848 0.604961 0.213485
v -0.748137 0.604481 0.214316
v -0.747559 0.604971 0.213201
v -0.748270 0.605450 0.212372
v -0.712611 0.584024 0.176237
v -0.713023 0.584266 0.175080
v -0.711039 0.582391 0.175433
v -0.711119 0.583021 0.176537
v -0.701489 0.572485 0.188832
v -0.701750 0.573628 0.190515
v -0.701572 0.572404 0.189309
v -0.701674 0.573327 0.190801
v -0.702666 0.573110 0.190218
v -0.702952 0.572439 0.189182
v -0.697103 0.565280 0.198898
v -0.697027 0.566471 0.199202
v -0.697031 0.565301 0.201480
v -0.696422 0.566401 0.201308
v -0.717242 0.589945 0.245935
v -0.716578 0.590984 0.245865
v -0.722810 0.596732 0.258176
v -0.722111 0.597755 0.258135
v -0.740987 0.620791 0.299887
v -0.741875 0.620006 0.300155
v -0.741849 0.623064 0.301912
v -0.743085 0.622952 0.302474
v -0.737093 0.650102 0.291875
v -0.735759 0.649388 0.291649
v -0.734520 0.651515 0.288913
v -0.733574 0.650751 0.289470
v -0.654805 0.608094 0.213452
v -0.654278 0.607761 0.214483
v -0.653105 0.605851 0.213638
v -0.653347 0.605522 0.212405
v -0.666283 0.604573 0.205971
v -0.746741 0.647685 0.282845
v -0.748893 0.645517 0.285600
v -0.754950 0.619137 0.295769
v -0.754331 0.616761 0.293883
v -0.734818 0.592782 0.251097
v -0.729268 0.585920 0.238853
v -0.708581 0.560477 0.193454
v -0.709066 0.560825 0.189867
v -0.713986 0.566836 0.181415
v -0.713664 0.566279 0.181093
v -0.713542 0.566364 0.180627
v -0.722568 0.577367 0.166215
v -0.725078 0.580107 0.166470
v -0.760708 0.601753 0.204760
v -0.761294 0.601584 0.205697
v -0.769997 0.606876 0.215059
v -0.801148 0.589901 0.248126
v -0.761424 0.601670 0.205547
v -0.760838 0.601838 0.204611
v -0.760909 0.602225 0.204341
v -0.761495 0.602064 0.205274
v -0.770193 0.606973 0.214856
v -0.770594 0.607762 0.215389
v -0.807044 0.629885 0.254521
v -0.770786 0.607858 0.215180
v -0.770261 0.607464 0.214520
v -0.776166 0.596686 0.196873
v -0.775581 0.596542 0.196123
v -0.738824 0.574268 0.156600
v -0.735002 0.572067 0.157290
v -0.725423 0.560820 0.172416
v -0.725492 0.560645 0.172927
v -0.725922 0.560967 0.173331
v -0.721464 0.555536 0.180957
v -0.720979 0.555182 0.184546
v -0.743441 0.580762 0.230222
v -0.720876 0.554337 0.183759
v -0.721368 0.554993 0.180002
v -0.725855 0.560444 0.172484
v -0.725465 0.560117 0.172070
v -0.725369 0.560307 0.171583
v -0.735072 0.571666 0.156585
v -0.726063 0.559737 0.170747
v -0.726120 0.559562 0.171238
v -0.726377 0.559941 0.171716
v -0.721632 0.554564 0.179239
v -0.721128 0.553907 0.182977
v -0.764806 0.574014 0.217420
v -0.741953 0.545726 0.167777
v -0.743077 0.546320 0.167595
v -0.742799 0.546100 0.164512
v -0.765614 0.574367 0.216589
v -0.765299 0.575828 0.217488
v -0.743701 0.581264 0.230782
v -0.748970 0.587785 0.242413
v -0.765998 0.576144 0.216586
v -0.771134 0.582616 0.227889
v -0.770276 0.582172 0.228620
v -0.771485 0.581714 0.229421
v -0.770739 0.581310 0.230228
v -0.792781 0.608196 0.275679
v -0.791996 0.607644 0.276439
v -0.792477 0.609697 0.276423
v -0.749263 0.587995 0.243120
v -0.773661 0.610896 0.284079
v -0.792086 0.609474 0.277674
v -0.785647 0.634607 0.267574
v -0.785909 0.634064 0.266499
v -0.784297 0.634797 0.265661
v -0.783971 0.635900 0.266229
v -0.700469 0.589756 0.184155
v -0.701307 0.588850 0.184268
v -0.700182 0.587628 0.184293
v -0.699016 0.588068 0.183947
v -0.692934 0.567492 0.200945
v -0.694140 0.567537 0.201217
v -0.693710 0.567526 0.203336
v -0.692595 0.566878 0.203562
v -0.743643 0.619988 0.298710
v -0.744415 0.620550 0.297925
v -0.744583 0.622424 0.299406
v -0.744208 0.622302 0.300699
v -0.743617 0.646926 0.287452
v -0.743867 0.646094 0.286529
v -0.742296 0.646968 0.284469
v -0.741813 0.648073 0.284791
v -0.680478 0.606146 0.211578
v -0.681233 0.605203 0.211659
v -0.674068 0.600298 0.203108
v -0.673282 0.601228 0.202989
v -0.672744 0.598715 0.202586
v -0.671592 0.599154 0.202187
v -0.669522 0.577060 0.216183
v -0.670743 0.577176 0.216362
v -0.670641 0.576048 0.218749
v -0.669568 0.575397 0.219043
v -0.721915 0.619105 0.294496
v -0.653589 0.581237 0.229043
v -0.653518 0.582745 0.226086
v -0.655525 0.604871 0.211972
v -0.657176 0.607028 0.212740
v -0.662938 0.611037 0.219485
v -0.725382 0.653489 0.293736
v -0.727353 0.652794 0.296541
v -0.728520 0.627513 0.308969
v -0.727571 0.625262 0.307397
v -0.671356 0.573510 0.217306
v -0.671734 0.575418 0.213984
v -0.678097 0.596301 0.197166
v -0.679946 0.599102 0.198611
v -0.765709 0.641277 0.273701
v -0.767609 0.639582 0.275707
v -0.773788 0.613607 0.286578
v -0.723082 0.619946 0.294311
v -0.767374 0.641680 0.276731
v -0.765442 0.643453 0.274626
v -0.678570 0.600112 0.198501
v -0.765410 0.641515 0.273997
v -0.767296 0.639798 0.276069
v -0.679421 0.599397 0.199047
v -0.677561 0.596543 0.197541
v -0.671154 0.575654 0.214369
v -0.676691 0.597158 0.197026
v -0.664373 0.601630 0.204516
v -0.658756 0.581688 0.220284
v -0.645868 0.587837 0.226494
v -0.646775 0.587465 0.226623
v -0.646217 0.588228 0.227859
v -0.647034 0.587306 0.227722
v -0.647437 0.586663 0.226776
v -0.646176 0.584932 0.229596
v -0.646486 0.583929 0.228945
v -0.645895 0.583744 0.232644
v -0.645845 0.588731 0.227884
v -0.658000 0.579492 0.222135
v -0.670275 0.575003 0.214589
v -0.670783 0.573688 0.217738
v -0.727195 0.625403 0.307629
v -0.728206 0.627638 0.309158
v -0.728341 0.627117 0.311255
v -0.727089 0.624622 0.309280
v -0.669928 0.572870 0.218093
v -0.657977 0.577621 0.226065
v -0.646434 0.582567 0.232601
v -0.698808 0.638636 0.328136
v -0.697829 0.639336 0.327851
v -0.699204 0.641027 0.328915
v -0.697883 0.641154 0.328663
v -0.697154 0.664098 0.316720
v -0.698348 0.664505 0.316460
v -0.696914 0.665240 0.314844
v -0.696063 0.664730 0.315626
v -0.627653 0.620503 0.235920
v -0.626817 0.620067 0.236679
v -0.625262 0.620895 0.236549
v -0.624421 0.620457 0.237303
v -0.624742 0.621165 0.236031
v -0.623901 0.620309 0.237033
v -0.620162 0.615902 0.229311
v -0.620733 0.616156 0.228246
v -0.619578 0.614188 0.228065
v -0.619171 0.614570 0.229234
v -0.617411 0.591775 0.242098
v -0.616955 0.592646 0.242827
v -0.617342 0.591165 0.244308
v -0.616726 0.592277 0.244493
v -0.658076 0.627532 0.306404
v -0.659485 0.626958 0.307510
v -0.659766 0.628020 0.307468
v -0.661417 0.627283 0.308745
v -0.660857 0.628431 0.308021
v -0.662267 0.627857 0.309127
v -0.663452 0.630599 0.311829
v -0.664513 0.629721 0.312422
v -0.663669 0.630776 0.312138
v -0.664887 0.630032 0.312971
v -0.664073 0.631053 0.312752
v -0.665295 0.630302 0.313596
v -0.667611 0.633184 0.319104
v -0.669176 0.632201 0.319416
v -0.668142 0.633254 0.319963
v -0.669737 0.632253 0.320259
v -0.671091 0.632481 0.324260
v -0.671590 0.631684 0.322879
v -0.675408 0.633001 0.322406
v -0.676219 0.633121 0.321868
v -0.682028 0.631838 0.318217
v -0.682679 0.631722 0.317796
v -0.672857 0.630314 0.313635
v -0.673280 0.630173 0.313701
v -0.673680 0.630274 0.313588
v -0.683170 0.631590 0.317511
v -0.684015 0.633064 0.317952
v -0.683368 0.633194 0.318372
v -0.676882 0.634486 0.322393
v -0.676093 0.634379 0.322956
v -0.673468 0.633000 0.324798
v -0.673941 0.632215 0.323443
v -0.673468 0.633000 0.324798
v -0.671091 0.632481 0.324260
v -0.684369 0.632957 0.317740
v -0.688014 0.630668 0.314022
v -0.633862 0.586253 0.237605
v -0.633919 0.587677 0.234597
v -0.637700 0.609927 0.220390
v -0.639206 0.612263 0.221426
v -0.644052 0.616174 0.227331
v -0.644426 0.615936 0.227903
v -0.644687 0.616107 0.228208
v -0.688704 0.631405 0.313833
v -0.637998 0.609905 0.220341
v -0.637905 0.609939 0.220401
v -0.634934 0.587129 0.234622
v -0.635168 0.585588 0.237477
v -0.688481 0.630935 0.313614
v -0.688667 0.630690 0.313070
v -0.705784 0.626217 0.303506
v -0.636070 0.586287 0.237416
v -0.636155 0.587722 0.234367
v -0.705302 0.625150 0.303313
v -0.723082 0.619946 0.294311
v -0.800506 0.577703 0.163474
v -0.774328 0.558161 0.129709
v -0.801071 0.577725 0.162988
v -0.801786 0.578250 0.162662
v -0.855320 0.618378 0.233514
v -0.856431 0.618639 0.233962
v -0.869760 0.613580 0.227793
v -0.818262 0.570725 0.152555
v -0.835601 0.564817 0.142833
v -0.893926 0.605993 0.215637
v -0.894354 0.604879 0.215234
v -0.836312 0.563924 0.142739
v -0.808101 0.544030 0.107521
v -0.807246 0.544778 0.107401
v -0.805966 0.541389 0.106438
v -0.793135 0.550164 0.116444
v -0.774637 0.558117 0.127284
v -0.774717 0.557703 0.128856
v -0.772197 0.555315 0.128903
v -0.767531 0.534246 0.146144
v -0.767593 0.533895 0.149756
v -0.767650 0.534105 0.145886
v -0.772573 0.554789 0.127996
v -0.772441 0.555188 0.126427
v -0.767624 0.533514 0.145669
v -0.785427 0.526149 0.132497
v -0.785967 0.525747 0.136056
v -0.790764 0.546987 0.115385
v -0.804946 0.541741 0.106294
v -0.801147 0.521729 0.123732
v -0.799921 0.521511 0.123532
v -0.801343 0.521506 0.126725
v -0.800348 0.520868 0.127058
v -0.810417 0.535984 0.153324
v -0.811198 0.536370 0.152507
v -0.811464 0.536774 0.153208
v -0.810687 0.536390 0.154031
v -0.815885 0.543611 0.165061
v -0.815104 0.543214 0.165884
v -0.816151 0.544015 0.165763
v -0.815370 0.543618 0.166586
v -0.822913 0.554063 0.183193
v -0.822136 0.553654 0.184030
v -0.823318 0.554656 0.184223
v -0.822545 0.554250 0.185064
v -0.827818 0.561316 0.195779
v -0.827045 0.560902 0.196625
v -0.828196 0.561925 0.196834
v -0.827450 0.561494 0.197656
v -0.835596 0.572916 0.215900
v -0.834916 0.572578 0.216921
v -0.849575 0.593670 0.251906
v -0.848908 0.593281 0.252902
v -0.849749 0.595340 0.253292
v -0.826089 0.601251 0.263922
v -0.848747 0.618213 0.240516
v -0.825472 0.625041 0.251353
v -0.847149 0.619072 0.237145
v -0.849148 0.617376 0.239683
v -0.847715 0.617999 0.236857
v -0.807089 0.594464 0.194014
v -0.807820 0.593487 0.194002
v -0.798440 0.587730 0.183935
v -0.797709 0.588718 0.183941
v -0.758713 0.563329 0.141274
v -0.757971 0.564324 0.141183
v -0.757454 0.562214 0.141478
v -0.756424 0.562903 0.141120
v -0.747590 0.550492 0.158696
v -0.746108 0.550334 0.158211
v -0.743945 0.546079 0.164956
v -0.850196 0.595060 0.252125
v -0.736368 0.571115 0.155621
v -0.784903 0.601989 0.206282
v -0.770858 0.608359 0.214844
v -0.785497 0.602557 0.206794
v -0.808750 0.631766 0.254936
v -0.807570 0.630236 0.254456
v -0.808215 0.628545 0.257064
v -0.808998 0.604923 0.269867
v -0.824520 0.626227 0.248791
v -0.809928 0.630199 0.257622
v -0.808780 0.628813 0.257033
v -0.809554 0.604714 0.270104
v -0.808479 0.602214 0.268934
v -0.801360 0.589609 0.248028
v -0.809012 0.601943 0.269173
v -0.810330 0.604201 0.271164
v -0.824985 0.598750 0.263383
v -0.809783 0.601305 0.270299
v -0.801599 0.588939 0.248120
v -0.815929 0.582067 0.234284
v -0.808151 0.567684 0.209196
v -0.807823 0.567219 0.208059
v -0.804156 0.560272 0.195941
v -0.803829 0.559527 0.194971
v -0.798273 0.549037 0.176675
v -0.798087 0.549112 0.175664
v -0.794543 0.542019 0.163297
v -0.794315 0.541121 0.162873
v -0.775856 0.547489 0.173510
v -0.776092 0.548323 0.173984
v -0.780031 0.555256 0.186083
v -0.780253 0.555242 0.187039
v -0.786413 0.565582 0.205087
v -0.786748 0.566384 0.206037
v -0.790809 0.573205 0.217941
v -0.791172 0.573622 0.219085
v -0.706991 0.662422 0.307171
v -0.708687 0.661508 0.309300
v -0.710135 0.635152 0.324157
v -0.706575 0.660539 0.306511
v -0.707211 0.660267 0.306007
v -0.708791 0.659537 0.308224
v -0.710498 0.635128 0.321879
v -0.709297 0.632882 0.320212
v -0.710056 0.635399 0.322157
v -0.708135 0.659809 0.308694
v -0.995874 0.492871 0.075957
v -1.003337 0.491833 0.078870
v -1.002816 0.494222 0.078447
v -1.008155 0.496811 0.083046
v -0.996040 0.490408 0.076246
v -0.988373 0.492961 0.075951
v -0.988153 0.490502 0.076239
v -0.981462 0.494475 0.078427
v -0.980877 0.492098 0.078849
v -0.976207 0.497180 0.083002
v -0.975347 0.494945 0.083662
v -0.973340 0.500686 0.089015
v -0.972355 0.498628 0.089978
v -0.972398 0.502567 0.096807
v -0.973385 0.504433 0.095510
v -0.976282 0.507867 0.101520
v -0.975460 0.506174 0.103122
v -0.981053 0.508897 0.107961
v -0.981617 0.510452 0.106114
v -0.988563 0.511806 0.108609
v -0.988355 0.510325 0.110590
v -0.996242 0.510231 0.110597
v -0.996065 0.511716 0.108615
v -1.003518 0.508635 0.107987
v -1.002976 0.510202 0.106139
v -1.009079 0.505776 0.103154
v -1.008261 0.507485 0.101545
v -1.012040 0.502105 0.096858
v -1.011093 0.503989 0.095547
v -1.012028 0.498154 0.090009
v -1.011053 0.500244 0.089057
v -1.008965 0.494547 0.083694
v -0.398492 0.700027 0.426634
v -0.402914 0.699974 0.426635
v -0.398821 0.703145 0.426352
v -0.402683 0.703108 0.426372
v -0.407007 0.700769 0.428100
v -0.406284 0.703805 0.427657
v -0.410147 0.702293 0.430809
v -0.409046 0.705144 0.430037
v -0.410561 0.706921 0.433146
v -0.411842 0.704317 0.434352
v -0.410570 0.708867 0.436518
v -0.411886 0.706513 0.438158
v -0.409101 0.710678 0.439624
v -0.410208 0.708573 0.441692
v -0.407098 0.710173 0.444397
v -0.406374 0.712078 0.441991
v -0.402775 0.712869 0.443286
v -0.403020 0.711068 0.445860
v -0.398633 0.711112 0.445844
v -0.398918 0.712908 0.443271
v -0.395312 0.712208 0.441981
v -0.394540 0.710318 0.444379
v -0.391400 0.708794 0.441670
v -0.392550 0.710869 0.439601
v -0.391040 0.709096 0.436496
v -0.389674 0.706781 0.438147
v -0.389661 0.704573 0.434322
v -0.391031 0.707150 0.433124
v -0.392499 0.705339 0.430018
v -0.391335 0.702510 0.430783
v -0.394449 0.700914 0.428082
v -0.395222 0.703936 0.427647
v -0.428441 0.717373 0.400973
v -0.430433 0.719756 0.405144
v -0.431530 0.716901 0.405912
v -0.434125 0.721547 0.408327
v -0.434847 0.718510 0.408770
v -0.438925 0.722486 0.410057
v -0.439157 0.719351 0.410320
v -0.444121 0.722426 0.410064
v -0.443824 0.719297 0.410327
v -0.448931 0.721367 0.408333
v -0.448123 0.718353 0.408784
v -0.451397 0.716668 0.405935
v -0.452561 0.719497 0.405170
v -0.453184 0.714486 0.402191
v -0.454523 0.717074 0.401014
v -0.453140 0.712161 0.398162
v -0.454505 0.714475 0.396512
v -0.451335 0.710032 0.394434
v -0.452481 0.712105 0.392360
v -0.448821 0.710302 0.389157
v -0.448018 0.708423 0.391576
v -0.443990 0.709375 0.387447
v -0.443705 0.707579 0.390021
v -0.438793 0.709434 0.387440
v -0.439042 0.707636 0.390019
v -0.434014 0.710482 0.389152
v -0.434739 0.708577 0.391557
v -0.431464 0.710262 0.394407
v -0.430353 0.712364 0.392334
v -0.429708 0.712433 0.398129
v -0.428392 0.714786 0.396490
v -0.429722 0.714769 0.402179
v -0.486001 0.685364 0.403103
v -0.492066 0.684034 0.400930
v -0.485757 0.687165 0.400529
v -0.491342 0.685939 0.398524
v -0.496693 0.681658 0.396912
v -0.495582 0.683760 0.394839
v -0.479449 0.685434 0.403084
v -0.479734 0.687229 0.400510
v -0.473354 0.684254 0.400909
v -0.474126 0.686144 0.398510
v -0.468690 0.681983 0.396873
v -0.469837 0.684055 0.394799
v -0.466142 0.678974 0.391605
v -0.467507 0.681288 0.389955
v -0.467455 0.678280 0.384740
v -0.466112 0.675689 0.385912
v -0.469744 0.675459 0.379902
v -0.468580 0.672630 0.380666
v -0.473202 0.670252 0.376643
v -0.474010 0.673265 0.376192
v -0.479267 0.668922 0.374470
v -0.479565 0.672051 0.374207
v -0.485850 0.668840 0.374469
v -0.485618 0.671975 0.374206
v -0.491227 0.673060 0.376206
v -0.491918 0.670035 0.376669
v -0.495516 0.675149 0.379918
v -0.496613 0.672294 0.380685
v -0.499157 0.675300 0.385948
v -0.497846 0.677915 0.384762
v -0.499187 0.678585 0.391641
v -0.497871 0.680940 0.390002
v -0.373170 0.715119 0.452239
v -0.374638 0.716832 0.455239
v -0.373326 0.719447 0.454053
v -0.374645 0.718712 0.458496
v -0.373356 0.721051 0.456832
v -0.372147 0.722548 0.459401
v -0.373227 0.720459 0.461493
v -0.370584 0.721817 0.463790
v -0.369860 0.723722 0.461385
v -0.367131 0.722576 0.465031
v -0.366887 0.724377 0.462456
v -0.363378 0.722619 0.465025
v -0.363663 0.724414 0.462452
v -0.360679 0.723834 0.461381
v -0.359903 0.721941 0.463775
v -0.357249 0.720641 0.461465
v -0.358399 0.722717 0.459396
v -0.357150 0.721245 0.456819
v -0.355785 0.718930 0.458470
v -0.355778 0.717051 0.455213
v -0.357151 0.719630 0.454020
v -0.358356 0.718129 0.451447
v -0.357196 0.715304 0.452216
v -0.360612 0.716968 0.449483
v -0.359838 0.713945 0.449919
v -0.363589 0.716316 0.448416
v -0.363292 0.713186 0.448679
v -0.367045 0.713143 0.448684
v -0.366813 0.716277 0.448421
v -0.369797 0.716858 0.449491
v -0.370516 0.713819 0.449929
v -0.372104 0.717961 0.451451
v -0.597435 0.674990 0.387519
v -0.584257 0.675792 0.388627
v -0.597204 0.676800 0.384960
v -0.584262 0.677597 0.386063
v -0.571042 0.675310 0.387508
v -0.571336 0.677111 0.384944
v -0.558357 0.673528 0.384148
v -0.558903 0.675366 0.381655
v -0.547388 0.672450 0.376354
v -0.546643 0.670545 0.378728
v -0.536351 0.666465 0.371437
v -0.537312 0.668448 0.369203
v -0.527875 0.661449 0.362565
v -0.529025 0.663525 0.360495
v -0.522853 0.657865 0.350555
v -0.521580 0.655676 0.352425
v -0.519006 0.651703 0.339797
v -0.517677 0.649380 0.341433
v -0.516296 0.642810 0.330021
v -0.517666 0.645257 0.328599
v -0.518875 0.638781 0.317404
v -0.517545 0.636199 0.318591
v -0.522605 0.632515 0.306626
v -0.521336 0.629811 0.307605
v -0.528666 0.626722 0.296719
v -0.527515 0.623901 0.297498
v -0.535866 0.618682 0.288634
v -0.536839 0.621612 0.288038
v -0.546858 0.617365 0.280895
v -0.546067 0.614362 0.281367
v -0.558280 0.614174 0.275612
v -0.557723 0.611100 0.275964
v -0.570678 0.612145 0.272362
v -0.570394 0.609024 0.272640
v -0.583621 0.611348 0.271259
v -0.583573 0.608222 0.271532
v -0.596760 0.608719 0.272676
v -0.596547 0.611833 0.272378
v -0.609473 0.610486 0.276011
v -0.608980 0.613578 0.275668
v -0.621191 0.613472 0.281436
v -0.620464 0.616506 0.280988
v -0.631478 0.617550 0.288722
v -0.630570 0.620497 0.288119
v -0.638857 0.625420 0.296827
v -0.639923 0.622577 0.297614
v -0.646249 0.628338 0.307734
v -0.645025 0.631077 0.306762
v -0.650153 0.634635 0.318726
v -0.648876 0.637241 0.317526
v -0.650186 0.643699 0.328744
v -0.651502 0.641215 0.330159
v -0.648976 0.650175 0.339938
v -0.650284 0.647815 0.341568
v -0.645278 0.656430 0.350696
v -0.646493 0.654203 0.352555
v -0.640319 0.660116 0.362666
v -0.639216 0.662222 0.360604
v -0.631932 0.665344 0.371545
v -0.631013 0.667345 0.369304
v -0.621736 0.669667 0.378817
v -0.621024 0.671580 0.376427
v -0.610075 0.672926 0.384215
v -0.609602 0.674771 0.381710
v -0.430142 0.695355 0.419217
v -0.428119 0.692984 0.415065
v -0.431293 0.697431 0.417148
v -0.429484 0.695299 0.413415
v -0.433834 0.697146 0.422400
v -0.434606 0.699037 0.420001
v -0.438634 0.698085 0.424130
v -0.438919 0.699881 0.421556
v -0.443830 0.698025 0.424137
v -0.443586 0.699827 0.421563
v -0.448609 0.696978 0.422426
v -0.447885 0.698883 0.420020
v -0.451159 0.697198 0.417171
v -0.452271 0.695096 0.419243
v -0.452947 0.695016 0.413427
v -0.454232 0.692673 0.415087
v -0.452902 0.692691 0.409398
v -0.454214 0.690075 0.410584
v -0.451093 0.690559 0.405665
v -0.452190 0.687704 0.406433
v -0.448499 0.685912 0.403250
v -0.447776 0.688950 0.402807
v -0.443699 0.684974 0.401520
v -0.443467 0.688109 0.401257
v -0.438502 0.685035 0.401513
v -0.438800 0.688163 0.401250
v -0.433723 0.686081 0.403224
v -0.434501 0.689107 0.402793
v -0.431226 0.690792 0.405643
v -0.430062 0.687963 0.406407
v -0.429470 0.692962 0.409366
v -0.428101 0.690386 0.410563
v 0.017315 0.862835 0.671631
v 0.008373 0.860780 0.664971
v 0.007673 0.861308 0.665898
v -0.755509 0.583221 0.175544
v -0.755472 0.581709 0.172924
v -0.705947 0.586928 0.180904
v -0.731524 0.575983 0.162486
v -0.756639 0.580282 0.170475
v -0.749724 0.567697 0.148521
v -0.758757 0.579191 0.168630
v -0.756686 0.584613 0.177981
v -0.744671 0.606034 0.214841
v -0.758828 0.585672 0.179862
v -0.761656 0.586214 0.180862
v -0.764692 0.586182 0.180871
v -0.767489 0.585572 0.179874
v -0.903256 0.538471 0.101175
v -0.948289 0.535394 0.096810
v -0.905370 0.537377 0.099326
v -0.906541 0.535952 0.096882
v -0.951086 0.534784 0.095813
v -0.906504 0.534441 0.094262
v -0.972646 0.523028 0.075906
v -0.954121 0.534752 0.095822
v -0.972689 0.526968 0.082734
v -0.956950 0.535294 0.096822
v -0.975751 0.530575 0.089049
v -0.959123 0.536341 0.098683
v -0.960300 0.537733 0.101120
v -0.981344 0.533298 0.093888
v -0.960306 0.539256 0.103760
v -0.988677 0.534714 0.096498
v -0.943925 0.561772 0.142421
v -0.959139 0.540684 0.106209
v -0.957021 0.541775 0.108053
v -0.941093 0.561227 0.141416
v -0.938058 0.561259 0.141407
v -0.935265 0.561872 0.142409
v -0.799528 0.608961 0.221088
v -0.753403 0.612415 0.226084
v -0.797380 0.610063 0.222953
v -0.796212 0.611491 0.225401
v -0.796249 0.613003 0.228021
v -0.797427 0.614395 0.230458
v -0.775047 0.637443 0.269913
v -0.799569 0.615454 0.232339
v -0.802397 0.615996 0.233339
v -0.804487 0.629306 0.256447
v -0.805432 0.615964 0.233348
v -0.808260 0.615342 0.232331
v -0.826703 0.623964 0.247667
v -0.916694 0.597426 0.203615
v -0.893802 0.605230 0.216647
v -0.848496 0.618408 0.238508
v -0.870283 0.612557 0.228836
v -0.750606 0.613025 0.227081
v -0.938843 0.588968 0.189436
v -0.943997 0.568253 0.153652
v -0.958126 0.580720 0.175557
v -0.946141 0.567147 0.151783
v -0.976477 0.571953 0.160760
v -0.947282 0.565734 0.149359
v -0.993385 0.562427 0.144617
v -0.947276 0.564211 0.146719
v -1.007564 0.552650 0.127982
v -0.946098 0.562819 0.144282
v -1.020280 0.542425 0.110537
v -0.996563 0.534620 0.096504
v -1.003809 0.533035 0.093914
v -1.009370 0.530177 0.089081
v -1.031281 0.531714 0.092214
v -1.012362 0.526494 0.082765
v -1.034675 0.526843 0.083846
v -1.012319 0.522555 0.075936
v -1.036989 0.521840 0.075229
v -1.009256 0.518947 0.069622
v -1.037768 0.516729 0.066389
v -1.037194 0.514539 0.062583
v -1.035861 0.512431 0.058900
v -1.033587 0.510508 0.055520
v -1.030830 0.508752 0.052419
v -1.027413 0.507369 0.049948
v -1.023531 0.506325 0.048056
v -1.013785 0.504868 0.045323
v -1.003659 0.516222 0.064777
v -1.003647 0.504186 0.043924
v -0.996362 0.514797 0.062153
v -0.993399 0.504046 0.043462
v -0.988475 0.514891 0.062147
v -0.981199 0.516487 0.064756
v -0.969638 0.505394 0.045286
v -0.975638 0.519346 0.069590
v -0.905327 0.533049 0.091825
v -0.946115 0.507739 0.048844
v -0.903185 0.531990 0.089944
v -0.922936 0.510925 0.053867
v -0.900352 0.531445 0.088939
v -0.899212 0.515496 0.061280
v -0.897317 0.531478 0.088930
v -0.894524 0.532091 0.089932
v -0.876410 0.521001 0.070328
v -0.854260 0.527130 0.080473
v -0.830641 0.534552 0.092826
v -0.808018 0.542535 0.106172
v -0.786026 0.550998 0.120367
v -0.767438 0.559156 0.134102
v -0.742522 0.607137 0.216705
v -0.741386 0.608553 0.219134
v -0.680030 0.597585 0.198813
v -0.741392 0.610077 0.221774
v -0.652775 0.607423 0.215276
v -0.686121 0.631772 0.258180
v -0.742569 0.611469 0.224211
v -0.744742 0.612516 0.226072
v -0.718099 0.655153 0.299379
v -0.746084 0.645829 0.283823
v -0.747540 0.613070 0.227092
v -0.893511 0.580829 0.230720
v -0.916403 0.573025 0.217687
v -0.869992 0.588156 0.242909
v -0.848206 0.594007 0.252581
v -0.807938 0.590953 0.246424
v -0.826412 0.599563 0.261740
v -0.805142 0.591563 0.247421
v -0.804165 0.604917 0.270540
v -0.802106 0.591595 0.247412
v -0.774756 0.613042 0.283986
v -0.799278 0.591053 0.246412
v -0.797105 0.590006 0.244551
v -0.753112 0.588014 0.240157
v -0.795927 0.588614 0.242114
v -0.795921 0.587090 0.239474
v -0.797089 0.585662 0.237026
v -0.799206 0.584572 0.235181
v -0.934943 0.537483 0.156502
v -0.956699 0.517386 0.122146
v -0.937767 0.536858 0.155480
v -0.940802 0.536826 0.155489
v -0.943635 0.537371 0.156494
v -0.958848 0.516284 0.120281
v -0.959984 0.514868 0.117852
v -0.988355 0.510325 0.110590
v -0.981053 0.508897 0.107961
v -0.959978 0.513344 0.115213
v -0.975460 0.506174 0.103122
v -0.958801 0.511952 0.112776
v -0.956659 0.510893 0.110895
v -0.972398 0.502567 0.096807
v -0.953830 0.510351 0.109895
v -0.972355 0.498628 0.089978
v -0.950795 0.510383 0.109886
v -0.906213 0.510040 0.108335
v -0.947967 0.511005 0.110903
v -0.906219 0.511564 0.110974
v -0.905079 0.512977 0.113398
v -0.902934 0.514082 0.115268
v -0.767198 0.561171 0.193947
v -0.744380 0.581634 0.228913
v -0.764401 0.561781 0.194944
v -0.761334 0.561825 0.194954
v -0.758537 0.561271 0.193934
v -0.705625 0.562539 0.194996
v -0.756364 0.560224 0.192074
v -0.755187 0.558832 0.189637
v -0.755181 0.557309 0.186997
v -0.731202 0.551594 0.176579
v -0.756317 0.555893 0.184568
v -0.758466 0.554790 0.182703
v -0.749433 0.543296 0.162594
v -0.830350 0.510151 0.106899
v -0.807696 0.518146 0.120265
v -0.767116 0.534767 0.148195
v -0.785735 0.526599 0.134439
v -0.943675 0.543864 0.167745
v -0.742231 0.582737 0.230778
v -0.853938 0.502741 0.094565
v -0.894202 0.507702 0.104025
v -0.876119 0.496600 0.084401
v -0.897026 0.507077 0.103003
v -0.898890 0.491107 0.075373
v -0.900061 0.507044 0.103012
v -0.922645 0.486524 0.067940
v -0.902863 0.507601 0.104037
v -0.945793 0.483350 0.062937
v -0.905036 0.508648 0.105897
v -0.969316 0.481005 0.059379
v -0.975347 0.494945 0.083662
v -0.980877 0.492098 0.078849
v -0.988153 0.490502 0.076239
v -0.993108 0.479646 0.057534
v -0.996040 0.490408 0.076246
v -1.003356 0.479785 0.057997
v -1.003337 0.491833 0.078870
v -1.013494 0.480468 0.059395
v -1.008965 0.494547 0.083694
v -1.023209 0.481936 0.062148
v -1.027091 0.482980 0.064041
v -1.030508 0.484363 0.066512
v -1.033296 0.486108 0.069593
v -1.035540 0.488042 0.072993
v -1.036903 0.490139 0.076656
v -1.037446 0.492340 0.080482
v -1.036698 0.497440 0.089301
v -1.012028 0.498154 0.090009
v -1.034353 0.502454 0.097939
v -1.012040 0.502105 0.096858
v -1.030959 0.507325 0.106307
v -1.009079 0.505776 0.103154
v -1.003518 0.508635 0.107987
v -1.019989 0.518025 0.124610
v -0.996242 0.510231 0.110597
v -0.945776 0.538430 0.158375
v -1.007242 0.528261 0.142075
v -0.946954 0.539822 0.160812
v -0.993094 0.538026 0.158690
v -0.946991 0.541334 0.163432
v -0.976151 0.547561 0.174848
v -0.945819 0.542758 0.165876
v -0.957835 0.556319 0.189630
v -0.938553 0.564568 0.203509
v -0.750284 0.588636 0.241174
v -0.747249 0.588669 0.241165
v -0.745762 0.621440 0.297916
v -0.744420 0.588127 0.240165
v -0.717808 0.630752 0.313452
v -0.684463 0.606404 0.270547
v -0.742278 0.587068 0.238284
v -0.741101 0.585676 0.235847
v -0.652484 0.583023 0.229348
v -0.679739 0.573184 0.212885
v -0.741064 0.584165 0.233227
v -0.448499 0.685912 0.403250
v -0.466142 0.678974 0.391605
v -0.443699 0.684974 0.401520
v -0.466112 0.675689 0.385912
v -0.452190 0.687704 0.406433
v -0.468690 0.681983 0.396873
v -0.473354 0.684254 0.400909
v -0.454214 0.690075 0.410584
v -0.454232 0.692673 0.415087
v -0.479449 0.685434 0.403084
v -0.485506 0.697516 0.424150
v -0.504122 0.694292 0.418961
v -0.486001 0.685364 0.403103
v -0.492066 0.684034 0.400930
v -0.496693 0.681658 0.396912
v -0.499187 0.678585 0.391641
v -0.515501 0.693335 0.417548
v -0.525020 0.693317 0.417720
v -0.515590 0.693524 0.417877
v -0.504282 0.694494 0.419315
v -0.485726 0.697759 0.424574
v -0.460027 0.704356 0.435456
v -0.459743 0.704104 0.435012
v -0.452271 0.695096 0.419243
v -0.448609 0.696978 0.422426
v -0.443830 0.698025 0.424137
v -0.438634 0.698085 0.424130
v -0.435913 0.711193 0.446783
v -0.436163 0.711423 0.447187
v -0.400264 0.722310 0.465281
v -0.399979 0.722089 0.464892
v -0.362357 0.733779 0.484338
v -0.362012 0.733517 0.483880
v -0.320892 0.745871 0.504402
v -0.320457 0.745551 0.503839
v -0.274881 0.758971 0.526113
v -0.274428 0.758640 0.525530
v -0.230679 0.770776 0.545621
v -0.230253 0.770463 0.545067
v -0.186589 0.782397 0.564809
v -0.186137 0.782065 0.564226
v -0.165123 0.787296 0.572838
v -0.182335 0.779264 0.559290
v -0.181882 0.778933 0.558706
v -0.219549 0.762650 0.531301
v -0.257255 0.746071 0.503382
v -0.219122 0.762336 0.530747
v -0.499157 0.675300 0.385948
v -0.164008 0.787950 0.573947
v -0.163509 0.787588 0.573309
v -0.297914 0.729080 0.474816
v -0.335030 0.713824 0.449177
v -0.357249 0.720641 0.461465
v -0.355785 0.718930 0.458470
v -0.355778 0.717051 0.455213
v -0.357196 0.715304 0.452216
v -0.369788 0.700018 0.426001
v -0.334684 0.713564 0.448719
v -0.297479 0.728760 0.474252
v -0.256799 0.745737 0.502794
v -0.359903 0.721941 0.463775
v -0.359838 0.713945 0.449919
v -0.363292 0.713186 0.448679
v -0.367045 0.713143 0.448684
v -0.391335 0.702510 0.430783
v -0.389661 0.704573 0.434322
v -0.370516 0.713819 0.449929
v -0.389674 0.706781 0.438147
v -0.373170 0.715119 0.452239
v -0.391400 0.708794 0.441670
v -0.394540 0.710318 0.444379
v -0.374638 0.716832 0.455239
v -0.398633 0.711112 0.445844
v -0.374645 0.718712 0.458496
v -0.403020 0.711068 0.445860
v -0.407098 0.710173 0.444397
v -0.394449 0.700914 0.428082
v -0.373227 0.720459 0.461493
v -0.370584 0.721817 0.463790
v -0.367131 0.722576 0.465031
v -0.363378 0.722619 0.465025
v -0.410208 0.708573 0.441692
v -0.411886 0.706513 0.438158
v -0.433834 0.697146 0.422400
v -0.430142 0.695355 0.419217
v -0.428119 0.692984 0.415065
v -0.411842 0.704317 0.434352
v -0.410147 0.702293 0.430809
v -0.407007 0.700769 0.428100
v -0.402914 0.699974 0.426635
v -0.428101 0.690386 0.410563
v -0.402802 0.686999 0.404153
v -0.430062 0.687963 0.406407
v -0.433723 0.686081 0.403224
v -0.398492 0.700027 0.426634
v -0.369476 0.699812 0.425637
v -0.402455 0.686802 0.403804
v -0.424101 0.678078 0.389151
v -0.424456 0.678312 0.389565
v -0.445836 0.668539 0.373089
v -0.438502 0.685035 0.401513
v -0.445489 0.668342 0.372740
v -0.458452 0.660931 0.360177
v -0.458164 0.660773 0.359897
v -0.464308 0.655907 0.351599
v -0.463962 0.655808 0.351418
v -0.467724 0.651438 0.343928
v -0.467230 0.651307 0.343688
v -0.469852 0.647025 0.336326
v -0.469289 0.646879 0.336061
v -0.471091 0.642282 0.328134
v -0.470531 0.642170 0.327929
v -0.471365 0.637774 0.320330
v -0.470844 0.637398 0.319667
v -0.467586 0.631011 0.308531
v -0.521336 0.629811 0.307605
v -0.469783 0.627290 0.302129
v -0.470728 0.626490 0.300766
v -0.471814 0.626044 0.300015
v -0.475907 0.624996 0.298288
v -0.480299 0.623630 0.296012
v -0.484479 0.622058 0.293378
v -0.487973 0.620066 0.290001
v -0.495582 0.614420 0.280385
v -0.527515 0.623901 0.297498
v -0.499724 0.607069 0.267735
v -0.503941 0.599961 0.255508
v -0.504604 0.599493 0.254712
v -0.535866 0.618682 0.288634
v -0.505455 0.599150 0.254136
v -0.506519 0.598979 0.253864
v -0.522580 0.599564 0.255221
v -0.538810 0.600226 0.256718
v -0.546067 0.614362 0.281367
v -0.555209 0.600387 0.257348
v -0.557723 0.611100 0.275964
v -0.570394 0.609024 0.272640
v -0.567957 0.599785 0.256579
v -0.580591 0.598558 0.254724
v -0.583573 0.608222 0.271532
v -0.593069 0.596743 0.251847
v -0.596760 0.608719 0.272676
v -0.609473 0.610486 0.276011
v -0.613500 0.592972 0.245750
v -0.621191 0.613472 0.281436
v -0.633280 0.588413 0.238277
v -0.631478 0.617550 0.288722
v -0.652484 0.583023 0.229348
v -0.684463 0.606404 0.270547
v -0.639923 0.622577 0.297614
v -0.646249 0.628338 0.307734
v -0.717808 0.630752 0.313452
v -0.700969 0.637867 0.325416
v -0.650153 0.634635 0.318726
v -0.685443 0.645557 0.338409
v -0.651502 0.641215 0.330159
v -0.671179 0.653822 0.352425
v -0.650284 0.647815 0.341568
v -0.646493 0.654203 0.352555
v -0.663339 0.659056 0.361324
v -0.640319 0.660116 0.362666
v -0.656588 0.664554 0.370708
v -0.650911 0.670344 0.380616
v -0.631932 0.665344 0.371545
v -0.621736 0.669667 0.378817
v -0.645387 0.678108 0.393952
v -0.610075 0.672926 0.384215
v -0.640852 0.685976 0.407488
v -0.636180 0.693754 0.420864
v -0.635509 0.694184 0.421595
v -0.634533 0.694477 0.422082
v -0.597435 0.674990 0.387519
v -0.633431 0.694623 0.422309
v -0.618772 0.694059 0.421019
v -0.603626 0.693401 0.419553
v -0.584257 0.675792 0.388627
v -0.590470 0.694961 0.421976
v -0.585520 0.695896 0.423487
v -0.581101 0.697309 0.425843
v -0.577017 0.698880 0.428476
v -0.573602 0.700440 0.431106
v -0.572406 0.700782 0.431672
v -0.570559 0.700952 0.431929
v -0.562901 0.700647 0.431236
v -0.563298 0.700781 0.431475
v -0.467405 0.630795 0.308152
v -0.551677 0.696469 0.423754
v -0.571042 0.675310 0.387508
v -0.558357 0.673528 0.384148
v -0.543222 0.694991 0.421013
v -0.533964 0.693888 0.418903
v -0.534049 0.694204 0.419451
v -0.525102 0.693597 0.418209
v -0.552198 0.696845 0.424417
v -0.543238 0.695293 0.421536
v -0.546643 0.670545 0.378728
v -0.536351 0.666465 0.371437
v -0.527875 0.661449 0.362565
v -0.496613 0.672294 0.380685
v -0.491918 0.670035 0.376669
v -0.521580 0.655676 0.352425
v -0.485850 0.668840 0.374469
v -0.517677 0.649380 0.341433
v -0.516296 0.642810 0.330021
v -0.517545 0.636199 0.318591
v -0.479267 0.668922 0.374470
v -0.473202 0.670252 0.376643
v -0.468580 0.672630 0.380666
v -0.741386 0.608553 0.219134
v -0.742160 0.607633 0.219832
v -0.742522 0.607137 0.216705
v -0.743178 0.606365 0.217657
v -0.744671 0.606034 0.214841
v -0.745157 0.605345 0.215931
v -0.948289 0.535394 0.096810
v -0.741392 0.610077 0.221774
v -0.742171 0.608998 0.222198
v -0.743231 0.610248 0.224386
v -0.742569 0.611469 0.224211
v -0.744742 0.612516 0.226072
v -0.745158 0.611197 0.226072
v -0.747677 0.611697 0.226992
v -0.748249 0.606745 0.226228
v -0.750416 0.611662 0.226990
v -0.749740 0.606728 0.226231
v -0.753023 0.611089 0.226053
v -0.753403 0.612415 0.226084
v -0.956513 0.540493 0.108097
v -0.957021 0.541775 0.108053
v -0.958462 0.539484 0.106392
v -0.959139 0.540684 0.106209
v -0.959511 0.538205 0.104197
v -0.960306 0.539256 0.103760
v -0.959499 0.536840 0.101831
v -0.960300 0.537733 0.101120
v -0.747540 0.613070 0.227092
v -0.750606 0.613025 0.227081
v -0.956330 0.534559 0.105614
v -0.955769 0.535255 0.106809
v -0.954448 0.535934 0.107958
v -0.751471 0.606351 0.225615
v -0.746867 0.606479 0.225738
v -0.745827 0.605954 0.224806
v -0.745242 0.605277 0.223619
v -0.745236 0.604529 0.222325
v -0.745797 0.603833 0.221130
v -0.747118 0.603154 0.219981
v -0.950095 0.532737 0.102323
v -0.951826 0.532360 0.101708
v -0.948652 0.534752 0.097980
v -0.951224 0.534187 0.097058
v -0.951086 0.534784 0.095813
v -0.953962 0.534153 0.097057
v -0.954121 0.534752 0.095822
v -0.953318 0.532343 0.101710
v -0.954704 0.532612 0.102205
v -0.956482 0.534653 0.097977
v -0.956950 0.535294 0.096822
v -0.958440 0.535590 0.099643
v -0.959123 0.536341 0.098683
v -0.955771 0.533122 0.103113
v -0.956325 0.533812 0.104319
v -0.498109 0.700410 0.378766
v -0.499483 0.702989 0.377573
v -0.495850 0.703219 0.383584
v -0.497015 0.706047 0.382819
v -0.491584 0.705412 0.387294
v -0.492388 0.708423 0.386837
v -0.498083 0.697387 0.373526
v -0.499448 0.699701 0.371875
v -0.495754 0.694620 0.368682
v -0.496904 0.696695 0.366612
v -0.492240 0.694424 0.362577
v -0.491464 0.692530 0.364970
v -0.486141 0.693240 0.360397
v -0.485856 0.691445 0.362970
v -0.479802 0.691522 0.362972
v -0.479589 0.693311 0.360377
v -0.474248 0.692736 0.364956
v -0.473524 0.694640 0.362551
v -0.469982 0.694929 0.368666
v -0.468902 0.697019 0.366573
v -0.466403 0.700089 0.371840
v -0.467723 0.697738 0.373484
v -0.466433 0.703375 0.377532
v -0.467749 0.700761 0.378724
v -0.470078 0.703528 0.383568
v -0.468981 0.706383 0.382800
v -0.474363 0.705615 0.387274
v -0.473645 0.708655 0.386836
v -0.479976 0.706702 0.389279
v -0.479740 0.709834 0.389011
v -0.485999 0.706638 0.389298
v -0.486327 0.709755 0.389015
v -0.403017 0.732342 0.432055
v -0.398924 0.735513 0.431772
v -0.399155 0.732378 0.432035
v -0.395554 0.731682 0.430750
v -0.394831 0.734718 0.430307
v -0.391691 0.733194 0.427598
v -0.392788 0.730340 0.428365
v -0.391277 0.728566 0.425260
v -0.389996 0.731170 0.424054
v -0.389952 0.728974 0.420249
v -0.391268 0.726621 0.421888
v -0.392737 0.724809 0.418783
v -0.391626 0.726911 0.416710
v -0.394740 0.725314 0.414010
v -0.395460 0.723407 0.416410
v -0.399063 0.722618 0.415121
v -0.398814 0.724416 0.412541
v -0.403205 0.724375 0.412562
v -0.402920 0.722579 0.415136
v -0.407298 0.725169 0.414027
v -0.406526 0.723279 0.416426
v -0.410438 0.726693 0.416736
v -0.409288 0.724617 0.418806
v -0.410798 0.726391 0.421910
v -0.412163 0.728706 0.420260
v -0.410807 0.728337 0.425282
v -0.412177 0.730913 0.424085
v -0.409339 0.730148 0.428388
v -0.410499 0.732974 0.427619
v -0.407389 0.734573 0.430324
v -0.406616 0.731551 0.430760
v -0.403341 0.735457 0.431767
v -0.897317 0.531478 0.088930
v -0.897459 0.530883 0.090180
v -0.900352 0.531445 0.088939
v -0.900197 0.530849 0.090178
v -0.898061 0.529057 0.094830
v -0.899553 0.529039 0.094832
v -0.894524 0.532091 0.089932
v -0.894883 0.531446 0.091097
v -0.759243 0.578501 0.169721
v -0.758757 0.579191 0.168630
v -0.757294 0.579510 0.171427
v -0.756639 0.580282 0.170475
v -0.756246 0.580789 0.173622
v -0.755472 0.581709 0.172924
v -0.756257 0.582154 0.175988
v -0.755509 0.583221 0.175544
v -0.759322 0.577686 0.176114
v -0.759887 0.576992 0.174925
v -0.761204 0.576311 0.173771
v -0.896331 0.529433 0.095445
v -0.765588 0.579496 0.179385
v -0.759327 0.578433 0.177409
v -0.757317 0.583404 0.178176
v -0.756686 0.584613 0.177981
v -0.758828 0.585672 0.179862
v -0.759275 0.584342 0.179842
v -0.761794 0.584841 0.180762
v -0.762370 0.579893 0.180003
v -0.763857 0.579872 0.180000
v -0.764532 0.584807 0.180760
v -0.764692 0.586182 0.180871
v -0.767489 0.585572 0.179874
v -0.761656 0.586214 0.180862
v -0.760984 0.579624 0.179508
v -0.759913 0.579110 0.178595
v -0.767109 0.584245 0.179843
v -0.902713 0.537198 0.101234
v -0.903256 0.538471 0.101175
v -0.904697 0.536181 0.099513
v -0.905370 0.537377 0.099326
v -0.906541 0.535952 0.096882
v -0.905746 0.534901 0.097318
v -0.906504 0.534441 0.094262
v -0.900683 0.532630 0.101079
v -0.902000 0.531948 0.099926
v -0.902566 0.531254 0.098736
v -0.905730 0.533533 0.094948
v -0.902560 0.530508 0.097441
v -0.902006 0.529819 0.096235
v -0.904675 0.532286 0.092764
v -0.905327 0.533049 0.091825
v -0.903185 0.531990 0.089944
v -0.902712 0.531346 0.091093
v -0.900934 0.529305 0.095322
v -0.946098 0.562819 0.144282
v -0.943925 0.561772 0.142421
v -0.945411 0.562065 0.145237
v -0.943484 0.561116 0.143551
v -0.942742 0.559597 0.148707
v -0.946471 0.563314 0.147425
v -0.947276 0.564211 0.146719
v -0.946486 0.564683 0.149795
v -0.947282 0.565734 0.149359
v -0.945469 0.565950 0.151971
v -0.946141 0.567147 0.151783
v -0.943997 0.568253 0.153652
v -0.943485 0.566968 0.153691
v -0.808260 0.615342 0.232331
v -0.942741 0.561730 0.152403
v -0.943337 0.561024 0.151194
v -0.943301 0.560290 0.149918
v -0.806329 0.609278 0.231863
v -0.941424 0.562412 0.153557
v -0.807881 0.614015 0.232300
v -0.805273 0.614589 0.233238
v -0.805432 0.615964 0.233348
v -0.802397 0.615996 0.233339
v -0.802535 0.614623 0.233239
v -0.799569 0.615454 0.232339
v -0.800016 0.614123 0.232319
v -0.803106 0.609672 0.232476
v -0.804598 0.609654 0.232478
v -0.801725 0.609406 0.231986
v -0.798058 0.613186 0.230653
v -0.797427 0.614395 0.230458
v -0.796249 0.613003 0.228021
v -0.796998 0.611936 0.228465
v -0.800653 0.608892 0.231073
v -0.800068 0.608215 0.229887
v -0.800063 0.607467 0.228592
v -0.796987 0.610571 0.226099
v -0.796212 0.611491 0.225401
v -0.797380 0.610063 0.222953
v -0.798035 0.609291 0.223904
v -0.799528 0.608961 0.221088
v -0.800624 0.606771 0.227397
v -0.801976 0.606080 0.226228
v -0.800015 0.608271 0.222178
v -0.935623 0.561227 0.143574
v -0.935265 0.561872 0.142409
v -0.937071 0.559215 0.147922
v -0.938802 0.558838 0.147307
v -0.938200 0.560665 0.142657
v -0.938058 0.561259 0.141407
v -0.941093 0.561227 0.141416
v -0.940938 0.560631 0.142655
v -0.940289 0.558818 0.147304
v -0.941675 0.559087 0.147799
v -0.953830 0.510351 0.109895
v -0.956212 0.512224 0.110915
v -0.953693 0.511724 0.109995
v -0.953121 0.516675 0.110758
v -0.950954 0.511758 0.109996
v -0.951630 0.516693 0.110756
v -0.948347 0.512332 0.110934
v -0.947967 0.511005 0.110903
v -0.950795 0.510383 0.109886
v -0.744888 0.582916 0.228870
v -0.949899 0.517069 0.111371
v -0.954252 0.520266 0.117006
v -0.954503 0.516941 0.111248
v -0.744380 0.581634 0.228913
v -0.742908 0.583936 0.230595
v -0.742231 0.582737 0.230778
v -0.741859 0.585216 0.232790
v -0.741064 0.584165 0.233227
v -0.741101 0.585676 0.235847
v -0.741871 0.586581 0.235156
v -0.745040 0.588862 0.231373
v -0.745601 0.588166 0.230178
v -0.746922 0.587487 0.229029
v -0.745045 0.589609 0.232667
v -0.745630 0.590286 0.233854
v -0.742931 0.587830 0.237344
v -0.744889 0.588768 0.239010
v -0.744420 0.588127 0.240165
v -0.742278 0.587068 0.238284
v -0.746666 0.590809 0.234781
v -0.748052 0.591078 0.235276
v -0.747408 0.589267 0.239930
v -0.747249 0.588669 0.241165
v -0.750284 0.588636 0.241174
v -0.750146 0.589233 0.239929
v -0.753112 0.588014 0.240157
v -0.752749 0.588657 0.238986
v -0.749544 0.591060 0.235279
v -0.751306 0.590672 0.234643
v -0.956213 0.518076 0.121056
v -0.956699 0.517386 0.122146
v -0.958193 0.517055 0.119330
v -0.958848 0.516284 0.120281
v -0.959241 0.515776 0.117135
v -0.959984 0.514868 0.117852
v -0.959230 0.514411 0.114769
v -0.959978 0.513344 0.115213
v -0.958170 0.513161 0.112581
v -0.958801 0.511952 0.112776
v -0.956659 0.510893 0.110895
v -0.955574 0.517455 0.112161
v -0.956128 0.518144 0.113367
v -0.956165 0.518879 0.114643
v -0.955600 0.519573 0.115832
v -0.756364 0.560224 0.192074
v -0.755187 0.558832 0.189637
v -0.757047 0.560975 0.191114
v -0.755987 0.559725 0.188926
v -0.755181 0.557309 0.186997
v -0.755976 0.558360 0.186560
v -0.756317 0.555893 0.184568
v -0.758537 0.561271 0.193934
v -0.758974 0.561924 0.192800
v -0.761525 0.562412 0.193700
v -0.762169 0.564222 0.189046
v -0.763661 0.564205 0.189048
v -0.764263 0.562378 0.193699
v -0.764401 0.561781 0.194944
v -0.767198 0.561171 0.193947
v -0.761334 0.561825 0.194954
v -0.760783 0.563954 0.188551
v -0.759716 0.563443 0.187643
v -0.759131 0.562765 0.186457
v -0.761039 0.560631 0.182799
v -0.759125 0.562018 0.185162
v -0.756994 0.557093 0.184385
v -0.758466 0.554790 0.182703
v -0.758974 0.556072 0.182659
v -0.894202 0.507702 0.104025
v -0.759687 0.561322 0.183968
v -0.894582 0.509028 0.104055
v -0.897190 0.508454 0.103118
v -0.897026 0.507077 0.103003
v -0.900061 0.507044 0.103012
v -0.899928 0.508420 0.103117
v -0.902863 0.507601 0.104037
v -0.897861 0.513386 0.103873
v -0.896134 0.513765 0.104493
v -0.899352 0.513369 0.103875
v -0.902443 0.508917 0.104032
v -0.904401 0.509854 0.105698
v -0.905036 0.508648 0.105897
v -0.906213 0.510040 0.108335
v -0.905461 0.511104 0.107886
v -0.901805 0.514148 0.105278
v -0.902364 0.514840 0.106489
v -0.902369 0.515587 0.107784
v -0.905476 0.512472 0.110257
v -0.906219 0.511564 0.110974
v -0.904428 0.513751 0.112452
v -0.905079 0.512977 0.113398
v -0.902934 0.514082 0.115268
v -0.902444 0.514769 0.114172
v -0.900738 0.513637 0.104370
v -0.901804 0.516281 0.108974
v -0.900482 0.516960 0.110122
v -0.765392 0.563828 0.188433
v -0.766839 0.561816 0.192781
v -0.800457 0.593225 0.240121
v -0.796728 0.589507 0.241404
v -0.799898 0.592533 0.238910
v -0.799897 0.591788 0.237620
v -0.801780 0.590412 0.235277
v -0.800458 0.591092 0.236425
v -0.799714 0.585854 0.235137
v -0.797765 0.586863 0.236842
v -0.799206 0.584572 0.235181
v -0.797089 0.585662 0.237026
v -0.796717 0.588142 0.239038
v -0.795921 0.587090 0.239474
v -0.795927 0.588614 0.242114
v -0.797788 0.590757 0.243591
v -0.797105 0.590006 0.244551
v -0.799278 0.591053 0.246412
v -0.799746 0.591694 0.245258
v -0.802265 0.592194 0.246178
v -0.802910 0.594004 0.241524
v -0.801524 0.593735 0.241029
v -0.802106 0.591595 0.247412
v -0.805003 0.592160 0.246176
v -0.805142 0.591563 0.247421
v -0.807938 0.590953 0.246424
v -0.807576 0.591595 0.245254
v -0.804401 0.593987 0.241526
v -0.806128 0.593607 0.240906
v -0.941223 0.546742 0.162600
v -0.943184 0.544551 0.166650
v -0.943675 0.543864 0.167745
v -0.945168 0.543533 0.164929
v -0.945819 0.542758 0.165876
v -0.946991 0.541334 0.163432
v -0.946217 0.542254 0.162734
v -0.946954 0.539822 0.160812
v -0.942575 0.546051 0.161431
v -0.943137 0.545354 0.160237
v -0.943135 0.544610 0.158946
v -0.946201 0.540885 0.160363
v -0.942546 0.543930 0.157755
v -0.945141 0.539636 0.158175
v -0.945776 0.538430 0.158375
v -0.943635 0.537371 0.156494
v -0.943183 0.538699 0.156509
v -0.941479 0.543419 0.156847
v -0.940093 0.543150 0.156352
v -0.940668 0.538202 0.155594
v -0.940802 0.536826 0.155489
v -0.937930 0.538236 0.155595
v -0.937767 0.536858 0.155480
v -0.934943 0.537483 0.156502
v -0.935354 0.538798 0.156513
v -0.936875 0.543547 0.156970
v -0.938601 0.543168 0.156350
v -0.309931 0.700570 0.400590
v -0.308306 0.700860 0.397963
v -0.271877 0.715230 0.425196
v -0.270069 0.715408 0.422350
v -0.234308 0.729925 0.449859
v -0.232400 0.730073 0.446951
v -0.197484 0.744951 0.475110
v -0.195347 0.745145 0.472270
v -0.170646 0.756706 0.494920
v -0.348438 0.686329 0.376742
v -0.347115 0.686497 0.373906
v -0.387715 0.672204 0.353122
v -0.386139 0.672371 0.350268
v -0.425278 0.658322 0.326764
v -0.426902 0.657054 0.329893
v -0.438223 0.653776 0.319167
v -0.439638 0.651770 0.322709
v -0.451341 0.649312 0.311715
v -0.452740 0.646342 0.315878
v -0.463978 0.636699 0.308190
v -0.465070 0.637517 0.309631
v -0.467405 0.630795 0.308152
v -0.466996 0.631317 0.307131
v -0.397870 0.764850 0.513856
v -0.399263 0.767328 0.515083
v -0.357124 0.777506 0.534932
v -0.358639 0.780138 0.536409
v -0.316443 0.789953 0.555631
v -0.318026 0.792633 0.557186
v -0.275432 0.801923 0.575498
v -0.276828 0.804708 0.577225
v -0.244049 0.810352 0.589450
v -0.438029 0.751797 0.492102
v -0.439731 0.754189 0.493185
v -0.478189 0.738352 0.469679
v -0.479830 0.740870 0.470968
v -0.519839 0.727460 0.448591
v -0.518519 0.724022 0.447896
v -0.532923 0.722974 0.441099
v -0.531508 0.718904 0.441006
v -0.545870 0.718398 0.433447
v -0.544383 0.713326 0.433911
v -0.559189 0.706297 0.430831
v -0.558097 0.705480 0.429390
v -0.563298 0.700781 0.431475
v -0.564061 0.702028 0.431397
v 0.017315 0.862835 0.671631
v 0.008404 0.857928 0.666612
v -0.006922 0.845055 0.641343
v -0.009285 0.844753 0.643999
v -0.034465 0.828179 0.615818
v -0.032046 0.828572 0.613322
v -0.060808 0.812373 0.588994
v -0.058602 0.812679 0.586355
v -0.079084 0.801811 0.571084
v -0.077198 0.801972 0.568202
v -0.098690 0.791086 0.552936
v -0.096205 0.791376 0.550248
v -0.117909 0.781082 0.536014
v -0.116191 0.781038 0.532764
v -0.144032 0.768588 0.514928
v -0.141766 0.768732 0.511991
v -0.168153 0.756834 0.491941
v -0.467300 0.654044 0.293994
v -0.464174 0.652333 0.299162
v -0.467727 0.655184 0.294059
v -0.465271 0.653153 0.300608
v -0.452827 0.654383 0.311251
v -0.451341 0.649312 0.311715
v -0.439735 0.657812 0.319205
v -0.438223 0.653776 0.319167
v -0.426951 0.661637 0.327256
v -0.425278 0.658322 0.326764
v -0.387744 0.674898 0.351572
v -0.386139 0.672371 0.350268
v -0.347115 0.686497 0.373906
v -0.348467 0.689013 0.375198
v -0.308306 0.700860 0.397963
v -0.309960 0.703253 0.399046
v -0.271938 0.717919 0.423622
v -0.270069 0.715408 0.422350
v -0.234337 0.732631 0.448302
v -0.232400 0.730073 0.446951
v -0.197513 0.747662 0.473551
v -0.195347 0.745145 0.472270
v -0.170672 0.759431 0.493346
v -0.168153 0.756834 0.491941
v -0.144062 0.771307 0.513363
v -0.141766 0.768732 0.511991
v -0.116191 0.781038 0.532764
v -0.117938 0.783799 0.534450
v -0.096205 0.791376 0.550248
v -0.098751 0.793792 0.551352
v -0.077198 0.801972 0.568202
v -0.079114 0.804516 0.569527
v -0.058602 0.812679 0.586355
v -0.060834 0.815076 0.587432
v -0.032046 0.828572 0.613322
v -0.034490 0.830884 0.614255
v -0.006922 0.845055 0.641343
v -0.009341 0.847449 0.642414
v 0.008373 0.860780 0.664971
v 0.017315 0.862835 0.671631
v 0.017315 0.862835 0.671631
v 0.007704 0.858454 0.667540
v -0.024313 0.857768 0.663745
v -0.023207 0.854916 0.661909
v -0.062927 0.848979 0.652470
v -0.063863 0.851814 0.654277
v -0.101643 0.842217 0.641581
v -0.102782 0.844991 0.643290
v -0.127751 0.837376 0.633753
v -0.129317 0.840045 0.635287
v -0.154655 0.831956 0.624954
v -0.155724 0.834884 0.626912
v -0.180018 0.826494 0.616033
v -0.182022 0.829166 0.617571
v -0.212536 0.818643 0.603130
v -0.214000 0.821509 0.604989
v -0.245479 0.813329 0.591491
v -0.577730 0.700288 0.428677
v -0.578000 0.722735 0.415729
v -0.581756 0.698745 0.426088
v -0.582026 0.721192 0.413139
v -0.586008 0.697381 0.423818
v -0.586309 0.719817 0.410849
v -0.590800 0.696472 0.422345
v -0.591070 0.718919 0.409397
v -0.603701 0.694937 0.419963
v -0.603975 0.717387 0.407019
v -0.574253 0.701873 0.431347
v -0.574558 0.724310 0.418384
v -0.573049 0.724736 0.419089
v -0.572779 0.702290 0.432037
v -0.570856 0.724936 0.419390
v -0.570586 0.702490 0.432338
v -0.564331 0.724474 0.418449
v -0.564061 0.702028 0.431397
v -0.559390 0.721937 0.421806
v -0.559189 0.706297 0.430831
v -0.545870 0.718398 0.433447
v -0.618663 0.695604 0.421438
v -0.618933 0.718051 0.408489
v -0.633545 0.696153 0.422708
v -0.633815 0.718600 0.409760
v -0.634977 0.695967 0.422416
v -0.635247 0.718413 0.409468
v -0.636253 0.695581 0.421776
v -0.636523 0.718028 0.408827
v -0.637205 0.694980 0.420756
v -0.637475 0.717427 0.407808
v -0.641928 0.687107 0.407216
v -0.642198 0.709554 0.394267
v -0.646476 0.679247 0.393695
v -0.646746 0.701694 0.380746
v -0.651969 0.671527 0.380434
v -0.652238 0.693974 0.367485
v -0.657856 0.688243 0.357676
v -0.657587 0.665796 0.370625
v -0.664297 0.660334 0.361306
v -0.664567 0.682781 0.348357
v -0.672331 0.677595 0.339537
v -0.672061 0.655148 0.352486
v -0.686541 0.669359 0.325572
v -0.686272 0.646912 0.338521
v -0.701983 0.661709 0.312649
v -0.701713 0.639263 0.325597
v -0.746347 0.622894 0.298191
v -0.775310 0.614506 0.284282
v -0.775584 0.636956 0.271338
v -0.804715 0.606379 0.270830
v -0.804989 0.628829 0.257886
v -0.826899 0.601049 0.262070
v -0.827169 0.623496 0.249121
v -0.848693 0.595494 0.252911
v -0.848994 0.617928 0.239943
v -0.870546 0.589620 0.243205
v -0.870816 0.612067 0.230256
v -0.894104 0.582288 0.231005
v -0.894405 0.604723 0.218037
v -0.917055 0.574457 0.217928
v -0.917324 0.596904 0.204980
v -0.939266 0.565976 0.203710
v -0.939536 0.588423 0.190761
v -0.958884 0.580153 0.176847
v -0.958584 0.557718 0.189816
v -0.976984 0.548919 0.174964
v -0.977254 0.571366 0.162016
v -0.746652 0.645331 0.285228
v -0.718765 0.654622 0.300729
v -0.718464 0.632188 0.313697
v -0.701983 0.661709 0.312649
v -0.701713 0.639263 0.325597
v -0.898494 0.491558 0.073889
v -0.922297 0.486973 0.066456
v -0.898764 0.514005 0.060940
v -0.922602 0.509411 0.053493
v -0.945564 0.483781 0.061423
v -0.945865 0.506216 0.048455
v -0.969171 0.481426 0.057850
v -0.969471 0.503861 0.044882
v -0.993363 0.502503 0.043042
v -0.993093 0.480056 0.055991
v -1.003486 0.480195 0.056453
v -1.003756 0.502642 0.043505
v -1.013751 0.480895 0.057887
v -1.014025 0.503345 0.044944
v -1.023687 0.482381 0.060676
v -1.023961 0.504831 0.047732
v -1.027752 0.483481 0.062668
v -1.028022 0.505928 0.049720
v -1.031332 0.484940 0.065273
v -1.031602 0.507387 0.052325
v -1.034235 0.486760 0.068490
v -1.034505 0.509207 0.055541
v -1.036869 0.511221 0.059081
v -1.036595 0.488771 0.072024
v -1.038295 0.513424 0.062927
v -1.038025 0.490977 0.075876
v -1.038860 0.515737 0.066947
v -1.038590 0.493290 0.079896
v -1.038109 0.520930 0.075932
v -1.037808 0.498496 0.088900
v -1.035730 0.526020 0.084699
v -1.035461 0.503573 0.097648
v -1.032286 0.530955 0.093176
v -1.032016 0.508508 0.106125
v -1.021261 0.541715 0.111584
v -1.020961 0.519280 0.124553
v -1.008200 0.529540 0.142056
v -1.008470 0.551987 0.129108
v -0.994246 0.561798 0.145803
v -0.993976 0.539352 0.158751
v -0.976984 0.548919 0.174964
v -0.977254 0.571366 0.162016
v -0.467727 0.655184 0.294059
v -0.467908 0.655400 0.294438
v -0.470074 0.651690 0.288056
v -0.521627 0.654212 0.293532
v -0.471050 0.650880 0.286673
v -0.472105 0.650445 0.285942
v -0.476198 0.649397 0.284215
v -0.480590 0.648029 0.281940
v -0.484770 0.646458 0.279306
v -0.488264 0.644466 0.275929
v -0.495873 0.638821 0.266312
v -0.527806 0.648302 0.283425
v -0.500046 0.631458 0.253642
v -0.504232 0.624361 0.241436
v -0.504895 0.623893 0.240640
v -0.536157 0.643083 0.274561
v -0.505746 0.623550 0.240063
v -0.506810 0.623380 0.239791
v -0.522902 0.623952 0.241128
v -0.539101 0.624627 0.242645
v -0.546389 0.638751 0.267274
v -0.555500 0.624787 0.243275
v -0.558014 0.635501 0.261891
v -0.570685 0.633425 0.258567
v -0.568279 0.624174 0.242486
v -0.580882 0.622959 0.240651
v -0.583863 0.632623 0.257459
v -0.593360 0.621144 0.237775
v -0.597082 0.633108 0.258584
v -0.609764 0.634887 0.261938
v -0.613791 0.617372 0.231677
v -0.621482 0.637872 0.267364
v -0.633571 0.612814 0.224204
v -0.631769 0.641950 0.274649
v -0.652775 0.607423 0.215276
v -0.686121 0.631772 0.258180
v -0.640214 0.646978 0.283542
v -0.646540 0.652739 0.293661
v -0.718099 0.655153 0.299379
v -0.701260 0.662267 0.311344
v -0.650444 0.659035 0.304653
v -0.685734 0.669957 0.324336
v -0.651824 0.665604 0.316066
v -0.671470 0.678223 0.338352
v -0.650575 0.672216 0.327495
v -0.646784 0.678603 0.338482
v -0.663661 0.683444 0.347231
v -0.640610 0.684516 0.348594
v -0.656910 0.688943 0.356615
v -0.651233 0.694732 0.366524
v -0.632254 0.689732 0.357453
v -0.622058 0.694055 0.364725
v -0.645678 0.702509 0.379879
v -0.610397 0.697315 0.370122
v -0.641143 0.710377 0.393415
v -0.636506 0.718146 0.406776
v -0.635800 0.718585 0.407522
v -0.634855 0.718866 0.407989
v -0.597726 0.699390 0.373447
v -0.633753 0.719011 0.408217
v -0.619063 0.718460 0.406946
v -0.603917 0.717801 0.405481
v -0.584548 0.700193 0.374554
v -0.590761 0.719362 0.407903
v -0.585811 0.720296 0.409415
v -0.581423 0.721698 0.411750
v -0.577308 0.723281 0.414404
v -0.573893 0.724841 0.417034
v -0.572697 0.725182 0.417600
v -0.570881 0.725341 0.417836
v -0.563223 0.725037 0.417143
v -0.563589 0.725182 0.417402
v -0.551999 0.720857 0.409662
v -0.571364 0.699699 0.373415
v -0.558648 0.697929 0.370075
v -0.543513 0.719392 0.406940
v -0.534255 0.718289 0.404831
v -0.534371 0.718592 0.405359
v -0.525424 0.717986 0.404116
v -0.525342 0.717705 0.403628
v -0.515881 0.717924 0.403804
v -0.552489 0.721246 0.410344
v -0.543529 0.719694 0.407463
v -0.546933 0.694946 0.364655
v -0.536642 0.690866 0.357364
v -0.499483 0.702989 0.377573
v -0.499448 0.699701 0.371875
v -0.528197 0.685838 0.348472
v -0.496904 0.696695 0.366612
v -0.492240 0.694424 0.362577
v -0.521871 0.680076 0.338353
v -0.517967 0.673781 0.327360
v -0.486141 0.693240 0.360397
v -0.468015 0.675839 0.329855
v -0.470143 0.671425 0.322253
v -0.516618 0.667199 0.315928
v -0.471382 0.666682 0.314062
v -0.517836 0.660599 0.304519
v -0.471687 0.662163 0.306238
v -0.471166 0.661787 0.305574
v -0.470822 0.666571 0.313857
v -0.469611 0.671268 0.321968
v -0.467552 0.675695 0.329596
v -0.464284 0.680196 0.337326
v -0.464599 0.680308 0.337526
v -0.458455 0.685174 0.345825
v -0.458774 0.685320 0.346084
v -0.479589 0.693311 0.360377
v -0.473524 0.694640 0.362551
v -0.468902 0.697019 0.366573
v -0.466403 0.700089 0.371840
v -0.446158 0.692928 0.358996
v -0.443990 0.709375 0.387447
v -0.466433 0.703375 0.377532
v -0.448821 0.710302 0.389157
v -0.452481 0.712105 0.392360
v -0.468981 0.706383 0.382800
v -0.473645 0.708655 0.386836
v -0.454505 0.714475 0.396512
v -0.454523 0.717074 0.401014
v -0.479740 0.709834 0.389011
v -0.485797 0.721917 0.410078
v -0.460065 0.728493 0.420919
v -0.452561 0.719497 0.405170
v -0.448931 0.721367 0.408333
v -0.436203 0.735594 0.432710
v -0.444121 0.722426 0.410064
v -0.438925 0.722486 0.410057
v -0.412177 0.730913 0.424085
v -0.434125 0.721547 0.408327
v -0.412163 0.728706 0.420260
v -0.410438 0.726693 0.416736
v -0.407298 0.725169 0.414027
v -0.403205 0.724375 0.412562
v -0.430433 0.719756 0.405144
v -0.428441 0.717373 0.400973
v -0.428392 0.714786 0.396490
v -0.403093 0.711400 0.390080
v -0.424778 0.702701 0.375472
v -0.430353 0.712364 0.392334
v -0.434014 0.710482 0.389152
v -0.438793 0.709434 0.387440
v -0.424392 0.702479 0.375078
v -0.445780 0.692743 0.358667
v -0.402777 0.711191 0.389711
v -0.369798 0.724200 0.411545
v -0.370079 0.724418 0.411929
v -0.398814 0.724416 0.412541
v -0.394740 0.725314 0.414010
v -0.391626 0.726911 0.416710
v -0.367336 0.737543 0.434611
v -0.389952 0.728974 0.420249
v -0.370806 0.738219 0.435856
v -0.389996 0.731170 0.424054
v -0.373492 0.739507 0.438146
v -0.391691 0.733194 0.427598
v -0.394831 0.734718 0.430307
v -0.374929 0.741233 0.441166
v -0.398924 0.735513 0.431772
v -0.374967 0.743100 0.444404
v -0.403341 0.735457 0.431767
v -0.400270 0.746490 0.450819
v -0.407389 0.734573 0.430324
v -0.410499 0.732974 0.427619
v -0.373549 0.744847 0.447400
v -0.370906 0.746206 0.449697
v -0.367453 0.746965 0.450938
v -0.362303 0.757918 0.469807
v -0.363700 0.747008 0.450932
v -0.360225 0.746329 0.449683
v -0.357540 0.745041 0.447393
v -0.356107 0.743319 0.444377
v -0.335352 0.738213 0.435085
v -0.356068 0.741451 0.441140
v -0.357487 0.739704 0.438144
v -0.360129 0.738346 0.435846
v -0.363583 0.737587 0.434606
v -0.334975 0.737964 0.434646
v -0.297770 0.753161 0.460179
v -0.298240 0.753472 0.460728
v -0.257090 0.770137 0.488721
v -0.257546 0.770472 0.489309
v -0.219413 0.786736 0.516675
v -0.219840 0.787051 0.517228
v -0.182173 0.803334 0.544633
v -0.182626 0.803665 0.545217
v -0.165445 0.811685 0.558745
v -0.163831 0.811977 0.559216
v -0.164299 0.812351 0.559874
v -0.186911 0.806785 0.550717
v -0.186459 0.806454 0.550133
v -0.230544 0.794863 0.530994
v -0.274719 0.783040 0.511457
v -0.230970 0.795177 0.531548
v -0.275172 0.783372 0.512040
v -0.320779 0.769940 0.489746
v -0.321183 0.770272 0.490329
v -0.362648 0.758178 0.470266
v -0.400586 0.746699 0.451188
v -0.436458 0.735826 0.433119
v -0.460349 0.728745 0.421363
v -0.486017 0.722159 0.410501
v -0.504413 0.718692 0.404889
v -0.504604 0.718883 0.405223
v -0.515823 0.717724 0.403455
v -0.497015 0.706047 0.382819
v -0.492388 0.708423 0.386837
v -0.486327 0.709755 0.389015
v -0.460027 0.704356 0.435456
v -0.436163 0.711423 0.447187
v -0.477918 0.737971 0.469409
v -0.437798 0.751409 0.491823
v -0.400264 0.722310 0.465281
v -0.397560 0.764472 0.513598
v -0.362357 0.733779 0.484338
v -0.356814 0.777138 0.534668
v -0.320892 0.745871 0.504402
v -0.316133 0.789590 0.555364
v -0.485726 0.697759 0.424574
v -0.518305 0.723587 0.447670
v -0.504282 0.694494 0.419315
v -0.531350 0.718440 0.440810
v -0.515590 0.693524 0.417877
v -0.525102 0.693597 0.418209
v -0.544251 0.712837 0.433768
v -0.534049 0.694204 0.419451
v -0.543238 0.695293 0.421536
v -0.557745 0.705194 0.429085
v -0.552198 0.696845 0.424417
v -0.274881 0.758971 0.526113
v -0.275197 0.801551 0.575202
v -0.230679 0.770776 0.545621
v -0.243907 0.809950 0.589091
v -0.186589 0.782397 0.564809
v -0.212284 0.818260 0.602814
v -0.164008 0.787950 0.573947
v -0.179806 0.826104 0.615709
v -0.154610 0.831554 0.624595
v -0.127744 0.837002 0.633437
v -0.101728 0.841846 0.641257
v -0.063042 0.848636 0.652176
v -0.023340 0.854590 0.661631
v 0.007214 0.858243 0.667300
v 0.007962 0.857717 0.666373
v -0.163509 0.787588 0.573309
v -0.009725 0.844630 0.644080
v -0.034922 0.828062 0.615923
v -0.061265 0.812279 0.589158
v -0.079508 0.801754 0.571327
v -0.099148 0.791048 0.553221
v -0.118246 0.781118 0.536442
v -0.144374 0.768629 0.515360
v -0.181882 0.778933 0.558706
v -0.171041 0.756723 0.495300
v -0.219122 0.762336 0.530747
v -0.197813 0.744983 0.475528
v -0.256799 0.745737 0.502794
v -0.234583 0.729981 0.450329
v -0.297479 0.728760 0.474252
v -0.272153 0.715281 0.425670
v -0.334684 0.713564 0.448719
v -0.310202 0.700608 0.401064
v -0.369476 0.699812 0.425637
v -0.348763 0.686339 0.377166
v -0.402455 0.686802 0.403804
v -0.387986 0.672245 0.353595
v -0.424101 0.678078 0.389151
v -0.445489 0.668342 0.372740
v -0.427173 0.657005 0.330345
v -0.458164 0.660773 0.359897
v -0.439950 0.651647 0.323116
v -0.463962 0.655808 0.351418
v -0.467230 0.651307 0.343688
v -0.453026 0.646161 0.316279
v -0.469289 0.646879 0.336061
v -0.470531 0.642170 0.327929
v -0.465359 0.637655 0.310074
v -0.470844 0.637398 0.319667
v -0.467586 0.631011 0.308531
v -0.397899 0.767532 0.512313
v -0.357153 0.780207 0.533379
v -0.399263 0.767328 0.515083
v -0.358639 0.780138 0.536409
v -0.316472 0.792659 0.554074
v -0.318026 0.792633 0.557186
v -0.275461 0.804634 0.573938
v -0.276828 0.804708 0.577225
v -0.244078 0.813080 0.587880
v -0.438058 0.754481 0.490558
v -0.439731 0.754189 0.493185
v -0.478249 0.741034 0.468109
v -0.479830 0.740870 0.470968
v -0.519839 0.727460 0.448591
v -0.518600 0.728594 0.445239
v -0.532923 0.722974 0.441099
v -0.531574 0.724959 0.437522
v -0.545870 0.718398 0.433447
v -0.544497 0.721355 0.429258
v -0.559390 0.721937 0.421806
v -0.558262 0.721128 0.420380
v -0.563589 0.725182 0.417402
v -0.564331 0.724474 0.418449
v -0.632783 0.588894 0.236842
v -0.633083 0.611329 0.223873
v -0.651885 0.583532 0.227963
v -0.652186 0.605968 0.214995
v -0.679078 0.573718 0.211540
v -0.679347 0.596164 0.198592
v -0.704933 0.563085 0.193671
v -0.705203 0.585532 0.180723
v -0.730475 0.552148 0.175268
v -0.730780 0.574585 0.162305
v -0.748679 0.543866 0.161309
v -0.748948 0.566312 0.148360
v -0.766393 0.535324 0.146890
v -0.766662 0.557771 0.133941
v -0.785043 0.527143 0.133114
v -0.785313 0.549590 0.120166
v -0.807062 0.518664 0.118896
v -0.807332 0.541111 0.105947
v -0.829751 0.510661 0.105514
v -0.830021 0.533108 0.092566
v -0.853405 0.503230 0.093146
v -0.853675 0.525677 0.080197
v -0.875891 0.519526 0.070018
v -0.875621 0.497080 0.082967
v -0.898494 0.491558 0.073889
v -0.898764 0.514005 0.060940
v -0.360948 0.743293 0.450126
v -0.358637 0.742187 0.448160
v -0.357540 0.745041 0.447393
v -0.357387 0.740715 0.445583
v -0.356107 0.743319 0.444377
v -0.356068 0.741451 0.441140
v -0.357389 0.739100 0.442784
v -0.358594 0.737600 0.440211
v -0.357487 0.739704 0.438144
v -0.360849 0.736438 0.438247
v -0.360129 0.738346 0.435846
v -0.363827 0.735786 0.437180
v -0.363583 0.737587 0.434606
v -0.367336 0.737543 0.434611
v -0.367050 0.735749 0.437185
v -0.370035 0.736328 0.438255
v -0.370806 0.738219 0.435856
v -0.373492 0.739507 0.438146
v -0.372341 0.737431 0.440215
v -0.373595 0.738906 0.442797
v -0.374929 0.741233 0.441166
v -0.374967 0.743100 0.444404
v -0.373593 0.740521 0.445596
v -0.372385 0.742019 0.448164
v -0.373549 0.744847 0.447400
v -0.370906 0.746206 0.449697
v -0.370098 0.743192 0.450149
v -0.367453 0.746965 0.450938
v -0.367156 0.743835 0.451200
v -0.363700 0.747008 0.450932
v -0.363932 0.743873 0.451196
v -0.360225 0.746329 0.449683
v -0.981344 0.533298 0.093888
v -0.976562 0.528311 0.089697
v -0.975751 0.530575 0.089049
v -0.972689 0.526968 0.082734
v -0.973633 0.524890 0.083706
v -0.973623 0.521133 0.077196
v -0.972646 0.523028 0.075906
v -0.975638 0.519346 0.069590
v -0.976456 0.517637 0.071199
v -0.981199 0.516487 0.064756
v -0.981710 0.514932 0.066624
v -0.988475 0.514891 0.062147
v -0.988652 0.513406 0.064128
v -0.996362 0.514797 0.062153
v -0.996122 0.513327 0.064154
v -1.003659 0.516222 0.064777
v -1.003068 0.514681 0.066649
v -1.008403 0.517267 0.071243
v -1.009256 0.518947 0.069622
v -1.012319 0.522555 0.075936
v -1.011332 0.520688 0.077234
v -1.011342 0.524445 0.083743
v -1.012362 0.526494 0.082765
v -1.008509 0.527942 0.089741
v -1.009370 0.530177 0.089081
v -1.003224 0.530659 0.094336
v -1.003809 0.533035 0.093914
v -0.996313 0.532173 0.096812
v -0.996563 0.534620 0.096504
v -0.988812 0.532263 0.096806
v -0.988677 0.534714 0.096498
v -0.981866 0.530909 0.094311
v 0.017315 0.862835 0.671631
v 0.007673 0.861308 0.665898
v -0.024313 0.857768 0.663745
v -0.023237 0.857628 0.660349
v -0.062957 0.851687 0.650912
v -0.063863 0.851814 0.654277
v -0.101704 0.844910 0.640004
v -0.102782 0.844991 0.643290
v -0.127780 0.840081 0.632196
v -0.129317 0.840045 0.635287
v -0.154685 0.834674 0.623389
v -0.155724 0.834884 0.626912
v -0.180048 0.829212 0.614470
v -0.182022 0.829166 0.617571
v -0.212565 0.821363 0.601565
v -0.214000 0.821509 0.604989
v -0.245479 0.813329 0.591491
v -0.453184 0.714486 0.402191
v -0.451159 0.697198 0.417171
v -0.451397 0.716668 0.405935
v -0.447885 0.698883 0.420020
v -0.452947 0.695016 0.413427
v -0.453140 0.712161 0.398162
v -0.452902 0.692691 0.409398
v -0.451335 0.710032 0.394434
v -0.451093 0.690559 0.405665
v -0.448018 0.708423 0.391576
v -0.447776 0.688950 0.402807
v -0.443705 0.707579 0.390021
v -0.443467 0.688109 0.401257
v -0.439042 0.707636 0.390019
v -0.438800 0.688163 0.401250
v -0.434739 0.708577 0.391557
v -0.434501 0.689107 0.402793
v -0.448123 0.718353 0.408784
v -0.443586 0.699827 0.421563
v -0.443824 0.719297 0.410327
v -0.438919 0.699881 0.421556
v -0.439157 0.719351 0.410320
v -0.434606 0.699037 0.420001
v -0.434847 0.718510 0.408770
v -0.431293 0.697431 0.417148
v -0.431530 0.716901 0.405912
v -0.429484 0.695299 0.413415
v -0.429722 0.714769 0.402179
v -0.429470 0.692962 0.409366
v -0.429708 0.712433 0.398129
v -0.431226 0.690792 0.405643
v -0.431464 0.710262 0.394407
v -0.434501 0.689107 0.402793
v -0.434739 0.708577 0.391557
v -0.410807 0.728337 0.425282
v -0.409339 0.730148 0.428388
v -0.409101 0.710678 0.439624
v -0.406374 0.712078 0.441991
v -0.410570 0.708867 0.436518
v -0.410798 0.726391 0.421910
v -0.410561 0.706921 0.433146
v -0.409288 0.724617 0.418806
v -0.409046 0.705144 0.430037
v -0.406526 0.723279 0.416426
v -0.406284 0.703805 0.427657
v -0.402920 0.722579 0.415136
v -0.402683 0.703108 0.426372
v -0.399063 0.722618 0.415121
v -0.398821 0.703145 0.426352
v -0.395460 0.723407 0.416410
v -0.395222 0.703936 0.427647
v -0.406616 0.731551 0.430760
v -0.402775 0.712869 0.443286
v -0.403017 0.732342 0.432055
v -0.398918 0.712908 0.443271
v -0.399155 0.732378 0.432035
v -0.395312 0.712208 0.441981
v -0.395554 0.731682 0.430750
v -0.392550 0.710869 0.439601
v -0.392788 0.730340 0.428365
v -0.391040 0.709096 0.436496
v -0.391277 0.728566 0.425260
v -0.391031 0.707150 0.433124
v -0.391268 0.726621 0.421888
v -0.392499 0.705339 0.430018
v -0.392737 0.724809 0.418783
v -0.395222 0.703936 0.427647
v -0.395460 0.723407 0.416410
v -0.373356 0.721051 0.456832
v -0.373593 0.740521 0.445596
v -0.372147 0.722548 0.459401
v -0.372385 0.742019 0.448164
v -0.369860 0.723722 0.461385
v -0.373326 0.719447 0.454053
v -0.373595 0.738906 0.442797
v -0.372341 0.737431 0.440215
v -0.372104 0.717961 0.451451
v -0.370035 0.736328 0.438255
v -0.369797 0.716858 0.449491
v -0.367050 0.735749 0.437185
v -0.366813 0.716277 0.448421
v -0.363827 0.735786 0.437180
v -0.363589 0.716316 0.448416
v -0.360849 0.736438 0.438247
v -0.360612 0.716968 0.449483
v -0.370098 0.743192 0.450149
v -0.366887 0.724377 0.462456
v -0.367156 0.743835 0.451200
v -0.363663 0.724414 0.462452
v -0.363932 0.743873 0.451196
v -0.360679 0.723834 0.461381
v -0.360948 0.743293 0.450126
v -0.358399 0.722717 0.459396
v -0.358637 0.742187 0.448160
v -0.357150 0.721245 0.456819
v -0.357387 0.740715 0.445583
v -0.357151 0.719630 0.454020
v -0.357389 0.739100 0.442784
v -0.358356 0.718129 0.451447
v -0.358594 0.737600 0.440211
v -0.360612 0.716968 0.449483
v -0.360849 0.736438 0.438247
v -0.498109 0.700410 0.378766
v -0.495850 0.703219 0.383584
v -0.495582 0.683760 0.394839
v -0.491342 0.685939 0.398524
v -0.497871 0.680940 0.390002
v -0.498083 0.697387 0.373526
v -0.497846 0.677915 0.384762
v -0.495754 0.694620 0.368682
v -0.495516 0.675149 0.379918
v -0.491464 0.692530 0.364970
v -0.491227 0.673060 0.376206
v -0.485856 0.691445 0.362970
v -0.485618 0.671975 0.374206
v -0.479802 0.691522 0.362972
v -0.479565 0.672051 0.374207
v -0.474248 0.692736 0.364956
v -0.474010 0.673265 0.376192
v -0.491584 0.705412 0.387294
v -0.485757 0.687165 0.400529
v -0.485999 0.706638 0.389298
v -0.479734 0.687229 0.400510
v -0.479976 0.706702 0.389279
v -0.474126 0.686144 0.398510
v -0.474363 0.705615 0.387274
v -0.469837 0.684055 0.394799
v -0.470078 0.703528 0.383568
v -0.467507 0.681288 0.389955
v -0.467749 0.700761 0.378724
v -0.467455 0.678280 0.384740
v -0.467723 0.697738 0.373484
v -0.469744 0.675459 0.379902
v -0.469982 0.694929 0.368666
v -0.474010 0.673265 0.376192
v -0.474248 0.692736 0.364956
v -0.649245 0.669634 0.328682
v -0.645515 0.675900 0.339460
v -0.645278 0.656430 0.350696
v -0.639216 0.662222 0.360604
v -0.648976 0.650175 0.339938
v -0.650454 0.663158 0.317487
v -0.650186 0.643699 0.328744
v -0.649114 0.656711 0.306290
v -0.648876 0.637241 0.317526
v -0.645267 0.650550 0.295531
v -0.645025 0.631077 0.306762
v -0.639095 0.644890 0.285591
v -0.638857 0.625420 0.296827
v -0.639454 0.681693 0.349368
v -0.631013 0.667345 0.369304
v -0.631250 0.686815 0.358068
v -0.621024 0.671580 0.376427
v -0.621262 0.691050 0.365191
v -0.609602 0.674771 0.381710
v -0.609844 0.694244 0.370479
v -0.597204 0.676800 0.384960
v -0.597442 0.696270 0.373724
v -0.584262 0.677597 0.386063
v -0.584499 0.697067 0.374827
v -0.571336 0.677111 0.384944
v -0.571574 0.696581 0.373708
v -0.559140 0.694836 0.370419
v -0.558903 0.675366 0.381655
v -0.547388 0.672450 0.376354
v -0.547656 0.691908 0.365098
v -0.537312 0.668448 0.369203
v -0.537550 0.687918 0.357967
v -0.529025 0.663525 0.360495
v -0.529263 0.682995 0.349259
v -0.522853 0.657865 0.350555
v -0.523095 0.677338 0.339324
v -0.519006 0.651703 0.339797
v -0.519244 0.671173 0.328561
v -0.517666 0.645257 0.328599
v -0.517908 0.664730 0.317368
v -0.518875 0.638781 0.317404
v -0.519113 0.658252 0.306168
v -0.522605 0.632515 0.306626
v -0.522847 0.651988 0.295395
v -0.528666 0.626722 0.296719
v -0.528904 0.646192 0.285483
v -0.536839 0.621612 0.288038
v -0.537076 0.641082 0.276803
v -0.546858 0.617365 0.280895
v -0.547100 0.636838 0.269665
v -0.558280 0.614174 0.275612
v -0.558518 0.633644 0.264376
v -0.570678 0.612145 0.272362
v -0.570920 0.631618 0.261131
v -0.583621 0.611348 0.271259
v -0.583858 0.630818 0.260024
v -0.596547 0.611833 0.272378
v -0.596788 0.631306 0.261147
v -0.608980 0.613578 0.275668
v -0.609222 0.633051 0.264437
v -0.620464 0.616506 0.280988
v -0.620702 0.635976 0.269752
v -0.630570 0.620497 0.288119
v -0.630808 0.639967 0.276883
v -0.638857 0.625420 0.296827
v -0.639095 0.644890 0.285591
v -0.995874 0.492871 0.075957
v -0.988373 0.492961 0.075951
v -0.988652 0.513406 0.064128
v -0.981710 0.514932 0.066624
v -0.996122 0.513327 0.064154
v -1.002816 0.494222 0.078447
v -1.003068 0.514681 0.066649
v -1.008155 0.496811 0.083046
v -1.008403 0.517267 0.071243
v -1.011053 0.500244 0.089057
v -1.011332 0.520688 0.077234
v -1.011093 0.503989 0.095547
v -1.011342 0.524445 0.083743
v -1.008261 0.507485 0.101545
v -1.008509 0.527942 0.089741
v -1.002976 0.510202 0.106139
v -1.003224 0.530659 0.094336
v -0.981462 0.494475 0.078427
v -0.976456 0.517637 0.071199
v -0.976207 0.497180 0.083002
v -0.973623 0.521133 0.077196
v -0.973340 0.500686 0.089015
v -0.973633 0.524890 0.083706
v -0.973385 0.504433 0.095510
v -0.976562 0.528311 0.089697
v -0.976282 0.507867 0.101520
v -0.981866 0.530909 0.094311
v -0.981617 0.510452 0.106114
v -0.988812 0.532263 0.096806
v -0.988563 0.511806 0.108609
v -0.996313 0.532173 0.096812
v -0.996065 0.511716 0.108615
v -1.002976 0.510202 0.106139
v -1.003224 0.530659 0.094336
v -0.494564 0.615171 0.279408
v -0.494834 0.637618 0.266459
v -0.498669 0.607891 0.266883
v -0.498939 0.630338 0.253934
v -0.502919 0.600708 0.254527
v -0.503219 0.623143 0.241558
v -0.503792 0.600089 0.253472
v -0.504062 0.622535 0.240524
v -0.504957 0.599629 0.252702
v -0.505227 0.622076 0.239753
v -0.487086 0.620708 0.288841
v -0.487387 0.643143 0.275872
v -0.484026 0.645061 0.279125
v -0.483725 0.622627 0.292093
v -0.479965 0.646583 0.281674
v -0.479695 0.624136 0.294623
v -0.475374 0.625486 0.296868
v -0.475644 0.647932 0.283919
v -0.471481 0.648997 0.285677
v -0.471211 0.626552 0.298625
v -0.469894 0.627104 0.299555
v -0.470164 0.649550 0.286607
v -0.469021 0.650509 0.288243
v -0.468751 0.628063 0.301192
v -0.466996 0.631317 0.307131
v -0.467300 0.654044 0.293994
v -0.464174 0.652333 0.299162
v -0.463978 0.636699 0.308190
v -0.451341 0.649312 0.311715
v -0.633083 0.611329 0.223873
v -0.613378 0.615871 0.231322
v -0.632783 0.588894 0.236842
v -0.613077 0.593436 0.244291
v -0.593026 0.619631 0.237400
v -0.592752 0.597181 0.250344
v -0.580627 0.621433 0.240256
v -0.580357 0.598986 0.253205
v -0.568117 0.622644 0.242087
v -0.567847 0.600197 0.255035
v -0.555469 0.623248 0.242861
v -0.555200 0.600801 0.255810
v -0.539170 0.623089 0.242236
v -0.538901 0.600642 0.255184
v -0.522980 0.622419 0.240729
v -0.522710 0.599973 0.253678
v -0.506412 0.599394 0.252325
v -0.506682 0.621841 0.239376
v -0.424392 0.702479 0.375078
v -0.388019 0.675282 0.351847
v -0.402777 0.711191 0.389711
v -0.348791 0.689365 0.375418
v -0.369798 0.724200 0.411545
v -0.310235 0.703640 0.399320
v -0.334975 0.737964 0.434646
v -0.272216 0.718299 0.423906
v -0.297770 0.753161 0.460179
v -0.445780 0.692743 0.358667
v -0.427228 0.662049 0.327442
v -0.458455 0.685174 0.345825
v -0.440021 0.658233 0.319327
v -0.464284 0.680196 0.337326
v -0.467552 0.675695 0.329596
v -0.453115 0.654813 0.311294
v -0.469611 0.671268 0.321968
v -0.470822 0.666571 0.313857
v -0.465526 0.653472 0.300967
v -0.471166 0.661787 0.305574
v -0.467908 0.655400 0.294438
v -0.234616 0.733007 0.448589
v -0.257090 0.770137 0.488721
v -0.197845 0.748002 0.473791
v -0.219413 0.786736 0.516675
v -0.171074 0.759747 0.493560
v -0.182173 0.803334 0.544633
v -0.144407 0.771655 0.513619
v -0.163831 0.811977 0.559216
v -0.118279 0.784145 0.534701
v -0.099212 0.794049 0.551467
v -0.079541 0.804747 0.569605
v -0.061297 0.815259 0.587443
v -0.034954 0.831028 0.614216
v -0.009757 0.847587 0.642379
v 0.007930 0.860670 0.664673
v -0.164299 0.812351 0.559874
v 0.007182 0.861196 0.665601
v -0.023371 0.857548 0.659930
v -0.063106 0.851590 0.650450
v -0.101761 0.844826 0.639542
v -0.127776 0.839995 0.631715
v -0.154642 0.834566 0.622862
v -0.179839 0.829130 0.613967
v -0.212317 0.821286 0.601073
v -0.186911 0.806785 0.550717
v -0.243936 0.812971 0.587346
v -0.230970 0.795177 0.531548
v -0.275261 0.804557 0.573446
v -0.275172 0.783372 0.512040
v -0.316166 0.792615 0.553623
v -0.321183 0.770272 0.490329
v -0.356847 0.780168 0.532925
v -0.362648 0.758178 0.470266
v -0.397593 0.767504 0.511853
v -0.400586 0.746699 0.451188
v -0.437831 0.754438 0.490080
v -0.436458 0.735826 0.433119
v -0.477947 0.741005 0.467656
v -0.460349 0.728745 0.421363
v -0.486017 0.722159 0.410501
v -0.518355 0.728629 0.444762
v -0.504604 0.718883 0.405223
v -0.531417 0.725024 0.437015
v -0.515881 0.717924 0.403804
v -0.525424 0.717986 0.404116
v -0.544344 0.721493 0.428788
v -0.534371 0.718592 0.405359
v -0.543529 0.719694 0.407463
v -0.557942 0.721002 0.419957
v -0.552489 0.721246 0.410344
v -0.630808 0.639967 0.276883
v -0.631769 0.641950 0.274649
v -0.620702 0.635976 0.269752
v -0.621482 0.637872 0.267364
v -0.609222 0.633051 0.264437
v -0.609764 0.634887 0.261938
v -0.596788 0.631306 0.261147
v -0.639095 0.644890 0.285591
v -0.640214 0.646978 0.283542
v -0.646540 0.652739 0.293661
v -0.645267 0.650550 0.295531
v -0.650444 0.659035 0.304653
v -0.649114 0.656711 0.306290
v -0.650454 0.663158 0.317487
v -0.651824 0.665604 0.316066
v -0.649245 0.669634 0.328682
v -0.650575 0.672216 0.327495
v -0.645515 0.675900 0.339460
v -0.646784 0.678603 0.338482
v -0.640610 0.684516 0.348594
v -0.639454 0.681693 0.349368
v -0.632254 0.689732 0.357453
v -0.631250 0.686815 0.358068
v -0.622058 0.694055 0.364725
v -0.621262 0.691050 0.365191
v -0.610397 0.697315 0.370122
v -0.609844 0.694244 0.370479
v -0.597442 0.696270 0.373724
v -0.597726 0.699390 0.373447
v -0.584548 0.700193 0.374554
v -0.584499 0.697067 0.374827
v -0.571364 0.699699 0.373415
v -0.571574 0.696581 0.373708
v -0.558648 0.697929 0.370075
v -0.559140 0.694836 0.370419
v -0.547656 0.691908 0.365098
v -0.546933 0.694946 0.364655
v -0.536642 0.690866 0.357364
v -0.537550 0.687918 0.357967
v -0.528197 0.685838 0.348472
v -0.529263 0.682995 0.349259
v -0.523095 0.677338 0.339324
v -0.521871 0.680076 0.338353
v -0.519244 0.671173 0.328561
v -0.517967 0.673781 0.327360
v -0.516618 0.667199 0.315928
v -0.517908 0.664730 0.317368
v -0.519113 0.658252 0.306168
v -0.517836 0.660599 0.304519
v -0.522847 0.651988 0.295395
v -0.521627 0.654212 0.293532
v -0.528904 0.646192 0.285483
v -0.527806 0.648302 0.283425
v -0.536157 0.643083 0.274561
v -0.537076 0.641082 0.276803
v -0.547100 0.636838 0.269665
v -0.546389 0.638751 0.267274
v -0.558518 0.633644 0.264376
v -0.558014 0.635501 0.261891
v -0.570920 0.631618 0.261131
v -0.570685 0.633425 0.258567
v -0.583858 0.630818 0.260024
v -0.583863 0.632623 0.257459
v -0.597082 0.633108 0.258584
v -0.993976 0.539352 0.158751
v -0.993094 0.538026 0.158690
v -0.976984 0.548919 0.174964
v -0.976151 0.547561 0.174848
v -0.958584 0.557718 0.189816
v -0.957835 0.556319 0.189630
v -0.939266 0.565976 0.203710
v -0.938553 0.564568 0.203509
v -0.917055 0.574457 0.217928
v -1.008200 0.529540 0.142056
v -1.007242 0.528261 0.142075
v -1.019989 0.518025 0.124610
v -1.020961 0.519280 0.124553
v -1.030959 0.507325 0.106307
v -1.032016 0.508508 0.106125
v -1.035461 0.503573 0.097648
v -1.034353 0.502454 0.097939
v -1.036698 0.497440 0.089301
v -1.037808 0.498496 0.088900
v -1.037446 0.492340 0.080482
v -1.038590 0.493290 0.079896
v -1.038025 0.490977 0.075876
v -1.036903 0.490139 0.076656
v -1.035540 0.488042 0.072993
v -1.036595 0.488771 0.072024
v -1.034235 0.486760 0.068490
v -1.033296 0.486108 0.069593
v -1.030508 0.484363 0.066512
v -1.031332 0.484940 0.065273
v -1.027752 0.483481 0.062668
v -1.027091 0.482980 0.064041
v -1.023209 0.481936 0.062148
v -1.023687 0.482381 0.060676
v -1.013751 0.480895 0.057887
v -1.013494 0.480468 0.059395
v -1.003486 0.480195 0.056453
v -1.003356 0.479785 0.057997
v -0.993108 0.479646 0.057534
v -0.993093 0.480056 0.055991
v -0.969171 0.481426 0.057850
v -0.969316 0.481005 0.059379
v -0.945564 0.483781 0.061423
v -0.945793 0.483350 0.062937
v -0.922645 0.486524 0.067940
v -0.922297 0.486973 0.066456
v -0.898494 0.491558 0.073889
v -0.898890 0.491107 0.075373
v -0.875621 0.497080 0.082967
v -0.876119 0.496600 0.084401
v -0.853405 0.503230 0.093146
v -0.853938 0.502741 0.094565
v -0.829751 0.510661 0.105514
v -0.830350 0.510151 0.106899
v -0.807062 0.518664 0.118896
v -0.807696 0.518146 0.120265
v -0.785735 0.526599 0.134439
v -0.785043 0.527143 0.133114
v -0.766393 0.535324 0.146890
v -0.767116 0.534767 0.148195
v -0.748679 0.543866 0.161309
v -0.749433 0.543296 0.162594
v -0.730475 0.552148 0.175268
v -0.731202 0.551594 0.176579
v -0.705625 0.562539 0.194996
v -0.704933 0.563085 0.193671
v -0.679078 0.573718 0.211540
v -0.679739 0.573184 0.212885
v -0.651885 0.583532 0.227963
v -0.652484 0.583023 0.229348
v -0.717808 0.630752 0.313452
v -0.745762 0.621440 0.297916
v -0.718464 0.632188 0.313697
v -0.746347 0.622894 0.298191
v -0.774756 0.613042 0.283986
v -0.775310 0.614506 0.284282
v -0.804715 0.606379 0.270830
v -0.804165 0.604917 0.270540
v -0.826412 0.599563 0.261740
v -0.826899 0.601049 0.262070
v -0.848693 0.595494 0.252911
v -0.848206 0.594007 0.252581
v -0.869992 0.588156 0.242909
v -0.870546 0.589620 0.243205
v -0.894104 0.582288 0.231005
v -0.893511 0.580829 0.230720
v -0.916403 0.573025 0.217687
vn 0.1338 -0.8136 0.5659
vn 0.8279 0.2880 0.4813
vn 0.4982 -0.4643 -0.7323
vn 0.7699 -0.3425 -0.5385
vn 0.5536 -0.8320 -0.0355
vn 0.3531 -0.9178 -0.1815
vn 0.4832 -0.4719 -0.7374
vn 0.3472 -0.9192 -0.1858
vn 0.5550 -0.4497 -0.6998
vn 0.9478 -0.1832 -0.2608
vn 0.6850 -0.7149 0.1407
vn 0.9380 -0.1894 -0.2902
vn 0.8158 -0.5538 0.1668
vn 0.7334 -0.3773 0.5655
vn 0.8158 -0.5537 0.1668
vn 0.5021 -0.7004 0.5072
vn 0.4540 -0.7379 0.4994
vn 0.5168 -0.8559 -0.0211
vn 0.4909 -0.8701 -0.0446
vn 0.3827 -0.9238 0.0099
vn 0.3806 -0.9247 0.0136
vn 0.3186 -0.9434 0.0921
vn 0.2270 -0.9510 0.2098
vn 0.2258 -0.9537 0.1986
vn 0.2295 -0.9512 0.2061
vn 0.2294 -0.9512 0.2062
vn 0.2209 -0.9474 0.2317
vn 0.2209 -0.9473 0.2318
vn 0.2161 -0.9467 0.2390
vn 0.2196 -0.9439 0.2464
vn 0.2196 -0.9440 0.2464
vn 0.2134 -0.9394 0.2682
vn 0.2133 -0.9395 0.2682
vn 0.2219 -0.9374 0.2683
vn 0.2219 -0.9374 0.2684
vn 0.2390 -0.9332 0.2683
vn 0.2389 -0.9331 0.2686
vn 0.2449 -0.9305 0.2723
vn 0.2510 -0.9278 0.2760
vn 0.2717 -0.9272 0.2580
vn 0.2862 -0.9218 0.2615
vn 0.2946 -0.9192 0.2613
vn 0.2982 -0.9160 0.2685
vn 0.3042 -0.9130 0.2720
vn 0.3052 -0.9094 0.2827
vn 0.2437 -0.9056 0.3471
vn 0.2007 -0.8916 0.4060
vn -0.0457 -0.6955 0.7171
vn -0.0021 -0.7381 0.6747
vn -0.0779 -0.6305 0.7723
vn -0.0863 -0.6308 0.7712
vn -0.0948 -0.6310 0.7700
vn -0.1033 -0.6312 0.7687
vn -0.1068 -0.6373 0.7632
vn -0.1103 -0.6433 0.7577
vn -0.1103 -0.6432 0.7577
vn -0.1074 -0.6664 0.7378
vn -0.1134 -0.6693 0.7342
vn -0.1220 -0.6693 0.7329
vn -0.1291 -0.6805 0.7212
vn -0.1315 -0.6777 0.7235
vn -0.1326 -0.6861 0.7153
vn -0.1326 -0.6860 0.7154
vn -0.1475 -0.6690 0.7285
vn -0.1536 -0.6716 0.7248
vn -0.1621 -0.6713 0.7232
vn -0.1670 -0.6655 0.7275
vn -0.1793 -0.6507 0.7379
vn -0.1854 -0.6532 0.7341
vn -0.1903 -0.6472 0.7382
vn -0.1794 -0.6507 0.7378
vn -0.2396 -0.5375 0.8085
vn -0.2395 -0.5375 0.8085
vn -0.2726 -0.4485 0.8512
vn -0.2748 -0.4449 0.8524
vn -0.2528 -0.3301 0.9095
vn -0.2174 -0.3225 0.9213
vn 0.2776 -0.5337 0.7988
vn 0.2371 -0.5763 0.7821
vn 0.4927 -0.1732 0.8528
vn 0.1732 0.0273 0.9845
vn 0.0359 0.4772 0.8780
vn 0.0655 -0.2300 0.9710
vn 0.0790 0.4631 0.8828
vn -0.2086 -0.2791 0.9373
vn -0.3018 0.4365 0.8476
vn -0.6197 0.3520 0.7014
vn -0.4340 -0.3413 0.8338
vn -0.6301 0.3427 0.6968
vn -0.4401 -0.3433 0.8297
vn -0.5631 0.3682 0.7399
vn -0.3916 -0.3250 0.8608
vn -0.4332 0.4095 0.8029
vn -0.3001 -0.2979 0.9062
vn -0.1719 -0.2730 0.9465
vn -0.2469 0.4448 0.8610
vn -0.0436 0.4580 0.8879
vn -0.0260 -0.2589 0.9656
vn 0.0770 -0.2623 0.9619
vn 0.1008 0.4606 0.8819
vn 0.0553 -0.2544 0.9655
vn 0.0618 0.4685 0.8813
vn -0.3717 0.4285 0.8236
vn -0.2530 -0.2838 0.9249
vn -0.4461 -0.3453 0.8257
vn -0.6547 0.3379 0.6761
vn -0.6659 -0.5038 0.5502
vn -0.9458 0.1215 0.3010
vn -0.9574 0.0979 0.2715
vn -0.6716 -0.5193 0.5285
vn -0.9494 0.1073 0.2952
vn -0.6672 -0.5103 0.5426
vn -0.9223 0.1476 0.3572
vn -0.6431 -0.4837 0.5937
vn -0.6097 -0.4464 0.6550
vn -0.8727 0.1992 0.4458
vn -0.5718 -0.4193 0.7051
vn -0.8215 0.2389 0.5178
vn -0.5366 -0.3917 0.7474
vn -0.7684 0.2762 0.5773
vn -0.7232 0.2986 0.6228
vn -0.5067 -0.3742 0.7766
vn -0.6676 0.3284 0.6682
vn -0.4624 -0.3548 0.8126
vn -0.5796 0.3639 0.7291
vn -0.4037 -0.3299 0.8533
vn 0.3195 -0.9271 -0.1961
vn 0.3869 -0.9068 -0.1677
vn 0.5367 -0.4556 -0.7102
vn 0.4431 -0.4831 -0.7552
vn 0.2647 -0.9394 -0.2179
vn 0.3695 -0.4989 -0.7839
vn 0.2221 -0.9471 -0.2315
vn 0.3065 -0.5059 -0.8063
vn 0.2179 -0.5220 -0.8246
vn 0.1628 -0.9559 -0.2444
vn 0.1229 -0.5309 -0.8385
vn 0.0942 -0.9621 -0.2559
vn 0.0137 -0.5356 -0.8444
vn 0.0149 -0.9650 -0.2618
vn -0.0388 -0.9661 -0.2552
vn -0.0691 -0.5383 -0.8399
vn -0.0609 -0.9638 -0.2595
vn -0.0958 -0.5311 -0.8419
vn -0.0343 -0.9642 -0.2629
vn -0.0566 -0.5307 -0.8457
vn 0.4566 -0.4688 -0.7561
vn 0.3394 -0.9220 -0.1864
vn 0.7197 -0.3706 -0.5871
vn 0.5197 -0.8513 -0.0718
vn 0.6820 -0.7141 0.1580
vn 0.9493 -0.1795 -0.2581
vn 0.9594 -0.1678 -0.2265
vn 0.6895 -0.7020 0.1782
vn 0.9091 -0.2356 -0.3436
vn 0.6508 -0.7529 0.0981
vn 0.5789 -0.8153 -0.0141
vn 0.8048 -0.3231 -0.4979
vn 0.6716 -0.4013 -0.6229
vn 0.4816 -0.8704 -0.1026
vn 0.3989 -0.9030 -0.1594
vn -0.9464 0.1871 0.2634
vn -0.6567 0.4006 0.6389
vn -0.6844 0.7127 -0.1542
vn -0.9582 0.1700 0.2301
vn -0.6848 0.7069 -0.1770
vn -0.9506 0.1792 0.2535
vn -0.6805 0.7146 -0.1621
vn -0.9231 0.2196 0.3158
vn -0.6617 0.7408 -0.1155
vn -0.6258 0.7782 -0.0521
vn -0.8735 0.2711 0.4044
vn -0.5880 0.8089 -0.0040
vn -0.8226 0.3108 0.4761
vn -0.5499 0.8342 0.0420
vn -0.7692 0.3478 0.5361
vn -0.7240 0.3766 0.5779
vn -0.5200 0.8512 0.0716
vn -0.6671 0.4052 0.6251
vn -0.4787 0.8718 0.1043
vn -0.5804 0.4381 0.6865
vn -0.4200 0.8958 0.1455
vn -0.4624 0.8787 0.1188
vn -0.3728 0.4937 0.7856
vn -0.2721 0.9374 0.2173
vn 0.0370 0.9650 0.2595
vn 0.0650 0.5353 0.8421
vn 0.0999 0.5326 0.8404
vn 0.0637 0.9646 0.2560
vn -0.0445 0.5367 0.8426
vn -0.0370 0.9654 0.2580
vn -0.1851 0.9526 0.2414
vn -0.2476 0.5168 0.8195
vn -0.4355 0.4871 0.7570
vn -0.3163 0.9277 0.1985
vn -0.4079 0.9000 0.1534
vn -0.5639 0.4454 0.6954
vn -0.4563 0.8813 0.1225
vn -0.6310 0.4199 0.6523
vn -0.4503 0.8839 0.1262
vn -0.6204 0.4194 0.6627
vn -0.2190 0.9472 0.2342
vn -0.3025 0.5085 0.8062
vn 0.0785 0.5286 0.8453
vn 0.0477 0.9579 0.2832
vn 0.0093 0.5183 0.8552
vn 0.1688 0.8400 0.5157
vn 0.4787 0.8278 0.2924
vn 0.1689 0.8400 0.5157
vn 0.2560 0.9643 -0.0677
vn 0.2176 0.9698 -0.1099
vn -0.2294 0.9561 0.1824
vn -0.2666 0.9479 0.1741
vn -0.2879 0.9567 0.0427
vn -0.2879 0.9567 0.0426
vn -0.2588 0.9642 -0.0581
vn -0.1998 0.9608 -0.1920
vn -0.2137 0.9581 -0.1907
vn -0.1876 0.9595 -0.2101
vn -0.1877 0.9595 -0.2100
vn -0.1797 0.9599 -0.2153
vn -0.1797 0.9598 -0.2155
vn -0.1682 0.9625 -0.2128
vn -0.1743 0.9605 -0.2169
vn -0.1504 0.9609 -0.2323
vn -0.1499 0.9624 -0.2267
vn -0.1402 0.9665 -0.2148
vn -0.1402 0.9666 -0.2147
vn -0.1342 0.9683 -0.2106
vn -0.1281 0.9700 -0.2064
vn -0.1338 0.9748 -0.1785
vn -0.1338 0.9748 -0.1784
vn -0.1273 0.9775 -0.1685
vn -0.1207 0.9800 -0.1584
vn -0.1152 0.9804 -0.1598
vn -0.1038 0.9822 -0.1568
vn -0.0959 0.9821 -0.1619
vn -0.0672 0.9664 -0.2482
vn -0.0269 0.9507 -0.3089
vn 0.2197 0.7574 -0.6149
vn 0.1794 0.8013 -0.5707
vn 0.2818 0.7046 -0.6512
vn 0.2838 0.6980 -0.6575
vn 0.2777 0.6964 -0.6618
vn 0.2771 0.6926 -0.6660
vn 0.2656 0.6930 -0.6702
vn 0.2542 0.6932 -0.6744
vn 0.2542 0.6933 -0.6743
vn 0.2273 0.7070 -0.6697
vn 0.2272 0.7069 -0.6698
vn 0.2151 0.7030 -0.6779
vn 0.2151 0.7029 -0.6779
vn 0.2036 0.7027 -0.6818
vn 0.2036 0.7027 -0.6817
vn 0.1925 0.7062 -0.6813
vn 0.1989 0.6898 -0.6962
vn 0.1984 0.6858 -0.7003
vn 0.1984 0.6857 -0.7003
vn 0.1973 0.6776 -0.7084
vn 0.1972 0.6777 -0.7084
vn 0.2060 0.6576 -0.7247
vn 0.2060 0.6575 -0.7247
vn 0.2054 0.6534 -0.7286
vn 0.2078 0.6503 -0.7307
vn 0.2066 0.6617 -0.7207
vn 0.2065 0.6617 -0.7207
vn 0.3023 0.5588 -0.7722
vn 0.3624 0.4815 -0.7980
vn 0.3645 0.4779 -0.7992
vn 0.4762 0.4020 -0.7821
vn 0.5000 0.4196 -0.7576
vn 0.4859 0.7986 -0.3553
vn 0.4344 0.8101 -0.3937
vn 0.7199 0.6922 -0.0515
vn 0.8007 0.4387 -0.4079
vn 0.8008 0.4387 -0.4079
vn 0.9300 -0.1555 -0.3330
vn 0.6666 0.4932 -0.5589
vn 0.9471 -0.1180 -0.2983
vn 0.5394 0.3921 -0.7452
vn 0.7687 -0.2778 -0.5761
vn 0.4965 -0.3951 -0.7729
vn 0.3369 0.3084 -0.8896
vn 0.4815 -0.3959 -0.7819
vn 0.3309 0.3053 -0.8929
vn 0.5522 -0.3732 -0.7455
vn 0.3857 0.3223 -0.8645
vn 0.6708 -0.3259 -0.6662
vn 0.4683 0.3565 -0.8084
vn 0.5627 0.4067 -0.7197
vn 0.8036 -0.2519 -0.5392
vn 0.9077 -0.1576 -0.3889
vn 0.6368 0.4701 -0.6112
vn 0.6737 0.5187 -0.5264
vn 0.9587 -0.0959 -0.2679
vn 0.6662 0.5071 -0.5469
vn 0.9484 -0.1143 -0.2957
vn 0.7196 -0.3125 -0.6200
vn 0.5064 0.3742 -0.7769
vn 0.3249 0.3020 -0.8962
vn 0.4560 -0.4107 -0.7896
vn -0.0500 0.2539 -0.9659
vn -0.0573 -0.4654 -0.8833
vn -0.0963 -0.4592 -0.8831
vn -0.0766 0.2562 -0.9636
vn -0.0702 -0.4601 -0.8851
vn -0.0547 0.2615 -0.9637
vn 0.0127 -0.4639 -0.8858
vn -0.0009 0.2561 -0.9667
vn 0.0783 0.2612 -0.9621
vn 0.1218 -0.4594 -0.8798
vn 0.1467 0.2694 -0.9518
vn 0.2168 -0.4504 -0.8661
vn 0.2089 0.2793 -0.9372
vn 0.3061 -0.4345 -0.8471
vn 0.3686 -0.4210 -0.8288
vn 0.2535 0.2840 -0.9247
vn 0.4415 -0.4064 -0.8000
vn 0.3062 0.3015 -0.9030
vn 0.5359 -0.3763 -0.7558
vn 0.3736 0.3169 -0.8718
vn -0.4910 0.4687 0.7344
vn -0.4508 0.4800 0.7526
vn -0.3530 0.9178 0.1816
vn -0.5357 0.4542 0.7119
vn -0.3880 0.9073 0.1620
vn -0.4140 0.8979 0.1494
vn -0.5752 0.4366 0.6917
vn -0.4443 0.8864 0.1300
vn -0.6205 0.4194 0.6627
vn -0.6606 0.4064 0.6312
vn -0.5140 0.8545 0.0748
vn -0.7122 0.3795 0.5905
vn -0.5540 0.8317 0.0353
vn -0.7745 0.3461 0.5294
vn -0.8274 0.3088 0.4690
vn -0.5937 0.8046 -0.0065
vn -0.6220 0.7817 -0.0460
vn -0.8673 0.2735 0.4160
vn -0.6477 0.7563 -0.0924
vn -0.9054 0.2397 0.3504
vn -0.9597 0.1628 0.2291
vn -0.7075 0.6577 -0.2586
vn -0.9879 0.1021 0.1165
vn -0.7147 0.6096 -0.3428
vn -0.9995 0.0309 -0.0033
vn -0.9756 -0.0819 -0.2035
vn -0.6986 0.5289 -0.4818
vn -0.6513 0.4644 -0.6000
vn -0.9126 -0.1781 -0.3680
vn -0.8277 -0.2518 -0.5016
vn -0.5925 0.4100 -0.6934
vn -0.5169 0.3612 -0.7761
vn -0.7176 -0.3218 -0.6176
vn -0.5641 -0.3834 -0.7313
vn -0.4099 0.3150 -0.8560
vn -0.2619 0.2796 -0.9237
vn -0.3636 -0.4329 -0.8249
vn -0.2301 -0.4525 -0.8616
vn -0.1691 0.2646 -0.9494
vn -0.1009 -0.4640 -0.8801
vn -0.0790 0.2600 -0.9624
vn 0.0335 0.2603 -0.9649
vn 0.0520 -0.4646 -0.8840
vn 0.1351 -0.4551 -0.8801
vn 0.0859 0.2624 -0.9611
vn 0.2125 -0.4510 -0.8669
vn 0.1468 0.2694 -0.9518
vn 0.2032 0.2751 -0.9397
vn 0.2974 -0.4391 -0.8478
vn 0.3805 -0.4220 -0.8229
vn 0.2651 0.2917 -0.9190
vn 0.4455 -0.4052 -0.7983
vn 0.3082 0.2977 -0.9035
vn 0.3476 0.3091 -0.8852
vn 0.5434 -0.3758 -0.7506
vn 0.3796 0.3196 -0.8682
vn 0.5806 -0.3675 -0.7266
vn 0.4038 0.3300 -0.8533
vn 0.4340 0.3413 -0.8338
vn 0.6216 -0.3481 -0.7017
vn 0.6680 -0.3291 -0.6675
vn 0.4623 0.3547 -0.8127
vn 0.6743 -0.3243 -0.6634
vn 0.4683 0.3564 -0.8085
vn 0.6511 -0.3327 -0.6822
vn 0.4520 0.3472 -0.8217
vn 0.4400 0.3433 -0.8298
vn 0.6333 -0.3450 -0.6927
vn 0.6029 -0.3549 -0.7145
vn 0.4159 0.3347 -0.8456
vn 0.5358 -0.3763 -0.7558
vn -0.3271 0.9246 0.1955
vn -0.3104 0.9287 0.2030
vn -0.4300 0.4822 0.7633
vn -0.4508 0.4799 0.7526
vn -0.3470 0.9193 0.1859
vn -0.4794 0.4735 0.7389
vn -0.5173 0.4559 0.7243
vn -0.3698 0.9125 0.1746
vn 0.3492 -0.9202 0.1770
vn 0.0107 -0.8676 0.4972
vn 0.9335 0.1306 0.3340
vn -0.7841 -0.4732 -0.4016
vn 0.2028 -0.9542 0.2201
vn 0.0989 -0.9619 0.2547
vn 0.3950 -0.8820 0.2570
vn -0.0559 -0.8899 0.4527
vn -0.5494 -0.8033 0.2299
vn -0.5273 -0.2383 0.8156
vn -0.2239 -0.6835 0.6948
vn 0.0064 -0.8772 0.4801
vn -0.0663 -0.8829 0.4649
vn 0.0003 -0.8606 0.5093
vn -0.0638 -0.8664 0.4952
vn -0.3626 -0.8510 0.3799
vn -0.2273 -0.8546 0.4669
vn -0.5807 -0.7942 0.1792
vn 0.0133 -0.8693 0.4941
vn 0.0055 -0.8641 0.5032
vn -0.0359 -0.8914 0.4519
vn -0.7946 -0.0479 0.6052
vn -0.6865 -0.7255 0.0496
vn -0.5832 -0.8038 -0.1172
vn 0.1232 -0.9913 0.0459
vn 0.3228 -0.5000 -0.8036
vn -0.4770 -0.5925 -0.6491
vn -0.3481 -0.5356 -0.7694
vn 0.3091 -0.3923 -0.8664
vn -0.6378 0.3619 -0.6799
vn -0.0460 0.8388 -0.5425
vn -0.0858 0.8382 -0.5386
vn -0.6791 0.3204 -0.6605
vn -0.6839 0.2933 -0.6681
vn -0.0847 0.8236 -0.5608
vn -0.1642 0.7897 -0.5910
vn -0.7923 0.1003 -0.6018
vn -0.3073 0.9500 0.0551
vn -0.8473 0.5020 0.1737
vn -0.7028 0.2945 -0.6475
vn -0.0936 0.8432 -0.5294
vn -0.7163 0.2555 -0.6494
vn -0.1281 0.8378 -0.5308
vn -0.9927 -0.0982 0.0707
vn -0.8079 0.3680 0.4604
vn -0.9135 -0.3574 -0.1944
vn 0.0933 -0.9532 0.2875
vn 0.0817 -0.9325 0.3517
vn -0.0684 0.8816 -0.4670
vn -0.0341 0.8638 -0.5026
vn -0.2132 0.9473 0.2391
vn -0.0055 0.8641 -0.5033
vn -0.0045 0.8505 -0.5260
vn 0.0192 0.8364 -0.5478
vn 0.0024 0.8588 -0.5123
vn -0.0159 0.8710 -0.4911
vn -0.0228 0.8629 -0.5049
vn -0.0019 0.8486 -0.5290
vn -0.0167 0.8653 -0.5011
vn -0.0187 0.8779 -0.4784
vn 0.0163 0.8556 -0.5174
vn 0.0251 0.8357 -0.5486
vn 0.0618 0.8519 -0.5200
vn 0.0073 0.8921 -0.4517
vn 0.0196 0.8785 -0.4774
vn 0.0102 0.8533 -0.5213
vn 0.3552 -0.3875 -0.8507
vn 0.3720 -0.5108 -0.7751
vn 0.4026 -0.5098 -0.7603
vn 0.3738 -0.3936 -0.8399
vn 0.0634 0.8636 -0.5002
vn 0.5659 0.8177 -0.1059
vn 0.5168 0.8483 -0.1152
vn 0.5064 0.8553 -0.1094
vn 0.5302 0.8341 -0.1519
vn 0.5769 0.7863 -0.2212
vn 0.0827 0.8144 -0.5744
vn 0.5126 0.8476 -0.1371
vn 0.0309 0.8771 -0.4794
vn 0.4744 0.8694 -0.1385
vn -0.0672 0.8897 -0.4517
vn 0.3435 0.6459 0.6818
vn -0.6747 0.4216 0.6059
vn 0.2653 0.5775 0.7721
vn -0.6626 0.2378 0.7103
vn -0.0025 -0.8387 0.5446
vn 0.5430 -0.3762 0.7507
vn 0.4671 -0.5517 0.6910
vn 0.1218 -0.8200 0.5593
vn 0.7800 -0.5750 0.2470
vn 0.5707 -0.7545 0.3241
vn -0.0527 -0.8488 0.5261
vn -0.7073 0.2796 0.6493
vn -0.7168 0.4095 0.5643
vn -0.0606 0.8771 -0.4764
vn -0.7377 0.4030 0.5416
vn -0.7146 0.2771 0.6423
vn -0.0561 -0.8528 0.5192
vn 0.0099 -0.8733 0.4872
vn 0.2472 -0.9233 0.2939
vn 0.6659 -0.5514 0.5026
vn 0.7145 -0.6026 0.3556
vn 0.9335 0.1305 0.3340
vn 0.3796 -0.9233 0.0585
vn 0.5442 -0.8176 -0.1878
vn 0.0054 -0.8641 0.5032
vn 0.4429 -0.3995 -0.8026
vn 0.3323 -0.9029 -0.2727
vn 0.0332 -0.9595 -0.2798
vn 0.6584 -0.6709 -0.3411
vn 0.5967 -0.7699 -0.2262
vn 0.5133 -0.8535 -0.0894
vn 0.3988 -0.8299 -0.3900
vn 0.2718 -0.9296 -0.2490
vn 0.4828 -0.7844 -0.3894
vn 0.4233 -0.8723 -0.2447
vn -0.0737 -0.8710 -0.4857
vn -0.5540 -0.8316 -0.0389
vn -0.1682 -0.9237 0.3442
vn -0.7018 -0.6595 -0.2693
vn 0.4687 -0.6723 -0.5730
vn 0.4686 -0.6723 -0.5730
vn 0.2305 -0.9673 -0.1062
vn 0.1573 -0.9314 -0.3282
vn -0.0377 -0.8844 0.4652
vn -0.1473 -0.8831 0.4455
vn -0.2020 -0.9353 0.2904
vn -0.8276 0.2103 0.5204
vn 0.0090 -0.8788 0.4770
vn 0.0237 -0.8760 0.4818
vn -0.0189 -0.8537 0.5204
vn -0.0016 -0.8528 0.5222
vn -0.6763 0.2918 0.6764
vn -0.7154 0.2310 0.6595
vn -0.0379 -0.8661 0.4985
vn 0.0411 -0.8745 0.4833
vn 0.6541 -0.5046 0.5635
vn 0.5643 -0.5779 0.5896
vn 0.0234 -0.8368 0.5470
vn -0.6401 0.3039 0.7056
vn 0.2022 0.2069 0.9572
vn -0.5840 0.3393 0.7374
vn -0.5895 0.4890 0.6429
vn 0.0049 0.3859 0.9225
vn 0.6148 0.7846 0.0800
vn -0.0048 0.8880 -0.4598
vn 0.0369 0.8790 -0.4754
vn -0.0337 0.8851 -0.4642
vn -0.6362 0.4644 0.6161
vn 0.5793 0.8150 -0.0115
vn -0.6672 0.4348 0.6048
vn -0.0321 0.8956 -0.4437
vn 0.0101 0.8726 -0.4884
vn -0.0047 0.8699 -0.4933
vn -0.0046 0.8699 -0.4933
vn 0.0455 0.8792 -0.4743
vn 0.5836 0.8120 -0.0061
vn 0.0594 0.8757 -0.4792
vn 0.6006 0.7995 -0.0095
vn 0.0646 0.8720 -0.4852
vn 0.0394 0.8948 -0.4447
vn 0.5845 0.8113 0.0139
vn 0.5877 0.8090 0.0116
vn 0.0532 0.8916 -0.4497
vn 0.6181 0.7861 0.0006
vn -0.0109 0.8859 -0.4638
vn 0.0223 0.8578 -0.5135
vn 0.0205 0.8655 -0.5005
vn 0.0100 0.8725 -0.4884
vn -0.0480 0.8664 -0.4971
vn -0.0132 0.8499 -0.5269
vn -0.0115 0.8618 -0.5071
vn -0.4576 0.6016 -0.6548
vn -0.1054 0.8601 -0.4991
vn -0.0908 0.8641 -0.4950
vn -0.0417 0.8494 -0.5261
vn -0.5501 0.4543 -0.7007
vn -0.5423 0.4492 -0.7100
vn -0.5735 0.4427 -0.6893
vn -0.0614 0.8287 -0.5563
vn -0.0753 0.8312 -0.5508
vn -0.6202 0.3955 -0.6775
vn -0.6097 0.3671 -0.7025
vn -0.0750 0.8096 -0.5822
vn -0.6019 0.3620 -0.7118
vn -0.1243 0.8454 -0.5195
vn -0.6299 0.3747 -0.6803
vn -0.6363 0.3700 -0.6769
vn -0.0988 0.8464 -0.5232
vn -0.0842 0.8505 -0.5192
vn -0.0548 0.8580 -0.5108
vn -0.5710 0.4410 -0.6924
vn -0.0367 0.8655 -0.4995
vn -0.0226 0.8430 -0.5374
vn -0.5746 0.3982 -0.7151
vn -0.0200 0.8412 -0.5403
vn -0.0622 0.8222 -0.5658
vn -0.6047 0.3457 -0.7175
vn -0.0634 0.8122 -0.5800
vn -0.6099 0.3492 -0.7114
vn -0.1123 0.8513 -0.5125
vn -0.0152 0.8343 -0.5511
vn -0.5651 0.4010 -0.7210
vn -0.0273 0.8291 -0.5585
vn -0.0882 0.8626 -0.4982
vn -0.6119 0.4081 -0.6776
vn -0.0644 0.8703 -0.4884
vn -0.0962 0.8448 -0.5263
vn -0.6176 0.3181 -0.7192
vn -0.0596 0.8203 -0.5688
vn -0.2327 -0.5334 -0.8132
vn -0.0514 0.8622 -0.5040
vn -0.6101 0.3945 -0.6871
vn -0.0635 0.8570 -0.5114
vn 0.0057 0.8815 -0.4722
vn 0.0493 0.8447 -0.5329
vn 0.0942 0.8566 -0.5074
vn 0.5434 -0.3759 -0.7506
vn 0.9740 0.0470 -0.2216
vn 0.9368 -0.1309 -0.3243
vn 0.5462 -0.4801 -0.6864
vn 0.0886 -0.8597 0.5031
vn 0.6888 -0.4314 0.5826
vn 0.0936 -0.8432 0.5294
vn 0.6128 -0.5045 0.6083
vn 0.0538 -0.8441 0.5334
vn 0.3409 -0.7314 0.5906
vn 0.0903 -0.8670 0.4900
vn 0.3452 -0.7483 0.5665
vn 0.0729 -0.8500 0.5218
vn 0.5945 -0.5284 0.6061
vn 0.5889 -0.5180 0.6203
vn 0.0088 -0.8400 0.5425
vn -0.5216 0.3671 0.7702
vn 0.3210 0.0832 0.9434
vn -0.4966 0.5637 0.6600
vn 0.0179 0.3219 0.9466
vn -0.0151 0.8766 -0.4810
vn 0.5750 0.8155 0.0659
vn 0.0101 0.8725 -0.4884
vn 0.5508 0.8346 -0.0095
vn 0.0075 0.8743 -0.4854
vn 0.5463 0.8374 -0.0149
vn 0.5553 0.8303 -0.0470
vn 0.0653 0.8357 -0.5453
vn 0.6102 -0.3218 -0.7240
vn 0.9610 0.2257 -0.1600
vn 0.9563 -0.0609 -0.2859
vn 0.6005 -0.4987 -0.6251
vn 0.0463 -0.8777 0.4770
vn 0.7261 -0.3748 0.5764
vn 0.0365 -0.8459 0.5321
vn 0.6514 -0.4408 0.6176
vn 0.0305 -0.8485 0.5284
vn 0.6536 -0.4422 0.6142
vn 0.0600 -0.8613 0.5046
vn 0.6578 -0.4597 0.5967
vn 0.6501 -0.4569 0.6071
vn 0.0435 -0.8572 0.5132
vn 0.5843 -0.5240 0.6197
vn 0.0607 -0.8351 0.5467
vn 0.5542 0.0938 0.8271
vn -0.4154 0.3857 0.8238
vn 0.3671 0.3061 0.8784
vn -0.4876 0.3357 0.8060
vn 0.0158 -0.8517 0.5238
vn -0.0040 -0.8704 0.4924
vn 0.0125 -0.8749 0.4841
vn -0.0137 -0.8575 0.5144
vn -0.0171 -0.8615 0.5075
vn 0.0230 -0.8988 0.4378
vn 0.5726 -0.4849 -0.6611
vn 0.5703 -0.3146 -0.7588
vn 0.0195 0.8365 -0.5476
vn -0.0288 0.8605 -0.5087
vn -0.0289 0.8605 -0.5087
vn -0.0506 0.8680 -0.4940
vn -0.5509 0.4990 0.6689
vn -0.5567 0.3026 0.7737
vn -0.0128 -0.8515 0.5242
vn 0.0375 -0.8597 0.5094
vn 0.0584 -0.8728 0.4846
vn 0.0192 -0.8474 0.5306
vn 0.0401 -0.8614 0.5064
vn 0.0489 -0.8792 0.4739
vn 0.5267 -0.4830 -0.6995
vn 0.5137 -0.3601 -0.7787
vn 0.4527 -0.3574 -0.8169
vn 0.4967 -0.4807 -0.7227
vn 0.0186 -0.8906 0.4544
vn -0.0723 -0.8846 0.4607
vn -0.0879 -0.8736 0.4786
vn -0.0454 -0.8966 0.4405
vn -0.6450 0.2871 0.7082
vn -0.5905 0.4746 0.6528
vn -0.8396 0.4766 0.2607
vn -0.0298 0.8736 -0.4857
vn -0.9726 0.2011 -0.1169
vn -0.4173 -0.8667 0.2734
vn -0.7494 -0.6564 -0.0869
vn -0.7683 -0.6276 -0.1255
vn -0.7677 -0.6354 -0.0834
vn -0.7823 -0.6192 -0.0680
vn -0.2547 -0.9050 0.3408
vn -0.4301 -0.6059 -0.6693
vn -0.3323 -0.5321 -0.7788
vn -0.0195 0.8233 -0.5672
vn -0.6848 0.1661 -0.7096
vn 0.0035 0.8239 -0.5667
vn 0.4430 -0.3722 -0.8156
vn 0.4640 -0.3909 -0.7949
vn 0.4305 -0.5384 -0.7244
vn 0.4121 -0.4970 -0.7636
vn -0.3931 -0.6013 -0.6956
vn -0.5764 -0.8079 0.1224
vn -0.0246 -0.8928 0.4498
vn -0.0232 -0.8637 0.5035
vn 0.0002 -0.8606 0.5093
vn -0.0439 -0.8681 0.4945
vn 0.0065 -0.8948 0.4464
vn 0.0212 -0.8743 0.4849
vn 0.0253 -0.8449 0.5344
vn -0.6351 0.3113 0.7069
vn -0.5583 0.5115 0.6532
vn -0.0471 0.8721 -0.4871
vn -0.6386 0.4332 0.6360
vn -0.6857 0.2241 0.6925
vn -0.0266 -0.8676 0.4966
vn -0.3152 -0.8858 0.3406
vn -0.9435 0.2992 0.1428
vn -0.9147 0.3681 -0.1669
vn -0.5128 0.4927 -0.7031
vn -0.0952 0.8306 -0.5487
vn -0.0349 0.8580 -0.5125
vn -0.0367 0.8458 -0.5322
vn -0.0574 0.8596 -0.5077
vn -0.0375 0.8597 -0.5094
vn 0.5293 -0.3472 -0.7741
vn 0.5555 -0.4875 -0.6736
vn 0.0040 -0.8932 0.4496
vn -0.0187 -0.8729 0.4875
vn 0.0011 -0.8547 0.5192
vn -0.5290 0.3539 0.7713
vn -0.5377 0.2955 0.7897
vn -0.0179 -0.8673 0.4975
vn -0.0430 -0.8809 0.4713
vn -0.0429 -0.8810 0.4712
vn -0.0490 -0.8828 0.4672
vn -0.0516 -0.8811 0.4702
vn -0.0323 -0.9046 0.4249
vn 0.5089 -0.4833 -0.7123
vn 0.4673 -0.3694 -0.8032
vn -0.0915 0.8140 -0.5737
vn -0.1098 0.8262 -0.5525
vn -0.1176 0.8313 -0.5433
vn -0.5732 0.4002 -0.7150
vn -0.5667 0.3930 -0.7242
vn -0.5907 0.3908 -0.7059
vn -0.5882 0.3891 -0.7090
vn -0.5781 0.3463 -0.7388
vn -0.0403 -0.5914 -0.8054
vn -0.2963 -0.6710 -0.6797
vn -0.5679 -0.8180 0.0917
vn -0.5872 -0.8042 0.0923
vn -0.5962 -0.7987 0.0815
vn -0.6501 -0.7582 0.0497
vn -0.9173 0.2871 0.2760
vn -0.5350 0.4669 0.7041
vn -0.5351 0.4984 0.6820
vn -0.5191 0.3574 0.7764
vn -0.4968 0.5457 0.6748
vn -0.0781 0.8533 -0.5156
vn 0.2951 0.4020 0.8668
vn 0.3706 0.9048 -0.2100
vn 0.0099 0.8905 -0.4549
vn -0.4740 0.5015 0.7237
vn -0.4054 0.5774 0.7087
vn 0.0117 0.8836 -0.4682
vn 0.5929 0.8049 0.0247
vn -0.9507 0.3102 -0.0006
vn -0.5557 0.4670 -0.6878
vn -0.0531 0.8696 -0.4909
vn 0.4796 0.1723 0.8604
vn 0.0585 -0.8906 0.4510
vn 0.6641 -0.5155 0.5415
vn 0.6001 -0.5466 0.5840
vn -0.0300 -0.8715 0.4895
vn 0.5858 -0.5562 0.5895
vn 0.0643 -0.8510 0.5212
vn 0.6647 -0.4855 0.5679
vn 0.0635 -0.8570 0.5114
vn 0.7428 -0.4677 0.4790
vn 0.1018 -0.9019 0.4198
vn 0.9052 -0.1390 -0.4016
vn 0.4735 -0.5158 -0.7140
vn 0.9323 -0.0236 -0.3609
vn 0.0020 -0.8681 0.4963
vn -0.0153 -0.8690 0.4945
vn -0.0604 -0.8626 0.5023
vn -0.0197 -0.8597 0.5105
vn -0.0310 -0.8581 0.5125
vn -0.0553 -0.8468 0.5290
vn 0.0214 -0.9087 0.4169
vn 0.0819 -0.9029 0.4219
vn -0.0050 -0.8570 0.5153
vn -0.1828 -0.8675 0.4626
vn -0.7080 -0.7035 0.0619
vn -0.6984 -0.7131 -0.0608
vn -0.0233 -0.9343 0.3557
vn -0.0558 -0.8899 0.4527
vn -0.7545 -0.6522 0.0725
vn -0.9793 0.1826 0.0871
vn -0.7008 0.4215 0.5756
vn -0.4980 -0.8468 0.1867
vn -0.9708 0.2217 -0.0917
vn 0.0710 0.4931 0.8671
vn 0.3566 0.8028 0.4780
vn 0.0703 0.9279 0.3662
vn 0.4222 0.8497 0.3159
vn -0.0371 0.9733 -0.2264
vn 0.0803 0.9592 -0.2712
vn -0.0973 0.9844 -0.1466
vn 0.1120 0.9599 -0.2568
vn -0.0091 -0.8852 0.4651
vn -0.0072 -0.9087 0.4175
vn -0.0874 -0.8489 0.5214
vn -0.3438 -0.8625 0.3714
vn -0.3647 -0.9003 0.2376
vn -0.3829 -0.8870 0.2582
vn -0.6932 -0.7193 0.0465
vn 0.0117 0.8835 -0.4682
vn 0.0412 0.8880 -0.4580
vn 0.0248 0.8750 -0.4834
vn -0.1623 0.9409 -0.2972
vn 0.5462 0.8357 -0.0578
vn 0.3980 0.9172 -0.0184
vn 0.5767 0.8166 0.0230
vn -0.2841 0.9585 -0.0228
vn -0.1743 0.6516 0.7383
vn 0.7435 0.6254 0.2367
vn 0.6122 0.7906 -0.0132
vn 0.0661 0.8617 -0.5031
vn 0.6840 -0.3179 -0.6565
vn 0.9752 0.2108 -0.0675
vn 0.6872 -0.4465 -0.5730
vn 0.9759 0.0129 -0.2180
vn 0.0990 -0.8658 0.4905
vn 0.7961 -0.3900 0.4628
vn 0.0900 -0.8271 0.5548
vn 0.7473 -0.3965 0.5333
vn 0.0839 -0.8301 0.5513
vn 0.7536 -0.4129 0.5115
vn 0.1749 -0.8635 0.4731
vn 0.7616 -0.4416 0.4744
vn 0.7520 -0.4411 0.4899
vn 0.1024 -0.8615 0.4973
vn 0.1030 -0.8357 0.5395
vn 0.7167 -0.4553 0.5282
vn 0.0850 -0.8444 0.5289
vn 0.7127 -0.4616 0.5282
vn 0.1404 -0.8514 0.5053
vn 0.7117 -0.4835 0.5095
vn 0.0972 -0.8584 0.5036
vn 0.7262 -0.4929 0.4792
vn 0.1703 -0.8357 0.5221
vn 0.7939 -0.3897 0.4668
vn -0.4091 0.1737 0.8958
vn -0.2495 -0.6221 0.7421
vn 0.6258 -0.5176 0.5835
vn 0.0632 -0.8369 0.5437
vn 0.0526 -0.8079 0.5870
vn 0.6228 -0.5088 0.5944
vn 0.2799 0.4262 0.8603
vn -0.4361 0.3957 0.8082
vn -0.4313 0.5019 0.7497
vn 0.2560 0.4776 0.8404
vn 0.5694 0.8162 0.0984
vn 0.0401 0.8999 -0.4343
vn 0.0783 0.8863 -0.4565
vn 0.5594 0.8283 0.0328
vn 0.1169 0.8735 -0.4725
vn 0.5673 0.8232 0.0237
vn 0.0502 0.9248 -0.3772
vn 0.5236 0.8495 0.0653
vn 0.5347 0.8438 0.0467
vn 0.0514 0.8983 -0.4363
vn 0.5216 0.8532 -0.0074
vn 0.0854 0.8755 -0.4756
vn 0.6809 -0.2412 -0.6915
vn 0.8200 0.5176 -0.2442
vn 0.7454 -0.1987 -0.6363
vn 0.8405 0.4992 -0.2108
vn 0.2762 -0.8909 0.3605
vn 0.3992 -0.7712 0.4958
vn 0.9360 0.0882 -0.3406
vn 0.6730 -0.4355 -0.5979
vn 0.6629 -0.5496 -0.5084
vn 0.8984 0.0248 -0.4386
vn 0.0739 -0.8635 0.4989
vn 0.7764 -0.3583 0.5184
vn 0.0747 -0.8576 0.5088
vn 0.7134 -0.4251 0.5571
vn 0.0514 -0.8622 0.5040
vn 0.6993 -0.4428 0.5611
vn 0.6348 -0.5055 0.5844
vn 0.0210 -0.8552 0.5178
vn 0.4123 0.1858 0.8919
vn -0.5020 0.3262 0.8010
vn -0.4724 0.5144 0.7157
vn 0.3127 0.3368 0.8881
vn 0.0091 0.8852 -0.4651
vn 0.5649 0.8107 0.1539
vn 0.0818 0.8897 -0.4492
vn 0.4937 0.8696 0.0095
vn 0.9351 0.2567 -0.2443
vn 0.6187 -0.2758 -0.7356
vn 0.0179 0.8673 -0.4975
vn -0.0117 0.8805 -0.4740
vn -0.5007 0.4701 0.7269
vn -0.5001 0.3167 0.8060
vn -0.0058 -0.8629 0.5054
vn 0.0072 -0.8716 0.4901
vn 0.0072 -0.8716 0.4902
vn 0.0403 -0.8800 0.4732
vn 0.6369 -0.5199 -0.5692
vn 0.6458 -0.4504 -0.6165
vn 0.0617 -0.8493 0.5243
vn 0.6509 -0.3587 -0.6690
vn 0.6401 -0.2292 -0.7333
vn 0.0336 0.8563 -0.5154
vn 0.0299 0.8895 -0.4560
vn 0.0323 0.9046 -0.4249
vn 0.0816 0.8691 -0.4878
vn 0.0661 -0.8587 0.5083
vn 0.7069 0.6252 0.3307
vn 0.7205 0.6083 0.3331
vn -0.0194 0.8670 -0.4980
vn -0.0230 0.8815 -0.4717
vn 0.7291 0.6070 0.3162
vn 0.0241 0.9069 -0.4207
vn 0.7187 0.6172 0.3203
vn 0.0215 0.8519 -0.5233
vn -0.0306 0.8680 -0.4957
vn 0.6420 -0.0564 -0.7646
vn 0.6625 -0.3457 -0.6645
vn 0.2632 -0.9296 0.2579
vn 0.7070 -0.4067 -0.5786
vn 0.6719 -0.4268 -0.6053
vn 0.0999 -0.8785 0.4672
vn 0.1609 -0.8436 0.5123
vn 0.9292 0.2875 -0.2323
vn 0.9043 0.1152 -0.4110
vn 0.5524 -0.7501 0.3635
vn 0.8942 0.2217 -0.3890
vn 0.7361 -0.0718 -0.6731
vn 0.6324 -0.3780 -0.6761
vn 0.2036 -0.9169 0.3433
vn 0.6352 -0.4284 -0.6426
vn 0.6232 -0.6045 -0.4962
vn 0.0003 -0.8794 0.4762
vn -0.0465 -0.8663 0.4974
vn 0.0005 -0.8968 0.4423
vn -0.4856 -0.8412 0.2378
vn 0.6105 -0.5140 -0.6026
vn -0.5815 -0.7857 0.2108
vn -0.1626 -0.8271 0.5380
vn -0.0447 -0.8737 0.4844
vn -0.0230 -0.8822 0.4703
vn -0.6236 -0.7465 0.2321
vn -0.5600 -0.8154 0.1469
vn -0.0399 -0.9158 0.3996
vn -0.5750 -0.8038 0.1524
vn -0.0359 -0.8914 0.4518
vn -0.6610 -0.7372 0.1398
vn -0.0741 -0.8775 0.4739
vn -0.8829 0.3252 0.3387
vn -0.0075 -0.8743 0.4854
vn -0.0205 -0.8655 0.5005
vn -0.4948 0.3442 0.7979
vn -0.4988 0.4525 0.7392
vn -0.9434 0.3267 0.0579
vn -0.4475 0.5120 -0.7332
vn -0.0695 0.8543 -0.5151
vn -0.0425 0.8433 -0.5358
vn -0.5240 0.3806 -0.7619
vn -0.0022 -0.6049 -0.7963
vn 0.5720 -0.3350 -0.7487
vn 0.5664 -0.4365 -0.6990
vn -0.1851 -0.7047 -0.6850
vn -0.5262 -0.8326 0.1732
vn -0.0333 -0.8930 0.4488
vn -0.0361 -0.8735 0.4855
vn -0.6505 -0.7549 0.0840
vn -0.9532 0.1191 0.2781
vn -0.5442 0.2991 0.7838
vn -0.5739 0.4495 0.6845
vn -0.9802 0.1605 0.1161
vn -0.5590 0.4421 -0.7015
vn -0.0444 0.8512 -0.5230
vn -0.5729 0.4061 -0.7119
vn -0.5367 0.3618 -0.7622
vn 0.0131 0.8091 -0.5875
vn -0.1188 -0.4929 -0.8619
vn 0.5446 -0.3229 -0.7740
vn 0.5469 -0.4476 -0.7075
vn -0.1849 -0.5815 -0.7923
vn -0.5263 -0.8445 0.0987
vn -0.0005 -0.8848 0.4660
vn -0.0258 -0.8618 0.5065
vn 0.0185 -0.8726 0.4880
vn 0.5342 -0.4661 -0.7052
vn 0.5336 -0.3411 -0.7739
vn 0.0551 0.8007 -0.5966
vn -0.0081 0.8659 -0.5002
vn -0.0125 0.8749 -0.4841
vn -0.5748 0.4884 0.6565
vn -0.5372 0.3366 0.7734
vn 0.0063 -0.8583 0.5132
vn -0.0178 -0.8856 0.4641
vn 0.5802 -0.4502 -0.6787
vn 0.5879 -0.3044 -0.7495
vn -0.0184 0.8535 -0.5208
vn -0.0462 0.8589 -0.5101
vn -0.4784 0.5004 0.7217
vn -0.4770 0.3124 0.8215
vn -0.5890 -0.7780 0.2184
vn -0.5004 0.4392 0.7461
vn -0.0385 0.8729 -0.4864
vn -0.0244 0.8510 -0.5246
vn -0.5225 0.3468 -0.7789
vn -0.9534 0.1663 -0.2517
vn -0.4656 0.4210 -0.7784
vn 0.1987 -0.4953 -0.8457
vn 0.0138 -0.6465 -0.7628
vn 0.5419 -0.3012 -0.7846
vn 0.5892 -0.2833 -0.7567
vn 0.5734 -0.3886 -0.7213
vn 0.6162 -0.3256 -0.7172
vn 0.4929 -0.8687 -0.0483
vn 0.6574 -0.6987 0.2824
vn 0.9424 -0.2079 -0.2622
vn 0.6039 -0.4144 -0.6809
vn 0.9508 -0.0907 -0.2961
vn 0.5950 -0.6363 -0.4911
vn 0.7288 -0.3598 0.5825
vn 0.9557 0.2414 -0.1684
vn 0.5694 -0.6303 -0.5277
vn 0.5562 -0.4450 -0.7019
vn -0.5004 -0.8516 0.1562
vn -0.9990 0.0115 0.0425
vn -0.6123 0.3012 0.7310
vn -0.0073 -0.8921 0.4517
vn 0.0505 -0.8680 0.4940
vn 0.1168 -0.8376 0.5336
vn 0.0960 -0.8241 0.5583
vn 0.5722 -0.5261 0.6291
vn -0.5138 0.3990 0.7595
vn 0.1448 0.4091 0.9009
vn 0.0010 0.5020 0.8649
vn -0.5599 0.4627 0.6873
vn 0.1066 0.9006 -0.4215
vn 0.5332 0.8460 0.0003
vn 0.0317 0.8825 -0.4693
vn 0.4886 0.8718 -0.0337
vn -0.3000 0.9254 0.2317
vn 0.0533 0.8228 0.5658
vn 0.0534 0.8738 -0.4833
vn 0.7249 0.6887 -0.0143
vn 0.6791 0.7123 -0.1773
vn 0.1085 0.7681 -0.6311
vn 0.4737 -0.3838 -0.7927
vn 0.9485 -0.0624 -0.3105
vn 0.4878 -0.4823 -0.7276
vn 0.9110 -0.1730 -0.3744
vn 0.0868 -0.8521 0.5161
vn 0.6069 -0.4613 0.6472
vn 0.6603 -0.3699 0.6536
vn 0.0443 -0.8512 0.5230
vn 0.5424 0.2014 0.8156
vn -0.1993 -0.9797 -0.0212
vn 0.6341 -0.1010 0.7667
vn 0.3888 -0.5033 0.7717
vn 0.6612 -0.3627 0.6567
vn 0.0884 -0.8399 0.5356
vn 0.6679 -0.3737 0.6437
vn 0.0974 -0.8770 0.4705
vn 0.1120 0.9599 -0.2569
vn 0.1637 -0.8979 0.4086
vn 0.0802 0.9592 -0.2712
vn 0.0429 -0.9428 0.3305
vn 0.1783 -0.9836 0.0274
vn 0.3565 0.8028 0.4779
vn -0.0388 -0.9939 -0.1028
vn -0.4076 -0.9042 0.1278
vn -0.0815 -0.9062 0.4149
vn -0.1147 -0.8781 0.4645
vn -0.0478 -0.9113 0.4091
vn 0.0214 -0.9239 0.3819
vn -0.0228 -0.8995 0.4364
vn -0.0066 -0.8686 0.4954
vn -0.0638 -0.9358 0.3468
vn -0.3800 -0.4701 0.7966
vn -0.0972 0.9844 -0.1466
vn -0.0371 0.9733 -0.2265
vn 0.0709 0.4932 0.8670
vn -0.3678 -0.9040 0.2182
vn 0.0709 0.4931 0.8671
vn -0.4421 -0.4955 0.7477
vn -0.0629 -0.8793 0.4721
vn 0.0765 -0.8651 0.4958
vn 0.4416 -0.4773 -0.7597
vn 0.4249 -0.3386 -0.8396
vn 0.0672 0.7824 -0.6192
vn -0.0107 0.8676 -0.4972
vn -0.2225 0.9720 -0.0754
vn -0.0020 0.8682 -0.4963
vn -0.2931 -0.6446 0.7061
vn 0.4858 -0.3621 -0.7956
vn 0.2012 -0.4356 -0.8773
vn 0.0820 -0.6023 -0.7940
vn -0.4470 -0.8704 0.2064
vn -0.0118 -0.8651 0.5015
vn -0.3678 -0.3285 0.8699
vn -0.0256 -0.8805 0.4734
vn 0.4488 -0.5097 -0.7340
vn 0.0097 -0.8541 0.5200
vn -0.5890 -0.7781 0.2184
vn 0.0016 0.8528 -0.5222
vn 0.0479 0.8557 -0.5153
vn 0.4892 0.8635 -0.1224
vn -0.0409 0.8554 -0.5163
vn 0.3706 0.9047 -0.2100
vn -0.0479 0.8664 -0.4971
vn -0.0409 0.8555 -0.5163
vn -0.0532 0.8696 -0.4909
vn -0.5558 0.4670 -0.6878
vn -0.5273 0.4843 -0.6982
vn -0.5117 0.4740 -0.7166
vn -0.0174 0.8394 -0.5433
vn 0.0811 -0.5507 -0.8307
vn -0.0087 0.8400 -0.5425
vn -0.0088 0.8400 -0.5425
vn 0.6537 0.7559 0.0357
vn 0.6831 -0.2582 -0.6831
vn 0.6665 -0.4198 -0.6161
vn 0.0593 -0.8853 0.4612
vn 0.9782 0.0380 -0.2042
vn 0.9677 0.2501 -0.0322
vn 0.6318 -0.3288 -0.7019
vn 0.6455 -0.5328 -0.5473
vn 0.6070 -0.4887 -0.6266
vn 0.0412 -0.8923 0.4496
vn 0.5830 -0.3192 -0.7471
vn 0.5647 -0.3188 -0.7613
vn -0.2282 -0.7120 -0.6641
vn 0.5439 -0.4972 -0.6759
vn -0.5640 -0.8030 0.1924
vn 0.0006 -0.9130 0.4079
vn -0.5965 -0.7732 0.2154
vn -0.5943 -0.7726 0.2231
vn -0.0387 -0.8717 0.4885
vn -0.6066 -0.7655 0.2147
vn -0.6061 -0.7686 0.2046
vn -0.0594 -0.8757 0.4792
vn -0.6181 -0.7612 0.1962
vn -0.6208 -0.7584 0.1985
vn -0.0534 -0.8738 0.4833
vn -0.6301 -0.7535 0.1877
vn -0.6459 -0.7432 0.1744
vn -0.6810 -0.7124 0.1696
vn -0.0622 -0.8548 0.5151
vn -0.4776 0.3965 0.7840
vn -0.4578 0.3744 0.8064
vn -0.4919 0.5103 0.7054
vn -0.4718 0.4773 0.7413
vn -0.0557 0.8712 -0.4877
vn -0.9445 0.2468 0.2169
vn -0.5235 0.4638 -0.7147
vn -0.5345 0.4169 -0.7352
vn -0.5432 0.4046 -0.7357
vn -0.0478 0.8468 -0.5298
vn -0.5617 0.3478 -0.7507
vn -0.0459 0.8388 -0.5425
vn 0.2237 -0.6951 -0.6832
vn 0.6070 -0.2776 -0.7447
vn -0.2354 -0.8482 -0.4746
vn 0.5981 -0.4248 -0.6795
vn -0.1233 -0.9213 -0.3688
vn -0.9353 0.1770 0.3063
vn 0.6214 -0.2715 -0.7350
vn -0.0123 0.8559 -0.5170
vn -0.0071 0.8523 -0.5230
vn -0.0296 0.8545 -0.5186
vn -0.0686 0.8603 -0.5052
vn 0.7514 0.4949 0.4363
vn -0.4448 0.4892 0.7502
vn -0.4473 0.3609 0.8183
vn -0.4026 0.4933 0.7711
vn 0.6410 0.3666 0.6744
vn 0.6256 0.3238 0.7098
vn 0.0536 -0.8232 0.5652
vn 0.7778 -0.3883 0.4942
vn 0.8113 -0.2988 0.5025
vn -0.4153 0.3729 0.8297
vn -0.0579 -0.8449 0.5319
vn -0.0536 -0.8345 0.5484
vn -0.0188 -0.8729 0.4875
vn -0.0032 -0.8646 0.5024
vn 0.0090 -0.8788 0.4771
vn 0.0316 -0.8808 0.4724
vn -0.0094 -0.8473 0.5311
vn -0.0084 -0.8611 0.5084
vn 0.0124 -0.8559 0.5170
vn 0.0045 -0.8505 0.5260
vn 0.0549 -0.8768 0.4777
vn 0.0385 -0.8729 0.4864
vn 0.0262 -0.8587 0.5117
vn 0.0236 -0.8570 0.5148
vn 0.0419 -0.8688 0.4933
vn 0.0272 -0.8720 0.4887
vn 0.0438 0.8863 -0.4611
vn -0.6394 0.4453 0.6268
vn -0.5884 0.2461 0.7702
vn -0.6547 0.3156 -0.6869
vn -0.0038 0.8755 -0.4832
vn -0.5893 0.4926 0.6404
vn -0.5910 0.3555 0.7241
vn 0.0598 -0.8414 0.5371
vn -0.9920 0.0758 0.1012
vn -0.9853 0.0366 -0.1670
vn 0.5080 0.0386 0.8605
vn 0.1917 0.4580 0.8681
vn 0.5495 0.3847 0.7416
vn 0.8276 0.2485 0.5034
vn 0.1824 0.1068 0.9774
vn -0.1999 0.4489 0.8709
vn -0.1752 0.1039 0.9790
vn -0.5589 0.3747 0.7398
vn -0.5073 0.0277 0.8613
vn -0.8342 0.2329 0.4998
vn -0.7556 -0.1009 0.6472
vn -0.9801 0.0480 0.1926
vn -0.8967 -0.2662 0.3538
vn -0.8920 -0.4495 0.0476
vn -0.9785 -0.1422 -0.1492
vn -0.8268 -0.3237 -0.4601
vn -0.7536 -0.6117 -0.2406
vn -0.5005 -0.7327 -0.4612
vn -0.5486 -0.4583 -0.6993
vn -0.1909 -0.5250 -0.8294
vn -0.1685 -0.7974 -0.5794
vn 0.1899 -0.7918 -0.5804
vn 0.2004 -0.5208 -0.8298
vn 0.5210 -0.7207 -0.4573
vn 0.5608 -0.4431 -0.6994
vn 0.7708 -0.5903 -0.2397
vn 0.8348 -0.3031 -0.4596
vn 0.9054 -0.4219 0.0479
vn 0.9812 -0.1214 -0.1501
vn 0.9017 -0.2468 0.3550
vn 0.9792 0.0719 0.1896
vn 0.7635 -0.0802 0.6408
vn 0.1814 0.0731 0.9807
vn -0.1743 0.0679 0.9823
vn -0.1967 0.4374 0.8775
vn 0.1911 0.4446 0.8751
vn 0.5093 0.0090 0.8605
vn 0.5528 0.3736 0.7449
vn 0.7513 -0.1148 0.6499
vn 0.8273 0.2418 0.5070
vn 0.9787 0.0586 0.1967
vn 0.8883 -0.2681 0.3729
vn 0.9810 -0.1376 -0.1369
vn 0.8903 -0.4500 0.0695
vn 0.8332 -0.3166 -0.4533
vn 0.7557 -0.6162 -0.2217
vn 0.5065 -0.7442 -0.4354
vn 0.5588 -0.4575 -0.6917
vn 0.1982 -0.5384 -0.8191
vn 0.1835 -0.8129 -0.5527
vn -0.1667 -0.8171 -0.5519
vn -0.1900 -0.5377 -0.8214
vn -0.5514 -0.4716 -0.6882
vn -0.4927 -0.7523 -0.4374
vn -0.7433 -0.6316 -0.2204
vn -0.8260 -0.3366 -0.4521
vn -0.9773 -0.1614 -0.1372
vn -0.8785 -0.4731 0.0667
vn -0.8820 -0.2941 0.3682
vn -0.9790 0.0353 0.2008
vn -0.8313 0.2145 0.5127
vn -0.7486 -0.1299 0.6502
vn -0.4994 -0.0015 0.8664
vn -0.5567 0.3603 0.7485
vn -0.7513 0.1148 -0.6499
vn -0.8888 0.2800 -0.3627
vn -0.8272 -0.2385 -0.5087
vn -0.4964 -0.0077 -0.8681
vn -0.5491 -0.3731 -0.7478
vn -0.1709 -0.0711 -0.9827
vn -0.1908 -0.4397 -0.8777
vn 0.1795 -0.0681 -0.9814
vn 0.2012 -0.4356 -0.8774
vn 0.4996 0.0016 -0.8663
vn 0.5555 -0.3619 -0.7486
vn 0.8322 -0.2193 -0.5093
vn 0.7426 0.1321 -0.6566
vn 0.9792 -0.0370 -0.1997
vn 0.8814 0.2914 -0.3719
vn 0.9777 0.1565 0.1403
vn 0.8817 0.4672 -0.0664
vn 0.8258 0.3398 0.4502
vn 0.7433 0.6317 0.2204
vn 0.4883 0.7546 0.4383
vn 0.5479 0.4696 0.6923
vn 0.1617 0.8180 0.5520
vn 0.1896 0.5426 0.8183
vn -0.1911 0.8132 0.5497
vn -0.2028 0.5397 0.8171
vn -0.5064 0.7443 0.4355
vn -0.5601 0.4582 0.6902
vn -0.8330 0.3185 0.4525
vn -0.7567 0.6151 0.2215
vn -0.9801 0.1399 0.1406
vn -0.8882 0.4559 -0.0570
vn -0.9786 -0.0568 -0.1976
vn 0.1834 -0.8129 -0.5528
vn 0.5136 -0.7399 -0.4345
vn 0.1982 -0.5383 -0.8191
vn 0.7595 -0.6133 -0.2168
vn -0.1695 -0.8189 -0.5483
vn -0.1894 -0.5441 -0.8174
vn -0.4985 -0.7525 -0.4304
vn -0.5514 -0.4715 -0.6882
vn -0.7435 -0.6338 -0.2132
vn -0.9778 -0.1550 -0.1412
vn -0.9801 0.0363 0.1950
vn -0.8809 -0.2987 0.3672
vn -0.4983 -0.0057 0.8670
vn -0.1680 0.0693 0.9833
vn -0.1967 0.4375 0.8774
vn 0.1758 0.0714 0.9818
vn 0.5490 0.3714 0.7488
vn 0.4977 0.0111 0.8673
vn 0.8271 0.2352 0.5105
vn 0.8911 -0.2743 0.3615
vn 0.9787 0.0585 0.1967
vn 0.8896 -0.4527 0.0610
vn 0.9805 -0.1348 -0.1432
vn 0.8894 -0.2742 0.3657
vn 0.8322 -0.3234 -0.4503
vn 0.1771 -0.8132 -0.5544
vn -0.1668 -0.8171 -0.5519
vn -0.7432 -0.6317 -0.2204
vn -0.8260 -0.3366 -0.4522
vn -0.9773 -0.1614 -0.1373
vn -0.8785 -0.4731 0.0666
vn -0.8313 0.2146 0.5127
vn -0.7524 -0.1327 0.6452
vn -0.5054 -0.0044 0.8629
vn -0.1968 0.4375 0.8774
vn 0.1758 0.0715 0.9818
vn 0.5525 0.3670 0.7484
vn 0.5007 0.0081 0.8656
vn 0.8273 0.2419 0.5069
vn 0.0084 -0.8204 -0.5718
vn 0.1853 -0.8099 -0.5565
vn 0.2019 -0.5332 -0.8215
vn 0.0058 -0.5452 -0.8383
vn -0.1701 -0.8128 -0.5572
vn -0.3361 -0.7904 -0.5121
vn -0.3780 -0.5144 -0.7698
vn -0.6339 -0.6941 -0.3413
vn -0.7005 -0.4108 -0.5836
vn -0.7433 -0.6317 -0.2204
vn -0.9199 -0.2464 -0.3051
vn -0.8287 -0.5534 -0.0837
vn -0.9778 -0.1550 -0.1413
vn -0.8814 -0.4684 0.0615
vn -0.8994 -0.3815 0.2133
vn -0.9979 -0.0578 0.0282
vn -0.9796 0.0416 0.1967
vn -0.9247 0.1341 0.3563
vn -0.8350 -0.2063 0.5102
vn -0.8324 0.2206 0.5084
vn -0.7497 -0.1251 0.6498
vn -0.6386 -0.0572 0.7674
vn -0.7076 0.2971 0.6411
vn -0.5577 0.3645 0.7457
vn -0.5006 0.0027 0.8657
vn -0.3865 0.4088 0.8267
vn -0.3464 0.0451 0.9370
vn -0.2005 0.4421 0.8743
vn -0.1762 0.0726 0.9817
vn -0.0046 0.4538 0.8911
vn 0.0006 0.0838 0.9965
vn 0.1790 0.0782 0.9807
vn 0.3503 0.0549 0.9350
vn 0.3795 0.4214 0.8236
vn 0.5034 0.0150 0.8640
vn 0.6419 -0.0434 0.7656
vn 0.7018 0.3161 0.6383
vn 0.8274 0.2418 0.5070
vn 0.7538 -0.1079 0.6481
vn 0.8393 -0.1854 0.5110
vn 0.9209 0.1549 0.3578
vn 0.8922 -0.2673 0.3642
vn 0.9790 0.0652 0.1932
vn 0.9989 -0.0388 0.0273
vn 0.9100 -0.3558 0.2131
vn 0.8930 -0.4461 0.0602
vn 0.9256 -0.2272 -0.3028
vn 0.8424 -0.5319 -0.0859
vn 0.7572 -0.6130 -0.2256
vn 0.6460 -0.6821 -0.3426
vn 0.7099 -0.3892 -0.5870
vn 0.5088 -0.7388 -0.4419
vn 0.3552 -0.7819 -0.5124
vn 0.3879 -0.5042 -0.7716
vn -0.8807 -0.4687 0.0681
vn -0.7432 -0.6317 -0.2205
vn -0.4869 -0.7570 -0.4357
vn -0.5479 -0.4711 -0.6913
vn -0.1611 -0.8187 -0.5512
vn -0.1895 -0.5441 -0.8174
vn 0.1898 -0.8125 -0.5511
vn 0.2027 -0.5394 -0.8173
vn 0.9805 -0.1347 -0.1432
vn 0.8877 -0.4569 0.0571
vn 0.1697 0.0688 0.9831
vn -0.1807 0.0665 0.9813
vn -0.2012 0.4353 0.8775
vn -0.7447 -0.1270 0.6552
vn -0.8801 -0.2928 0.3737
vn 0.8279 0.2880 0.4812
vn 0.1092 0.8988 -0.4245
vn -0.0080 0.8659 -0.5002
vn 0.0081 -0.8659 0.5002
vn 0.0080 -0.8659 0.5002
vn 0.0082 -0.8659 0.5002
vn -0.7772 0.6051 -0.1729
vn -0.8124 0.5648 -0.1450
vn -0.6877 0.7171 0.1138
vn -0.6592 0.7482 0.0757
vn -0.4707 0.8262 0.3096
vn -0.4481 0.8537 0.2654
vn -0.4647 0.8280 0.3138
vn -0.8106 0.4038 -0.4240
vn -0.7776 0.4497 -0.4393
vn -0.6583 0.3090 -0.6864
vn -0.6832 0.2627 -0.6814
vn -0.4582 0.1493 -0.8762
vn -0.4425 0.2009 -0.8740
vn -0.1580 0.1464 -0.9765
vn -0.1327 0.3197 -0.9382
vn 0.1608 0.1535 -0.9750
vn 0.1628 0.2374 -0.9577
vn 0.4337 0.2055 -0.8773
vn 0.4542 0.1524 -0.8778
vn 0.4397 0.2082 -0.8737
vn 0.6444 0.3214 -0.6939
vn 0.6738 0.2735 -0.6864
vn 0.7674 0.4651 -0.4414
vn 0.7962 0.4227 -0.4328
vn 0.7661 0.6184 -0.1752
vn 0.7964 0.5849 -0.1538
vn -0.1641 0.0913 -0.9822
vn 0.1647 0.0957 -0.9817
vn 0.0171 0.8615 -0.5075
vn 0.3932 0.3067 -0.8668
vn 0.1876 0.6700 -0.7183
vn -0.3163 0.4838 -0.8160
vn -0.4521 0.5771 -0.6801
vn -0.4362 0.7318 -0.5237
vn -0.4531 0.8127 -0.3664
vn -0.3362 0.9066 -0.2550
vn -0.2058 0.9531 -0.2220
vn -0.3945 0.9077 0.1427
vn -0.0195 0.8853 -0.4646
vn -0.1747 0.9178 0.3567
vn -0.1754 0.8966 0.4066
vn 0.1448 0.9213 0.3608
vn 0.1451 0.9006 0.4096
vn -0.0030 0.8810 -0.4731
vn -0.0012 0.8738 -0.4863
vn 0.4250 0.8669 0.2605
vn 0.4416 0.8434 0.3061
vn 0.6468 0.7593 0.0717
vn 0.6724 0.7321 0.1090
vn 0.0093 0.8669 -0.4984
vn 0.9792 -0.0369 -0.1997
vn 0.8815 0.2947 -0.3690
vn 0.7489 0.1340 -0.6490
vn 0.5600 -0.3561 -0.7480
vn 0.5056 0.0045 -0.8628
vn 0.1678 0.8157 0.5536
vn -0.1978 0.5355 0.8210
vn -0.1783 0.8139 0.5530
vn -0.5601 0.4582 0.6901
vn -0.7566 0.6152 0.2215
vn -0.8907 0.4499 -0.0651
vn -0.9812 0.1344 0.1385
vn -0.8894 0.2742 -0.3657
vn -0.9789 -0.0635 -0.1941
vn -0.7530 0.1187 -0.6473
vn -0.5528 -0.3736 -0.7449
vn -0.5067 -0.0021 -0.8621
vn -0.1809 -0.0720 -0.9809
vn 0.1971 -0.4343 -0.8789
vn 0.1753 -0.0664 -0.9823
vn -0.1748 -0.0693 -0.9822
vn -0.1912 -0.4464 -0.8742
vn -0.5525 -0.3669 -0.7484
vn -0.5007 -0.0081 -0.8656
vn -0.8918 0.4484 -0.0605
vn -0.9806 0.1332 0.1440
vn -0.1987 0.5417 0.8167
vn -0.1870 0.8149 0.5486
vn 0.1717 0.8162 0.5517
vn 0.4985 0.7525 0.4304
vn 0.5514 0.4715 0.6882
vn 0.7433 0.6316 0.2204
vn 0.8262 0.3334 0.4541
vn 0.8789 0.4739 -0.0552
vn 0.9799 -0.0333 -0.1969
vn 0.8839 0.2953 -0.3627
vn 0.8311 -0.2132 -0.5137
vn 0.7476 0.1302 -0.6513
vn -0.1672 0.9185 0.3583
vn -0.1702 0.8952 0.4118
vn 0.1543 0.9002 0.4073
vn 0.1472 0.9225 0.3568
vn -0.0226 0.8963 -0.4428
vn 0.0004 0.8848 -0.4660
vn -0.4542 0.8517 0.2613
vn -0.6591 0.7482 0.0757
vn -0.8097 0.5698 -0.1406
vn -0.7775 0.4463 -0.4431
vn -0.8095 0.4097 -0.4205
vn -0.3361 0.9066 -0.2550
vn -0.3920 0.9108 0.1295
vn 0.1871 0.6659 -0.7222
vn -0.4635 0.7108 -0.5290
vn -0.6584 0.3090 -0.6864
vn -0.4581 0.1493 -0.8762
vn -0.4433 0.2070 -0.8721
vn -0.1605 0.1503 -0.9755
vn -0.1450 0.3369 -0.9303
vn 0.1527 0.2345 -0.9600
vn 0.1511 0.1501 -0.9770
vn -0.3413 0.4616 -0.8188
vn -0.4161 0.6145 -0.6703
vn 0.4602 0.1551 -0.8742
vn 0.6510 0.3249 -0.6860
vn 0.6749 0.2775 -0.6838
vn 0.7972 0.4317 -0.4221
vn 0.7682 0.4709 -0.4337
vn 0.7962 0.5864 -0.1489
vn 0.3992 0.3093 -0.8631
vn 0.0436 0.8456 -0.5320
vn 0.0258 0.8619 -0.5065
vn 0.7661 0.6184 -0.1753
vn 0.0163 0.8666 -0.4988
vn 0.0161 0.8747 -0.4844
vn 0.4461 0.8413 0.3052
vn 0.4296 0.8649 0.2596
vn 0.0022 0.8777 -0.4793
vn 0.4462 0.8413 0.3052
vn 0.4296 0.8649 0.2595
vn 0.7972 0.4316 -0.4221
vn 0.6749 0.2774 -0.6838
vn 0.0421 0.8444 -0.5341
vn 0.0262 0.8629 -0.5046
vn 0.0155 0.8686 -0.4954
vn 0.1871 0.6659 -0.7223
vn 0.1555 0.1484 -0.9766
vn 0.1574 0.0943 -0.9830
vn -0.1666 0.0953 -0.9814
vn -0.4581 0.1493 -0.8763
vn -0.4433 0.2071 -0.8721
vn 0.1684 0.2421 -0.9555
vn -0.6609 0.3107 -0.6832
vn -0.8106 0.4039 -0.4240
vn -0.4445 0.5983 -0.6667
vn -0.4355 0.8127 -0.3870
vn -0.7799 0.6002 -0.1775
vn -0.6601 0.7478 0.0709
vn -0.3577 0.9006 -0.2470
vn -0.0234 0.8962 -0.4430
vn -0.0047 0.8852 -0.4652
vn 0.4384 -0.2003 0.8762
vn 0.1559 -0.0960 0.9831
vn 0.1539 -0.1448 0.9774
vn 0.0992 -0.5484 0.8303
vn -0.1604 -0.1531 0.9751
vn -0.0856 -0.6001 0.7954
vn -0.4366 -0.2068 0.8755
vn -0.4510 -0.1510 0.8797
vn -0.1638 -0.0948 0.9819
vn -0.1852 -0.6729 0.7162
vn 0.2052 -0.9545 0.2164
vn 0.2526 -0.5907 0.7663
vn -0.4571 -0.1537 0.8760
vn -0.6448 -0.3214 0.6935
vn -0.6742 -0.2734 0.6861
vn -0.7656 -0.4661 0.4435
vn -0.7973 -0.4253 0.4284
vn -0.7962 -0.5864 0.1489
vn -0.7661 -0.6184 0.1753
vn -0.0174 -0.8625 0.5058
vn -0.0212 -0.8556 0.5173
vn -0.3841 -0.3405 0.8582
vn -0.0093 -0.8669 0.4985
vn -0.0101 -0.8725 0.4884
vn -0.6468 -0.7593 -0.0717
vn -0.4291 -0.8654 -0.2588
vn -0.4438 -0.8438 -0.3017
vn -0.6724 -0.7321 -0.1090
vn 0.0012 -0.8738 0.4863
vn 0.0030 -0.8810 0.4731
vn -0.1443 -0.9217 -0.3601
vn -0.1513 -0.8992 -0.4105
vn 0.1733 -0.8960 -0.4088
vn 0.1724 -0.9173 -0.3588
vn 0.4678 -0.8271 -0.3116
vn 0.4482 -0.8537 -0.2653
vn 0.0185 -0.8854 0.4644
vn 0.4122 -0.8951 -0.1702
vn 0.6560 -0.7508 -0.0769
vn 0.6846 -0.7198 -0.1149
vn 0.7767 -0.6058 0.1728
vn 0.8092 -0.5705 0.1406
vn 0.7776 -0.4497 0.4393
vn 0.8090 -0.4107 0.4206
vn 0.6584 -0.3090 0.6864
vn 0.6832 -0.2627 0.6814
vn 0.4523 -0.1520 0.8788
vn 0.4521 -0.5771 0.6801
vn 0.5594 -0.6560 0.5068
vn 0.6632 -0.7012 0.2615
vn 0.5998 -0.7997 -0.0278
vn -0.7988 -0.5825 0.1504
vn -0.7639 -0.6217 0.1730
vn -0.7990 -0.4210 0.4295
vn -0.4317 -0.8651 -0.2552
vn -0.1511 -0.9200 -0.3616
vn -0.0834 -0.9928 0.0857
vn 0.1006 -0.9904 0.0946
vn 0.1653 -0.9182 -0.3601
vn 0.1755 -0.8940 -0.4122
vn -0.2546 -0.9601 0.1159
vn -0.3997 -0.8949 0.1982
vn -0.5568 -0.7749 0.2993
vn -0.1901 -0.6671 0.7203
vn -0.6440 -0.5906 0.4862
vn -0.4367 -0.2068 0.8755
vn -0.4510 -0.1510 0.8796
vn -0.5872 -0.3875 0.7106
vn -0.1529 -0.1519 0.9765
vn -0.1569 -0.0938 0.9831
vn 0.1692 -0.0913 0.9813
vn 0.1632 -0.1464 0.9757
vn 0.4587 -0.1483 0.8761
vn -0.0043 -0.8304 0.5571
vn -0.3931 -0.3067 0.8669
vn 0.0166 -0.8456 0.5336
vn 0.4412 -0.2032 0.8741
vn 0.6583 -0.3090 0.6864
vn 0.6832 -0.2626 0.6814
vn 0.8106 -0.4039 0.4240
vn 0.7776 -0.4498 0.4393
vn 0.0409 -0.8554 0.5163
vn 0.7821 -0.5960 0.1821
vn 0.8123 -0.5626 0.1537
vn 0.6598 -0.7481 -0.0710
vn 0.6884 -0.7171 -0.1092
vn 0.4542 -0.8517 -0.2612
vn 0.0271 -0.8528 0.5216
vn 0.0628 -0.8814 0.4682
vn 0.3920 -0.9108 -0.1295
vn -0.7661 -0.6184 0.1752
vn -0.4232 -0.8855 0.1915
vn -0.5387 -0.7782 0.3228
vn -0.6351 -0.6051 0.4801
vn -0.5987 -0.3877 0.7009
vn -0.6504 -0.3209 0.6885
vn -0.7683 -0.4677 0.4369
vn -0.7973 -0.4253 0.4283
vn -0.7962 -0.5864 0.1490
vn -0.6493 -0.7574 -0.0686
vn -0.0768 -0.9951 0.0627
vn -0.2546 -0.9601 0.1160
vn -0.1537 -0.9006 -0.4066
vn 0.1724 -0.9173 -0.3589
vn 0.1030 -0.9876 0.1183
vn 0.8106 -0.4038 0.4240
vn 0.0642 -0.8803 0.4701
vn 0.0409 -0.8555 0.5162
vn 0.1632 -0.1465 0.9757
vn -0.4510 -0.1509 0.8797
vn -0.4366 -0.2068 0.8756
vn -0.3930 -0.3067 0.8669
vn -0.0043 -0.8304 0.5572
vn 0.3064 -0.9481 0.0844
vn 0.2837 -0.9512 0.1216
vn 0.2838 -0.9512 0.1216
vn 0.2828 -0.9494 0.1366
vn 0.2903 -0.9448 0.1517
vn 0.2880 -0.9450 0.1553
vn 0.2752 -0.9427 0.1886
vn 0.2981 -0.9508 0.0842
vn 0.2853 -0.9540 0.0915
vn 0.2808 -0.9547 0.0989
vn 0.4194 -0.8975 -0.1361
vn 0.4267 -0.8917 -0.1509
vn 0.4680 -0.8398 -0.2750
vn 0.4830 -0.8253 -0.2924
vn 0.6062 -0.7342 -0.3057
vn 0.6329 -0.7201 -0.2845
vn 0.5287 -0.7196 0.4501
vn 0.3326 -0.6871 0.6460
vn 0.8193 -0.4796 0.3141
vn 0.8596 -0.5027 0.0919
vn -0.2516 -0.5429 0.8012
vn -0.2539 -0.5395 0.8028
vn -0.2307 -0.5728 0.7865
vn -0.2153 -0.5832 0.7833
vn -0.2154 -0.5831 0.7833
vn -0.2046 -0.5869 0.7834
vn -0.2022 -0.5901 0.7816
vn -0.1772 -0.6125 0.7703
vn -0.2576 -0.5455 0.7975
vn -0.2577 -0.5455 0.7975
vn -0.2568 -0.5581 0.7890
vn -0.2522 -0.5648 0.7857
vn -0.3618 -0.3257 0.8735
vn -0.3694 -0.3101 0.8760
vn -0.4326 -0.1809 0.8833
vn -0.4345 -0.1576 0.8868
vn -0.3571 -0.0314 0.9335
vn -0.3247 -0.0212 0.9456
vn 0.2228 -0.5001 0.8368
vn 0.2041 -0.0331 0.9784
vn 0.0442 0.0814 0.9957
vn 0.3594 -0.9023 0.2380
vn 0.3594 -0.9024 0.2379
vn 0.3628 -0.9055 0.2199
vn 0.3578 -0.9117 0.2021
vn 0.3577 -0.9117 0.2020
vn 0.3505 -0.9175 0.1879
vn 0.3506 -0.9175 0.1879
vn 0.3493 -0.9202 0.1769
vn 0.3208 -0.9267 0.1957
vn 0.3206 -0.9267 0.1960
vn 0.3134 -0.9321 0.1813
vn 0.3135 -0.9321 0.1812
vn 0.2967 -0.9376 0.1813
vn 0.2753 -0.9427 0.1886
vn 0.5073 0.7601 -0.4060
vn 0.8504 0.3460 -0.3965
vn 0.8064 0.5275 -0.2671
vn 0.3153 0.9091 -0.2724
vn 0.6179 0.1257 -0.7761
vn 0.5970 0.1145 -0.7940
vn 0.4692 0.1685 -0.8669
vn 0.4538 0.1905 -0.8705
vn 0.4105 0.3233 -0.8526
vn 0.4030 0.3389 -0.8501
vn 0.2719 0.5643 -0.7795
vn 0.2643 0.5698 -0.7781
vn 0.2758 0.5530 -0.7862
vn 0.2781 0.5496 -0.7878
vn 0.2841 0.5520 -0.7839
vn 0.2694 0.5844 -0.7654
vn 0.2701 0.5888 -0.7618
vn 0.2661 0.5996 -0.7548
vn 0.2662 0.5996 -0.7548
vn 0.2704 0.6095 -0.7453
vn 0.2681 0.6127 -0.7435
vn 0.2550 0.6401 -0.7247
vn 0.2767 0.6316 -0.7242
vn 0.2958 0.6260 -0.7215
vn 0.2959 0.6260 -0.7215
vn 0.3008 0.6393 -0.7077
vn 0.3009 0.6391 -0.7078
vn 0.3265 0.6194 -0.7140
vn 0.3325 0.6210 -0.7098
vn 0.3309 0.6283 -0.7041
vn 0.3308 0.6283 -0.7041
vn 0.3380 0.6378 -0.6921
vn 0.3380 0.6379 -0.6920
vn 0.3430 0.6503 -0.6779
vn 0.3394 0.6642 -0.6660
vn -0.0859 -0.5779 0.8116
vn -0.0957 -0.5655 0.8192
vn -0.1231 -0.5631 0.8171
vn -0.1337 -0.5600 0.8176
vn -0.1445 -0.5569 0.8179
vn -0.1504 -0.5601 0.8146
vn -0.1482 -0.5856 0.7969
vn -0.1481 -0.5856 0.7969
vn -0.1673 -0.5822 0.7957
vn -0.1674 -0.5822 0.7957
vn -0.1722 -0.5976 0.7831
vn -0.1723 -0.5975 0.7831
vn -0.1770 -0.6126 0.7703
vn -0.0445 0.5366 0.8426
vn -0.3026 0.5085 0.8062
vn -0.4262 0.4510 0.7842
vn -0.4419 0.4454 0.7787
vn -0.5259 0.4199 0.7397
vn 0.1008 0.4605 0.8819
vn 0.1000 0.5326 0.8404
vn 0.0650 0.5353 0.8422
vn -0.3728 0.4937 0.7857
vn -0.9582 0.1699 0.2301
vn -0.9494 0.1073 0.2953
vn -0.9223 0.1476 0.3571
vn -0.9231 0.2195 0.3158
vn -0.7241 0.3766 0.5779
vn -0.5177 0.3852 0.7639
vn -0.4794 0.4736 0.7389
vn -0.4500 0.4021 0.7974
vn -0.4292 0.4106 0.8045
vn -0.4486 0.4090 0.7946
vn -0.4883 0.3983 0.7764
vn -0.5349 0.3785 0.7554
vn -0.5357 0.4541 0.7119
vn -0.5745 0.3692 0.7305
vn -0.6606 0.4063 0.6312
vn -0.6598 0.3308 0.6747
vn -0.7115 0.3082 0.6315
vn -0.7123 0.3795 0.5905
vn -0.5796 0.3639 0.7292
vn -0.6676 0.3284 0.6681
vn 0.3812 -0.4932 -0.7820
vn 0.2985 -0.5105 -0.8064
vn 0.2136 -0.5224 -0.8255
vn 0.1356 -0.5269 -0.8390
vn 0.0532 -0.5362 -0.8424
vn -0.0998 -0.5357 -0.8385
vn -0.2292 -0.5243 -0.8201
vn -0.2301 -0.4525 -0.8615
vn -0.3626 -0.5047 -0.7834
vn -0.3635 -0.4329 -0.8249
vn -0.5634 -0.4487 -0.6937
vn -0.7168 -0.3872 -0.5799
vn -0.7176 -0.3218 -0.6177
vn -0.8268 -0.3238 -0.4601
vn -0.9126 -0.1781 -0.3681
vn -0.9116 -0.2500 -0.3265
vn -0.9756 -0.0819 -0.2036
vn -0.9747 -0.1539 -0.1621
vn -0.9988 -0.0346 0.0344
vn -0.9870 0.0302 0.1581
vn -0.9588 0.0974 0.2669
vn -0.9046 0.1677 0.3918
vn -0.8666 0.2081 0.4536
vn -0.8267 0.2368 0.5104
vn -0.7746 0.3461 0.5294
vn -0.7743 0.2742 0.5703
vn -0.0141 0.8635 -0.5041
vn -0.1043 -0.7344 0.6706
vn -0.1138 -0.7420 0.6606
vn -0.1103 -0.7369 0.6669
vn -0.1113 -0.7446 0.6582
vn -0.1087 -0.7471 0.6558
vn -0.1001 -0.7472 0.6570
vn -0.1062 -0.7497 0.6533
vn -0.0977 -0.7497 0.6545
vn -0.0976 -0.7497 0.6545
vn -0.0947 -0.7266 0.6805
vn -0.0948 -0.7266 0.6805
vn -0.0672 -0.7101 0.7009
vn -0.0773 -0.6995 0.7104
vn -0.0132 -0.6819 0.7314
vn 0.0029 -0.6603 0.7510
vn -0.0401 -0.6433 0.7645
vn 0.0867 -0.5773 0.8119
vn 0.0961 -0.5557 0.8258
vn 0.1554 -0.4798 0.8635
vn 0.2856 -0.3146 0.9053
vn -0.0950 -0.7522 0.6520
vn -0.0924 -0.7547 0.6496
vn -0.0864 -0.7521 0.6533
vn -0.0864 -0.7522 0.6533
vn -0.0615 -0.7592 0.6480
vn -0.0717 -0.7494 0.6582
vn -0.0632 -0.7492 0.6593
vn -0.0606 -0.7517 0.6567
vn -0.0554 -0.7565 0.6516
vn -0.0391 -0.7633 0.6448
vn -0.0261 -0.7750 0.6315
vn 0.0050 -0.8011 0.5985
vn 0.1129 -0.8853 0.4511
vn 0.1550 -0.9146 0.3736
vn 0.1440 -0.9000 0.4115
vn 0.1569 -0.9053 0.3946
vn 0.1611 -0.9119 0.3773
vn 0.1662 -0.9138 0.3705
vn 0.1626 -0.9173 0.3635
vn 0.1591 -0.9207 0.3563
vn 0.1531 -0.9233 0.3523
vn 0.1471 -0.9257 0.3486
vn 0.1496 -0.9266 0.3451
vn 0.1461 -0.9298 0.3379
vn 0.1461 -0.9298 0.3378
vn 0.1486 -0.9306 0.3344
vn 0.1512 -0.9315 0.3309
vn 0.1452 -0.9338 0.3271
vn 0.1477 -0.9346 0.3236
vn 0.1502 -0.9354 0.3201
vn 0.1528 -0.9362 0.3167
vn 0.1588 -0.9338 0.3205
vn 0.1674 -0.9322 0.3209
vn 0.1795 -0.9273 0.3285
vn 0.1820 -0.9280 0.3250
vn 0.2171 -0.9163 0.3364
vn 0.2187 -0.9211 0.3222
vn 0.2677 -0.8934 0.3607
vn 0.3016 -0.8830 0.3597
vn 0.3061 -0.8974 0.3179
vn 0.4236 -0.8237 0.3770
vn 0.4480 -0.8122 0.3736
vn 0.5376 -0.7545 0.3765
vn 0.6943 -0.6097 0.3825
vn 0.8075 -0.3773 0.4535
vn -0.2474 0.9640 -0.0977
vn -0.2731 0.9599 -0.0626
vn -0.2709 0.9603 -0.0663
vn -0.2351 0.9657 -0.1105
vn -0.2214 0.9688 -0.1117
vn -0.2191 0.9688 -0.1155
vn -0.2002 0.9690 -0.1449
vn -0.2771 0.9583 -0.0702
vn -0.2772 0.9582 -0.0706
vn -0.2732 0.9583 -0.0835
vn -0.2687 0.9589 -0.0910
vn -0.3812 0.9111 0.1567
vn -0.3825 0.9071 0.1756
vn -0.4467 0.8465 0.2895
vn -0.4452 0.8387 0.3137
vn -0.3691 0.8171 0.4429
vn -0.3338 0.8228 0.4600
vn 0.2041 0.9788 -0.0165
vn 0.1906 0.8694 0.4559
vn 0.0362 0.8205 0.5704
vn 0.4430 -0.4831 -0.7552
vn 0.6037 -0.4296 -0.6715
vn 0.6341 -0.4152 -0.6523
vn 0.6520 -0.4119 -0.6366
vn 0.6751 -0.3996 -0.6201
vn 0.6699 -0.3974 -0.6272
vn 0.6680 -0.3291 -0.6674
vn 0.6247 -0.4188 -0.6591
vn 0.5866 -0.4345 -0.6834
vn 0.5806 -0.3674 -0.7266
vn 0.5427 -0.4491 -0.7098
vn 0.4456 -0.4763 -0.7580
vn 0.3812 -0.4932 -0.7819
vn -0.5525 -0.3670 -0.7484
vn -0.7629 0.6093 0.2162
vn -0.5135 0.7399 0.4346
vn 0.5514 0.4716 0.6882
vn 0.4926 0.7523 0.4374
vn 0.9772 0.1629 0.1363
vn 0.8785 0.4731 -0.0667
vn 0.8310 -0.2132 -0.5137
vn 0.7476 0.1302 -0.6512
vn 0.4954 0.0043 -0.8686
vn 0.1712 -0.0648 -0.9831
vn 0.1971 -0.4344 -0.8789
vn -0.1912 -0.4463 -0.8742
vn -0.5008 -0.0082 -0.8656
vn -0.5092 -0.0421 -0.8596
vn -0.7635 0.0802 -0.6408
vn -0.9022 0.2456 -0.3547
vn -0.9794 -0.0768 -0.1869
vn -0.9813 0.1198 0.1510
vn -0.9025 0.4284 -0.0445
vn -0.7656 0.5950 0.2447
vn -0.8346 0.3049 0.4588
vn -0.5118 0.7231 0.4638
vn -0.5596 0.4422 0.7009
vn -0.1848 0.7928 0.5808
vn -0.2004 0.5209 0.8297
vn 0.1719 0.7987 0.5766
vn 0.1906 0.5299 0.8264
vn 0.4992 0.7352 0.4586
vn 0.5487 0.4567 0.7002
vn 0.8266 0.3270 0.4581
vn 0.7536 0.6117 0.2406
vn 0.8929 0.4480 -0.0459
vn 0.9785 0.1437 0.1482
vn 0.9802 -0.0496 -0.1916
vn 0.8962 0.2702 -0.3518
vn 0.8340 -0.2315 -0.5008
vn 0.7633 0.1019 -0.6380
vn 0.5600 -0.3729 -0.7399
vn 0.5105 -0.0262 -0.8595
vn 0.1999 -0.4491 -0.8708
vn 0.1824 -0.1009 -0.9780
vn -0.1915 -0.4530 -0.8707
vn -0.1775 -0.1064 -0.9784
vn -0.5495 -0.3865 -0.7407
vn -0.1028 0.9905 -0.0909
vn -0.1029 0.9905 -0.0908
vn -0.1155 0.9902 -0.0785
vn -0.1155 0.9902 -0.0786
vn -0.1429 0.9867 -0.0772
vn -0.1534 0.9854 -0.0741
vn -0.1671 0.9832 -0.0734
vn -0.1672 0.9832 -0.0734
vn -0.1652 0.9807 -0.1043
vn -0.1872 0.9768 -0.1039
vn -0.1873 0.9768 -0.1039
vn -0.1892 0.9744 -0.1214
vn -0.1892 0.9744 -0.1213
vn -0.1942 0.9708 -0.1407
vn 0.8322 -0.2192 -0.5093
vn -0.2028 0.5396 0.8171
vn 0.2028 -0.5394 -0.8173
vn -0.5478 -0.4711 -0.6913
vn -0.9790 0.0353 0.2007
vn -0.5602 0.4582 0.6902
vn 0.9798 -0.0332 -0.1970
vn 0.8274 0.2418 0.5069
vn -0.1987 0.5417 0.8168
vn -0.1968 0.4375 0.8775
vn -0.1900 -0.5378 -0.8214
vn -0.1967 0.4375 0.8775
vn -0.1908 -0.4396 -0.8777
vn -0.9801 0.0362 0.1950
vn -0.5602 0.4582 0.6901
vn 0.9242 -0.1295 -0.3593
vn 0.9256 -0.2272 -0.3029
vn 0.9978 0.0592 -0.0291
vn 0.9989 -0.0388 0.0272
vn 0.9199 0.2464 0.3051
vn 0.7089 -0.3004 -0.6381
vn 0.5605 -0.3608 -0.7455
vn 0.3878 -0.5042 -0.7716
vn 0.3868 -0.4074 -0.8273
vn 0.2005 -0.4424 -0.8741
vn 0.0058 -0.5451 -0.8383
vn 0.0046 -0.4540 -0.8910
vn -0.3792 -0.4165 -0.8263
vn -0.3780 -0.5143 -0.7698
vn -0.7017 -0.3128 -0.6401
vn -0.9199 -0.2465 -0.3051
vn -0.9209 -0.1549 -0.3578
vn -0.9979 -0.0577 0.0282
vn -0.9991 0.0338 -0.0247
vn -0.9257 0.2256 0.3036
vn -0.8339 0.3117 0.4556
vn -0.7087 0.3934 0.5857
vn -0.3883 0.5059 0.7703
vn -0.2019 0.5335 0.8214
vn -0.0058 0.5453 0.8382
vn 0.1901 0.5362 0.8224
vn 0.3795 0.4214 0.8237
vn 0.3781 0.5128 0.7707
vn 0.5518 0.4652 0.6922
vn 0.7018 0.3161 0.6384
vn 0.7007 0.4076 0.5856
vn 0.1917 0.4579 0.8681
vn -0.5597 0.4422 0.7009
vn 0.1906 0.5298 0.8264
vn 0.5495 0.3848 0.7416
vn 0.5487 0.4568 0.7002
vn 0.9792 0.0718 0.1896
vn 0.5607 -0.4431 -0.6994
vn 0.5600 -0.3729 -0.7398
vn -0.5589 0.3746 0.7398
vn -0.9812 0.1198 0.1510
vn -0.5495 -0.3864 -0.7407
vn -0.5486 -0.4583 -0.6992
vn 0.9091 -0.2355 -0.3436
vn 0.9595 -0.1678 -0.2265
vn 0.9587 -0.0959 -0.2678
vn 0.9484 -0.1143 -0.2958
vn 0.7197 -0.3707 -0.5871
vn 0.5523 -0.3732 -0.7455
vn 0.4982 -0.4642 -0.7323
vn 0.7687 -0.2779 -0.5761
vn 0.9479 -0.1832 -0.2608
vn 0.6787 -0.3607 -0.6397
vn 0.6625 -0.3714 -0.6505
vn 0.5912 -0.3987 -0.7010
vn 0.4415 -0.4063 -0.8000
vn 0.3695 -0.4989 -0.7840
vn 0.3061 -0.4344 -0.8471
vn 0.2179 -0.5220 -0.8247
vn 0.1219 -0.4594 -0.8798
vn 0.0127 -0.4640 -0.8858
vn -0.0957 -0.5311 -0.8419
vn -0.0573 -0.4653 -0.8833
vn 0.1345 0.7466 -0.6516
vn 0.1461 0.7474 -0.6482
vn 0.1344 0.7467 -0.6515
vn 0.1289 0.7480 -0.6511
vn 0.1293 0.7518 -0.6466
vn 0.1238 0.7531 -0.6461
vn 0.1299 0.7554 -0.6423
vn 0.1244 0.7568 -0.6417
vn 0.1278 0.7616 -0.6353
vn 0.1582 0.7517 -0.6402
vn 0.1578 0.7480 -0.6446
vn 0.1961 0.7538 -0.6272
vn 0.2007 0.7449 -0.6363
vn 0.2497 0.7651 -0.5935
vn 0.2839 0.7595 -0.5853
vn 0.2825 0.7293 -0.6232
vn 0.4066 0.7466 -0.5265
vn 0.4284 0.7383 -0.5210
vn 0.5217 0.7133 -0.4680
vn 0.6782 0.6494 -0.3440
vn 0.7933 0.5987 -0.1111
vn 0.1283 0.7652 -0.6309
vn 0.1287 0.7688 -0.6264
vn 0.1336 0.7840 -0.6063
vn 0.1348 0.7710 -0.6224
vn 0.1413 0.7766 -0.6139
vn 0.1448 0.7811 -0.6073
vn 0.1396 0.7860 -0.6022
vn 0.1354 0.7976 -0.5878
vn 0.1255 0.8102 -0.5726
vn 0.0969 0.8345 -0.5425
vn -0.0829 0.9396 -0.3321
vn -0.0196 0.9181 -0.3959
vn -0.0477 0.9339 -0.3542
vn -0.0635 0.9385 -0.3395
vn -0.0708 0.9434 -0.3239
vn -0.0764 0.9435 -0.3225
vn -0.0845 0.9444 -0.3178
vn -0.0962 0.9424 -0.3205
vn -0.1022 0.9404 -0.3245
vn -0.1021 0.9404 -0.3245
vn -0.1077 0.9402 -0.3230
vn -0.1077 0.9402 -0.3231
vn -0.1138 0.9381 -0.3270
vn -0.1163 0.9390 -0.3236
vn -0.1164 0.9390 -0.3236
vn -0.1219 0.9388 -0.3222
vn -0.1275 0.9386 -0.3207
vn -0.1215 0.9407 -0.3167
vn -0.1270 0.9405 -0.3153
vn -0.1325 0.9402 -0.3138
vn -0.1351 0.9410 -0.3103
vn -0.1346 0.9428 -0.3049
vn -0.1224 0.9471 -0.2968
vn -0.1164 0.9491 -0.2928
vn -0.1159 0.9508 -0.2873
vn -0.0852 0.9616 -0.2610
vn -0.1013 0.9626 -0.2511
vn -0.0372 0.9733 -0.2264
vn -0.0178 0.9805 -0.1957
vn -0.0607 0.9829 -0.1737
vn 0.0668 0.9933 -0.0942
vn 0.0736 0.9947 -0.0712
vn 0.1395 0.9901 0.0178
vn 0.2719 0.9453 0.1804
vn 0.4788 0.8278 0.2924
vn 0.6325 0.6965 0.3388
vn 0.3781 0.5129 0.7707
vn 0.3408 0.7887 0.5116
vn 0.7432 0.6317 0.2204
vn 0.8287 0.5534 0.0837
vn 0.8814 0.4684 -0.0615
vn 0.9978 0.0593 -0.0291
vn 0.9005 0.3800 -0.2116
vn 0.8850 0.2907 -0.3637
vn 0.8337 0.2032 -0.5135
vn 0.7492 0.1253 -0.6503
vn 0.6351 0.0569 -0.7703
vn 0.5038 -0.0011 -0.8638
vn 0.3446 -0.0469 -0.9376
vn 0.1750 -0.0742 -0.9818
vn 0.0004 -0.0819 -0.9966
vn 0.0045 -0.4540 -0.8910
vn -0.1780 -0.0760 -0.9811
vn -0.3442 -0.0511 -0.9375
vn -0.3793 -0.4165 -0.8262
vn -0.5034 -0.0150 -0.8640
vn -0.6431 0.0399 -0.7647
vn -0.7538 0.1079 -0.6481
vn -0.8394 0.1854 -0.5110
vn -0.8922 0.2673 -0.3642
vn -0.9105 0.3546 -0.2129
vn -0.8410 0.5342 0.0859
vn -0.7602 0.6095 0.2250
vn -0.6494 0.6796 0.3411
vn -0.7086 0.3934 0.5857
vn -0.5115 0.7381 0.4399
vn -0.3571 0.7821 0.5106
vn -0.1865 0.8106 0.5551
vn -0.0073 0.8193 0.5733
vn -0.5425 -0.3925 0.7427
vn -0.4966 -0.3678 0.7862
vn -0.4280 -0.3391 0.8377
vn -0.5776 -0.4195 0.7003
vn -0.6060 -0.4428 0.6609
vn -0.6344 -0.4704 0.6134
vn -0.9588 0.0975 0.2669
vn -0.6918 -0.5664 0.4479
vn -0.6991 -0.6154 0.3641
vn -0.9747 -0.1539 -0.1620
vn -0.6808 -0.6964 0.2270
vn -0.6381 -0.7627 0.1060
vn -0.9116 -0.2499 -0.3265
vn -0.5793 -0.8150 0.0115
vn -0.5015 -0.8623 -0.0703
vn -0.7168 -0.3871 -0.5799
vn -0.5634 -0.4488 -0.6937
vn -0.3945 -0.9063 -0.1514
vn -0.2464 -0.9445 -0.2174
vn -0.3626 -0.5047 -0.7835
vn -0.1534 -0.9575 -0.2441
vn -0.0632 -0.9647 -0.2556
vn 0.0450 -0.9656 -0.2561
vn 0.1019 -0.9617 -0.2545
vn 0.1551 -0.9569 -0.2457
vn 0.2222 -0.9471 -0.2315
vn 0.2784 -0.9367 -0.2122
vn 0.4456 -0.4764 -0.7580
vn 0.3214 -0.9256 -0.1998
vn 0.3609 -0.9149 -0.1809
vn 0.5426 -0.4491 -0.7098
vn 0.3929 -0.9049 -0.1636
vn 0.4171 -0.8968 -0.1474
vn 0.4472 -0.8852 -0.1281
vn 0.4876 -0.8674 -0.0991
vn 0.4714 -0.8746 -0.1134
vn 0.4533 -0.8827 -0.1244
vn 0.6038 -0.4296 -0.6715
vn 0.4352 -0.8901 -0.1357
vn 0.3867 -0.9069 -0.1673
vn -0.3596 -0.3151 0.8783
vn -0.4038 -0.3299 0.8533
vn -0.3337 -0.3068 0.8914
vn -0.3138 -0.3008 0.9006
vn -0.2941 -0.2944 0.9093
vn -0.4487 0.4090 0.7946
vn -0.3397 -0.3099 0.8880
vn -0.3735 -0.3169 0.8718
vn -0.3977 -0.3275 0.8571
vt 0.576664 0.980816
vt 0.575941 0.993899
vt 0.575219 0.980816
vt 0.683065 0.235855
vt 0.682824 0.237793
vt 0.681500 0.237429
vt 0.681741 0.235855
vt 0.682222 0.230525
vt 0.681018 0.230646
vt 0.681981 0.224710
vt 0.681741 0.240094
vt 0.680657 0.239367
vt 0.676324 0.246272
vt 0.675482 0.246272
vt 0.675000 0.246393
vt 0.672593 0.251602
vt 0.671991 0.251602
vt 0.670667 0.269893
vt 0.671149 0.269893
vt 0.670908 0.288062
vt 0.671389 0.288184
vt 0.670547 0.306232
vt 0.671149 0.306232
vt 0.669343 0.362074
vt 0.669945 0.362074
vt 0.668501 0.417795
vt 0.668982 0.417795
vt 0.667297 0.473031
vt 0.666695 0.473031
vt 0.664529 0.528267
vt 0.663927 0.528267
vt 0.661279 0.583140
vt 0.660677 0.583140
vt 0.656946 0.637771
vt 0.656344 0.637649
vt 0.651650 0.678471
vt 0.652252 0.678592
vt 0.646474 0.719292
vt 0.647076 0.719414
vt 0.640456 0.760598
vt 0.639854 0.760477
vt 0.633595 0.791487
vt 0.634077 0.791850
vt 0.626012 0.824193
vt 0.626494 0.824435
vt 0.617948 0.855202
vt 0.618430 0.855566
vt 0.605190 0.900869
vt 0.605551 0.901233
vt 0.590144 0.946294
vt 0.590385 0.946778
vt 0.576664 0.980211
vt 0.575219 0.980211
vt 0.561498 0.946778
vt 0.561859 0.946294
vt 0.546332 0.901233
vt 0.546693 0.900869
vt 0.533574 0.855566
vt 0.533935 0.855202
vt 0.525389 0.824435
vt 0.525870 0.824193
vt 0.517806 0.791850
vt 0.518408 0.791487
vt 0.511427 0.760598
vt 0.512029 0.760477
vt 0.505409 0.719292
vt 0.504807 0.719414
vt 0.499752 0.678592
vt 0.500354 0.678471
vt 0.494937 0.637771
vt 0.495539 0.637649
vt 0.491206 0.583140
vt 0.490604 0.583140
vt 0.488076 0.528267
vt 0.487475 0.528267
vt 0.485188 0.473031
vt 0.484586 0.473031
vt 0.483503 0.417795
vt 0.482901 0.417795
vt 0.481938 0.362074
vt 0.482540 0.362074
vt 0.480734 0.306232
vt 0.481336 0.306232
vt 0.480494 0.288184
vt 0.480975 0.288062
vt 0.480734 0.269893
vt 0.481216 0.269893
vt 0.479410 0.251602
vt 0.480012 0.251602
vt 0.477003 0.246272
vt 0.476401 0.246151
vt 0.475438 0.245787
vt 0.471226 0.239367
vt 0.470142 0.240094
vt 0.470383 0.237429
vt 0.469059 0.237793
vt 0.468939 0.235855
vt 0.470263 0.235855
vt 0.469661 0.230525
vt 0.470985 0.230646
vt 0.469902 0.224589
vt 0.471226 0.224710
vt 0.469661 0.218775
vt 0.470985 0.218654
vt 0.469541 0.212718
vt 0.468217 0.213082
vt 0.462560 0.198788
vt 0.463763 0.198183
vt 0.452329 0.184616
vt 0.451245 0.185464
vt 0.441376 0.171412
vt 0.440292 0.172018
vt 0.439691 0.170443
vt 0.441015 0.170080
vt 0.440894 0.168869
vt 0.439570 0.168747
vt 0.441255 0.167657
vt 0.440052 0.167052
vt 0.452088 0.152273
vt 0.453171 0.153121
vt 0.464245 0.137738
vt 0.465208 0.138464
vt 0.475438 0.122475
vt 0.476522 0.123081
vt 0.483864 0.110241
vt 0.482780 0.109635
vt 0.490002 0.096553
vt 0.488799 0.096068
vt 0.494817 0.082380
vt 0.493613 0.082017
vt 0.499992 0.057791
vt 0.501196 0.058033
vt 0.504325 0.033080
vt 0.505649 0.033201
vt 0.506853 0.007884
vt 0.508057 0.008005
vt 0.646233 0.033201
vt 0.643826 0.008005
vt 0.645150 0.007884
vt 0.647557 0.033080
vt 0.650687 0.058033
vt 0.652011 0.057791
vt 0.657066 0.082380
vt 0.658390 0.082017
vt 0.663205 0.096068
vt 0.661881 0.096553
vt 0.669223 0.109635
vt 0.668019 0.110241
vt 0.676445 0.122475
vt 0.675361 0.123081
vt 0.686675 0.138464
vt 0.687638 0.137738
vt 0.698832 0.153121
vt 0.699795 0.152273
vt 0.710628 0.167657
vt 0.711831 0.167052
vt 0.712313 0.168747
vt 0.710989 0.168869
vt 0.712192 0.170443
vt 0.710989 0.170080
vt 0.710507 0.171412
vt 0.711591 0.172018
vt 0.700638 0.185464
vt 0.699554 0.184616
vt 0.689323 0.198788
vt 0.688240 0.198183
vt 0.682463 0.212718
vt 0.683666 0.213082
vt 0.682222 0.218775
vt 0.680898 0.218654
vt 0.680657 0.224710
vt 0.995527 0.167173
vt 0.996008 0.168869
vt 0.994323 0.167778
vt 0.983491 0.152395
vt 0.982407 0.153243
vt 0.971334 0.137859
vt 0.970371 0.138707
vt 0.960140 0.122596
vt 0.959057 0.123323
vt 0.951715 0.110362
vt 0.952918 0.109756
vt 0.945576 0.096795
vt 0.946780 0.096310
vt 0.940762 0.082501
vt 0.941965 0.082138
vt 0.935586 0.057912
vt 0.934382 0.058154
vt 0.931253 0.033201
vt 0.929929 0.033443
vt 0.928846 0.008126
vt 0.927522 0.008126
vt 0.994684 0.168990
vt 0.995888 0.170564
vt 0.994564 0.170322
vt 0.994203 0.171533
vt 0.995286 0.172139
vt 0.984333 0.185585
vt 0.983250 0.184737
vt 0.973019 0.199030
vt 0.971936 0.198304
vt 0.966038 0.212839
vt 0.967362 0.213324
vt 0.965918 0.219017
vt 0.964594 0.218775
vt 0.964353 0.224832
vt 0.965677 0.224832
vt 0.964594 0.230767
vt 0.965918 0.230646
vt 0.965316 0.236097
vt 0.966640 0.235976
vt 0.965195 0.237672
vt 0.966519 0.238035
vt 0.965436 0.240336
vt 0.964353 0.239610
vt 0.960140 0.245908
vt 0.959177 0.246272
vt 0.958575 0.246514
vt 0.956289 0.251723
vt 0.955566 0.251844
vt 0.954363 0.270014
vt 0.954844 0.270135
vt 0.954603 0.288305
vt 0.955085 0.288305
vt 0.954242 0.306353
vt 0.954844 0.306475
vt 0.953039 0.362195
vt 0.953641 0.362195
vt 0.952076 0.417916
vt 0.952678 0.417916
vt 0.950993 0.473152
vt 0.950391 0.473152
vt 0.948104 0.528388
vt 0.947502 0.528509
vt 0.944974 0.583382
vt 0.944373 0.583382
vt 0.940641 0.638013
vt 0.940040 0.637892
vt 0.935345 0.678592
vt 0.935827 0.678834
vt 0.930170 0.719535
vt 0.930772 0.719535
vt 0.924152 0.760720
vt 0.923550 0.760598
vt 0.917171 0.791729
vt 0.917772 0.791972
vt 0.909708 0.824314
vt 0.910190 0.824556
vt 0.901644 0.855324
vt 0.902005 0.855687
vt 0.888885 0.900990
vt 0.889246 0.901354
vt 0.873840 0.946536
vt 0.874081 0.946899
vt 0.860359 0.980332
vt 0.860359 0.981059
vt 0.858915 0.980332
vt 0.858915 0.981059
vt 0.845194 0.946899
vt 0.845434 0.946536
vt 0.830028 0.901354
vt 0.830389 0.900990
vt 0.817269 0.855687
vt 0.817630 0.855324
vt 0.809085 0.824556
vt 0.809566 0.824314
vt 0.801502 0.791972
vt 0.802104 0.791729
vt 0.795123 0.760720
vt 0.795724 0.760598
vt 0.789104 0.719535
vt 0.788503 0.719535
vt 0.783327 0.678834
vt 0.783929 0.678592
vt 0.778633 0.638013
vt 0.779235 0.637892
vt 0.774902 0.583382
vt 0.774300 0.583382
vt 0.771652 0.528509
vt 0.771050 0.528388
vt 0.768883 0.473152
vt 0.768282 0.473152
vt 0.767198 0.417916
vt 0.766596 0.417916
vt 0.765634 0.362195
vt 0.766235 0.362195
vt 0.764430 0.306475
vt 0.765032 0.306353
vt 0.764189 0.288305
vt 0.764671 0.288305
vt 0.764430 0.270135
vt 0.764911 0.270014
vt 0.762986 0.251723
vt 0.763587 0.251844
vt 0.760699 0.246514
vt 0.760097 0.246393
vt 0.759254 0.246393
vt 0.754921 0.239610
vt 0.753838 0.240336
vt 0.754079 0.237672
vt 0.752755 0.238035
vt 0.752634 0.235976
vt 0.753838 0.236097
vt 0.753357 0.230646
vt 0.754560 0.230767
vt 0.753597 0.224832
vt 0.754921 0.224832
vt 0.753357 0.219017
vt 0.754681 0.218775
vt 0.753116 0.212839
vt 0.751912 0.213324
vt 0.746255 0.199030
vt 0.747338 0.198304
vt 0.736024 0.184737
vt 0.734941 0.185585
vt 0.725071 0.171533
vt 0.723988 0.172139
vt 0.723386 0.170564
vt 0.724590 0.170322
vt 0.724590 0.168990
vt 0.723266 0.168869
vt 0.724951 0.167778
vt 0.723747 0.167173
vt 0.735784 0.152395
vt 0.736746 0.153243
vt 0.747940 0.137859
vt 0.748903 0.138707
vt 0.759134 0.122596
vt 0.760217 0.123323
vt 0.767559 0.110362
vt 0.766356 0.109756
vt 0.773698 0.096795
vt 0.772494 0.096310
vt 0.778512 0.082501
vt 0.777188 0.082138
vt 0.783568 0.057912
vt 0.784892 0.058154
vt 0.788021 0.033201
vt 0.789345 0.033443
vt 0.790428 0.008126
vt 0.791752 0.008126
vt 0.471226 0.778041
vt 0.467855 0.806507
vt 0.469902 0.777920
vt 0.472790 0.746063
vt 0.471466 0.746063
vt 0.471707 0.714084
vt 0.473031 0.714084
vt 0.470263 0.681984
vt 0.471587 0.681863
vt 0.467254 0.652912
vt 0.468578 0.652670
vt 0.462560 0.624083
vt 0.463884 0.623840
vt 0.455578 0.595495
vt 0.456782 0.595132
vt 0.447394 0.568846
vt 0.446190 0.569331
vt 0.434996 0.543893
vt 0.436200 0.543288
vt 0.421636 0.519546
vt 0.422840 0.518819
vt 0.415618 0.509128
vt 0.414535 0.509976
vt 0.406470 0.501255
vt 0.407313 0.500286
vt 0.397202 0.493866
vt 0.397804 0.492776
vt 0.392990 0.490232
vt 0.392508 0.491443
vt 0.387573 0.490111
vt 0.387814 0.488778
vt 0.382398 0.488415
vt 0.382398 0.489747
vt 0.377102 0.490111
vt 0.376861 0.488778
vt 0.371685 0.490232
vt 0.372167 0.491443
vt 0.367593 0.493866
vt 0.366871 0.492776
vt 0.357362 0.500286
vt 0.358205 0.501255
vt 0.349178 0.509128
vt 0.350140 0.509976
vt 0.343039 0.519546
vt 0.341956 0.518819
vt 0.328595 0.543288
vt 0.329679 0.543893
vt 0.317281 0.568846
vt 0.318485 0.569331
vt 0.309217 0.595495
vt 0.307893 0.595132
vt 0.300792 0.623840
vt 0.302116 0.624083
vt 0.296218 0.652670
vt 0.297421 0.652912
vt 0.293209 0.681863
vt 0.294533 0.681984
vt 0.291644 0.714084
vt 0.292968 0.714084
vt 0.291885 0.746063
vt 0.293209 0.746063
vt 0.294894 0.777920
vt 0.293570 0.778041
vt 0.296820 0.806507
vt 0.298144 0.806265
vt 0.301514 0.834489
vt 0.302717 0.834247
vt 0.305245 0.862470
vt 0.306569 0.862349
vt 0.310541 0.900990
vt 0.309217 0.901112
vt 0.312467 0.939510
vt 0.313791 0.939389
vt 0.313189 0.978151
vt 0.314513 0.978151
vt 0.466531 0.806265
vt 0.462680 0.834247
vt 0.464004 0.834489
vt 0.459430 0.862470
vt 0.458106 0.862349
vt 0.454134 0.900990
vt 0.455458 0.901112
vt 0.452208 0.939510
vt 0.450884 0.939389
vt 0.451486 0.978151
vt 0.450162 0.978151
vt 0.012522 0.990870
vt 0.013124 0.990628
vt 0.013244 0.991961
vt 0.012522 0.992082
vt 0.010837 0.993051
vt 0.010235 0.993778
vt 0.010115 0.993293
vt 0.058862 0.769562
vt 0.059825 0.769804
vt 0.058862 0.770047
vt 0.045742 0.765928
vt 0.045742 0.765565
vt 0.058862 0.756843
vt 0.045742 0.755995
vt 0.058862 0.756238
vt 0.059825 0.756117
vt 0.060306 0.723774
vt 0.059825 0.756843
vt 0.032503 0.762294
vt 0.045742 0.766292
vt 0.058862 0.770773
vt 0.059825 0.770289
vt 0.059825 0.771137
vt 0.059825 0.774165
vt 0.058862 0.774286
vt 0.058862 0.777072
vt 0.059825 0.777072
vt 0.059825 0.798270
vt 0.058862 0.798513
vt 0.059825 0.800572
vt 0.058862 0.800451
vt 0.058862 0.844664
vt 0.059825 0.844543
vt 0.059825 0.856535
vt 0.058862 0.856656
vt 0.058862 0.871192
vt 0.059825 0.871192
vt 0.058862 0.871555
vt 0.059825 0.871676
vt 0.059825 0.872282
vt 0.058862 0.872161
vt 0.059825 0.909712
vt 0.058862 0.909833
vt 0.059825 0.912013
vt 0.058862 0.911771
vt 0.059825 0.941570
vt 0.045742 0.773681
vt 0.032382 0.773438
vt 0.045742 0.911044
vt 0.045742 0.870344
vt 0.045742 0.869981
vt 0.035752 0.868164
vt 0.045742 0.869496
vt 0.045742 0.858473
vt 0.045742 0.857746
vt 0.045742 0.846481
vt 0.045742 0.845875
vt 0.045742 0.799724
vt 0.034910 0.847450
vt 0.034910 0.848056
vt 0.035391 0.859321
vt 0.035391 0.860048
vt 0.020466 0.861501
vt 0.020346 0.850236
vt 0.020346 0.849509
vt 0.032623 0.799118
vt 0.045742 0.797665
vt 0.045742 0.776224
vt 0.032623 0.775982
vt 0.032623 0.797059
vt 0.019503 0.798270
vt 0.018420 0.798634
vt 0.019383 0.849630
vt 0.019263 0.850357
vt 0.019503 0.861623
vt 0.019503 0.862349
vt 0.020466 0.862228
vt 0.019503 0.865862
vt 0.020466 0.865983
vt 0.017216 0.913467
vt 0.018059 0.914436
vt 0.016374 0.917949
vt 0.017578 0.917949
vt 0.016855 0.939874
vt 0.018059 0.939874
vt 0.017818 0.944598
vt 0.016855 0.944598
vt 0.015892 0.983481
vt 0.016976 0.983724
vt 0.016494 0.984935
vt 0.017939 0.985298
vt 0.020587 0.989780
vt 0.021068 0.988932
vt 0.021549 0.986510
vt 0.021670 0.985783
vt 0.034549 0.945567
vt 0.034789 0.941691
vt 0.034549 0.915163
vt 0.034910 0.912377
vt 0.045742 0.913830
vt 0.045742 0.941933
vt 0.045742 0.944961
vt 0.035752 0.989659
vt 0.023114 0.990265
vt 0.022633 0.990022
vt 0.022392 0.991597
vt 0.021188 0.988448
vt 0.023596 0.991718
vt 0.035752 0.990749
vt 0.047187 0.990386
vt 0.019383 0.796575
vt 0.051159 0.992082
vt 0.051520 0.995352
vt 0.047187 0.992808
vt 0.047187 0.992082
vt 0.047187 0.990628
vt 0.052844 0.993414
vt 0.052122 0.991355
vt 0.059705 0.994141
vt 0.059705 0.990507
vt 0.060667 0.990749
vt 0.061149 0.990265
vt 0.059705 0.990265
vt 0.060306 0.945204
vt 0.056936 0.995231
vt 0.060667 0.995110
vt 0.052122 0.989901
vt 0.051159 0.990507
vt 0.051159 0.990386
vt 0.058862 0.945082
vt 0.052122 0.989659
vt 0.058862 0.941570
vt 0.032382 0.704272
vt 0.022031 0.704272
vt 0.032743 0.645886
vt 0.045742 0.649641
vt 0.045742 0.646129
vt 0.058862 0.650005
vt 0.058862 0.653639
vt 0.045742 0.705604
vt 0.020587 0.703909
vt 0.021429 0.648551
vt 0.022392 0.648188
vt 0.032743 0.642495
vt 0.021429 0.644675
vt 0.022392 0.644796
vt 0.022031 0.620933
vt 0.021068 0.621054
vt 0.020707 0.615967
vt 0.021790 0.615967
vt 0.020707 0.554553
vt 0.035512 0.617541
vt 0.035632 0.621297
vt 0.019744 0.554674
vt 0.045742 0.621539
vt 0.045020 0.617178
vt 0.036474 0.553584
vt 0.036474 0.552736
vt 0.035632 0.538927
vt 0.018781 0.539290
vt 0.017698 0.539290
vt 0.019142 0.520878
vt 0.018059 0.520878
vt 0.019022 0.519546
vt 0.017939 0.519546
vt 0.019263 0.506827
vt 0.018179 0.506948
vt 0.018300 0.505616
vt 0.019383 0.505616
vt 0.019142 0.478603
vt 0.036354 0.506585
vt 0.035993 0.518577
vt 0.035993 0.520394
vt 0.035752 0.538200
vt 0.044900 0.538563
vt 0.044900 0.551888
vt 0.044900 0.552857
vt 0.045742 0.617057
vt 0.046224 0.617057
vt 0.058862 0.616572
vt 0.046224 0.552736
vt 0.045742 0.552857
vt 0.045742 0.551888
vt 0.045742 0.538563
vt 0.046224 0.551888
vt 0.058862 0.552130
vt 0.059825 0.616330
vt 0.059825 0.552009
vt 0.058862 0.551040
vt 0.059825 0.550919
vt 0.058862 0.538200
vt 0.059825 0.538200
vt 0.059825 0.537110
vt 0.058862 0.537231
vt 0.046344 0.538563
vt 0.046344 0.537715
vt 0.045742 0.537715
vt 0.044900 0.537715
vt 0.044900 0.519667
vt 0.045742 0.519546
vt 0.046344 0.519546
vt 0.058862 0.518819
vt 0.059825 0.518819
vt 0.058862 0.517971
vt 0.059825 0.517971
vt 0.059825 0.505373
vt 0.058862 0.505373
vt 0.059825 0.504525
vt 0.046344 0.518213
vt 0.045742 0.518213
vt 0.044900 0.518213
vt 0.044780 0.506100
vt 0.045742 0.505979
vt 0.046344 0.505979
vt 0.058862 0.504525
vt 0.059825 0.479572
vt 0.058862 0.479572
vt 0.059945 0.476907
vt 0.046344 0.504768
vt 0.045742 0.504768
vt 0.044780 0.504768
vt 0.036354 0.505010
vt 0.037197 0.479088
vt 0.020225 0.478361
vt 0.019985 0.476423
vt 0.018901 0.476423
vt 0.019142 0.452802
vt 0.020225 0.452439
vt 0.019985 0.450622
vt 0.018901 0.450622
vt 0.018059 0.394174
vt 0.016855 0.394053
vt 0.018300 0.391994
vt 0.017216 0.391994
vt 0.018420 0.379396
vt 0.017337 0.379154
vt 0.018300 0.378185
vt 0.017216 0.378427
vt 0.012282 0.324523
vt 0.013365 0.324160
vt 0.013365 0.321131
vt 0.012161 0.321253
vt 0.013124 0.300297
vt 0.012041 0.300902
vt 0.013124 0.297147
vt 0.012041 0.297147
vt 0.013606 0.215747
vt 0.012522 0.215747
vt 0.013967 0.203391
vt 0.012883 0.203391
vt 0.016133 0.176379
vt 0.017216 0.176258
vt 0.017939 0.169838
vt 0.016855 0.169838
vt 0.016013 0.142946
vt 0.017096 0.142583
vt 0.017216 0.140160
vt 0.016133 0.139676
vt 0.016735 0.117145
vt 0.015652 0.117024
vt 0.016735 0.116661
vt 0.015652 0.116540
vt 0.016735 0.106607
vt 0.015531 0.106486
vt 0.015531 0.105759
vt 0.016735 0.105880
vt 0.015170 0.029688
vt 0.016254 0.029082
vt 0.014448 0.027386
vt 0.015772 0.027144
vt 0.014689 0.007157
vt 0.027568 0.027508
vt 0.028410 0.029809
vt 0.033586 0.107939
vt 0.033586 0.108666
vt 0.033827 0.119204
vt 0.033827 0.119931
vt 0.034549 0.144400
vt 0.034549 0.146944
vt 0.034308 0.171533
vt 0.034067 0.176136
vt 0.032141 0.203028
vt 0.032141 0.203633
vt 0.032021 0.214414
vt 0.032021 0.215868
vt 0.030817 0.298238
vt 0.030817 0.301145
vt 0.030938 0.322101
vt 0.029855 0.325492
vt 0.034669 0.379638
vt 0.034549 0.381092
vt 0.034428 0.392115
vt 0.034549 0.394659
vt 0.036595 0.450622
vt 0.036956 0.453044
vt 0.036715 0.476665
vt 0.044780 0.476786
vt 0.044780 0.453408
vt 0.044780 0.450985
vt 0.044900 0.394659
vt 0.044900 0.392842
vt 0.044780 0.382061
vt 0.044780 0.380607
vt 0.046104 0.325977
vt 0.046104 0.323070
vt 0.045983 0.301387
vt 0.047187 0.301387
vt 0.047187 0.298359
vt 0.047187 0.323070
vt 0.047187 0.326825
vt 0.045742 0.380728
vt 0.045742 0.382182
vt 0.045742 0.392842
vt 0.045742 0.394537
vt 0.045742 0.450500
vt 0.045742 0.453408
vt 0.045742 0.476544
vt 0.044780 0.479088
vt 0.045742 0.479330
vt 0.046465 0.479572
vt 0.058982 0.477392
vt 0.046465 0.476665
vt 0.046465 0.453287
vt 0.046344 0.450137
vt 0.059825 0.453287
vt 0.060908 0.453408
vt 0.061029 0.450016
vt 0.059945 0.450379
vt 0.058260 0.394537
vt 0.046465 0.394537
vt 0.046465 0.392963
vt 0.046465 0.382182
vt 0.046465 0.380728
vt 0.047909 0.326825
vt 0.048029 0.323070
vt 0.048150 0.301387
vt 0.058501 0.298601
vt 0.058501 0.301750
vt 0.058019 0.324523
vt 0.057899 0.327794
vt 0.059343 0.394659
vt 0.059103 0.324039
vt 0.059584 0.301508
vt 0.059705 0.298116
vt 0.060306 0.215504
vt 0.047187 0.215626
vt 0.047187 0.214656
vt 0.047187 0.203512
vt 0.047187 0.202907
vt 0.047187 0.176015
vt 0.047187 0.172745
vt 0.047187 0.149366
vt 0.047187 0.147307
vt 0.047187 0.121991
vt 0.047187 0.121143
vt 0.045742 0.110362
vt 0.045742 0.109635
vt 0.043576 0.030778
vt 0.043576 0.028234
vt 0.066926 0.029809
vt 0.066926 0.032353
vt 0.062473 0.111452
vt 0.062353 0.112179
vt 0.062232 0.123202
vt 0.062112 0.124050
vt 0.061630 0.149972
vt 0.061630 0.151668
vt 0.061149 0.173714
vt 0.061029 0.175894
vt 0.060547 0.202664
vt 0.060547 0.203270
vt 0.060306 0.214899
vt 0.061390 0.215504
vt 0.061390 0.214899
vt 0.061630 0.203391
vt 0.061630 0.202664
vt 0.062232 0.175894
vt 0.062232 0.173714
vt 0.062714 0.152031
vt 0.062714 0.149851
vt 0.063315 0.124292
vt 0.063315 0.123444
vt 0.063556 0.112421
vt 0.063556 0.111573
vt 0.067889 0.032474
vt 0.067889 0.029325
vt 0.066926 0.009943
vt 0.043576 0.008611
vt 0.028290 0.027265
vt 0.029132 0.007763
vt 0.043576 0.006067
vt 0.028651 0.005219
vt 0.028531 0.007642
vt 0.028410 0.004492
vt 0.027929 0.004371
vt 0.028290 0.008126
vt 0.015892 0.006673
vt 0.015411 0.003281
vt 0.014809 0.003160
vt 0.067889 0.009943
vt 0.067889 0.007036
vt 0.066926 0.007400
vt 0.027808 0.027508
vt 0.022031 0.705362
vt 0.020587 0.705241
vt 0.020827 0.716506
vt 0.022272 0.716749
vt 0.020827 0.719050
vt 0.022151 0.719414
vt 0.020948 0.758781
vt 0.022151 0.758903
vt 0.020827 0.772954
vt 0.021790 0.772954
vt 0.021068 0.775861
vt 0.022031 0.775498
vt 0.018300 0.796453
vt 0.032623 0.756359
vt 0.045742 0.755632
vt 0.058862 0.723653
vt 0.045742 0.722321
vt 0.032262 0.720867
vt 0.032864 0.718444
vt 0.032984 0.705604
vt 0.045742 0.706937
vt 0.045742 0.720504
vt 0.058862 0.721715
vt 0.060667 0.720625
vt 0.060667 0.710207
vt 0.058862 0.708390
vt 0.058862 0.706695
vt 0.059825 0.653881
vt 0.059825 0.649641
vt 0.058862 0.621660
vt 0.059825 0.707179
vt 0.059825 0.621660
vt 0.142153 0.025691
vt 0.141792 0.022905
vt 0.144079 0.027871
vt 0.143718 0.018544
vt 0.144681 0.028477
vt 0.144079 0.017696
vt 0.149014 0.033564
vt 0.147088 0.011397
vt 0.058501 0.381576
vt 0.058501 0.382788
vt 0.058260 0.393811
vt 0.059343 0.393932
vt 0.059584 0.382909
vt 0.059584 0.381698
vt 0.059103 0.327794
vt 0.084259 0.981785
vt 0.082814 0.981543
vt 0.081129 0.912740
vt 0.094008 0.913104
vt 0.094128 0.912740
vt 0.094489 0.913104
vt 0.094610 0.912861
vt 0.096536 0.982876
vt 0.079805 0.913709
vt 0.080287 0.911650
vt 0.079444 0.912135
vt 0.080166 0.911287
vt 0.078602 0.911165
vt 0.079444 0.877854
vt 0.080648 0.877854
vt 0.080648 0.876158
vt 0.079324 0.876037
vt 0.080527 0.856656
vt 0.079324 0.857141
vt 0.080046 0.854839
vt 0.078963 0.855081
vt 0.079685 0.837033
vt 0.078602 0.837154
vt 0.079444 0.836185
vt 0.078361 0.836306
vt 0.079324 0.825889
vt 0.078120 0.826010
vt 0.078120 0.825162
vt 0.079203 0.825041
vt 0.078602 0.809536
vt 0.077518 0.809657
vt 0.078361 0.808688
vt 0.077398 0.808688
vt 0.078481 0.798149
vt 0.077398 0.798149
vt 0.078361 0.797180
vt 0.077278 0.797180
vt 0.081009 0.768956
vt 0.079685 0.768593
vt 0.080768 0.767987
vt 0.081611 0.768714
vt 0.081009 0.767624
vt 0.081851 0.768109
vt 0.081129 0.752725
vt 0.080287 0.752967
vt 0.080527 0.750787
vt 0.081250 0.751029
vt 0.081250 0.730558
vt 0.080407 0.730679
vt 0.080648 0.728498
vt 0.081490 0.728741
vt 0.081490 0.688040
vt 0.080166 0.688040
vt 0.081370 0.687071
vt 0.080166 0.686950
vt 0.081370 0.676533
vt 0.080287 0.676533
vt 0.080407 0.675443
vt 0.081490 0.675564
vt 0.080407 0.634258
vt 0.081490 0.634015
vt 0.081009 0.631835
vt 0.079805 0.632077
vt 0.083296 0.618026
vt 0.081731 0.618268
vt 0.083175 0.617663
vt 0.081731 0.617663
vt 0.082574 0.616694
vt 0.083777 0.616936
vt 0.083175 0.606397
vt 0.082092 0.606882
vt 0.083175 0.604580
vt 0.081972 0.604459
vt 0.084981 0.561336
vt 0.083777 0.561215
vt 0.084860 0.548739
vt 0.083657 0.548617
vt 0.083175 0.507433
vt 0.084379 0.507311
vt 0.083175 0.503799
vt 0.084379 0.504162
vt 0.084379 0.479693
vt 0.082935 0.479936
vt 0.084138 0.476423
vt 0.083055 0.475938
vt 0.083898 0.380971
vt 0.082694 0.381092
vt 0.083055 0.377942
vt 0.084259 0.378185
vt 0.096776 0.383272
vt 0.096776 0.479330
vt 0.096897 0.482843
vt 0.097017 0.506342
vt 0.097258 0.508886
vt 0.097499 0.551161
vt 0.097739 0.563517
vt 0.095693 0.607124
vt 0.096054 0.609789
vt 0.096295 0.618389
vt 0.096295 0.618995
vt 0.096415 0.619358
vt 0.094008 0.632804
vt 0.094249 0.635469
vt 0.094128 0.677138
vt 0.094128 0.677986
vt 0.094008 0.688040
vt 0.094851 0.773075
vt 0.094249 0.677138
vt 0.094489 0.677138
vt 0.094369 0.677986
vt 0.094128 0.688161
vt 0.094008 0.688888
vt 0.093527 0.729589
vt 0.094128 0.688888
vt 0.094369 0.688161
vt 0.111340 0.679198
vt 0.111340 0.678592
vt 0.111340 0.636680
vt 0.110257 0.633773
vt 0.110257 0.620691
vt 0.110257 0.620328
vt 0.110257 0.619843
vt 0.110377 0.612817
vt 0.110377 0.609668
vt 0.114710 0.566424
vt 0.110738 0.610395
vt 0.110738 0.612938
vt 0.110738 0.619843
vt 0.110738 0.620328
vt 0.110738 0.620570
vt 0.110738 0.633652
vt 0.111340 0.620691
vt 0.111340 0.620328
vt 0.111340 0.619843
vt 0.111340 0.613181
vt 0.111340 0.610758
vt 0.136015 0.570300
vt 0.136015 0.614271
vt 0.136978 0.613786
vt 0.136015 0.616088
vt 0.136978 0.570421
vt 0.136015 0.567877
vt 0.114710 0.565212
vt 0.114710 0.554068
vt 0.136978 0.567999
vt 0.136978 0.558308
vt 0.136015 0.558308
vt 0.136978 0.557097
vt 0.136015 0.556975
vt 0.136978 0.512762
vt 0.136015 0.512762
vt 0.136978 0.510824
vt 0.114710 0.553463
vt 0.114710 0.511914
vt 0.136015 0.511309
vt 0.136015 0.490595
vt 0.136978 0.490595
vt 0.136978 0.488415
vt 0.136015 0.488778
vt 0.136015 0.388481
vt 0.136978 0.388723
vt 0.136978 0.386543
vt 0.136015 0.386785
vt 0.136015 0.364981
vt 0.136978 0.364981
vt 0.136978 0.354443
vt 0.136015 0.354927
vt 0.136015 0.255599
vt 0.136978 0.255478
vt 0.136978 0.249542
vt 0.136015 0.250027
vt 0.136015 0.224832
vt 0.136978 0.225074
vt 0.136978 0.219865
vt 0.136015 0.220229
vt 0.136015 0.134104
vt 0.136978 0.134225
vt 0.136978 0.121748
vt 0.136015 0.121748
vt 0.136978 0.119326
vt 0.136015 0.119568
vt 0.136015 0.095220
vt 0.136978 0.095220
vt 0.136978 0.092798
vt 0.136015 0.092798
vt 0.136015 0.011155
vt 0.114710 0.092919
vt 0.114710 0.095341
vt 0.114710 0.118962
vt 0.114710 0.121385
vt 0.114710 0.131439
vt 0.114710 0.219260
vt 0.114710 0.223620
vt 0.114710 0.248816
vt 0.114710 0.254388
vt 0.114710 0.352020
vt 0.114710 0.360378
vt 0.114710 0.382909
vt 0.114710 0.386179
vt 0.114710 0.483570
vt 0.114710 0.486961
vt 0.114710 0.509128
vt 0.136978 0.010549
vt 0.111581 0.486356
vt 0.111581 0.484296
vt 0.111822 0.385574
vt 0.113627 0.483570
vt 0.113627 0.487082
vt 0.113266 0.386179
vt 0.113266 0.382667
vt 0.113266 0.360257
vt 0.111701 0.383030
vt 0.097137 0.380365
vt 0.097258 0.359167
vt 0.085823 0.357834
vt 0.086184 0.356381
vt 0.084860 0.356381
vt 0.085462 0.355654
vt 0.086546 0.355775
vt 0.085222 0.352626
vt 0.086305 0.352505
vt 0.084860 0.348992
vt 0.084499 0.357834
vt 0.097017 0.353958
vt 0.111701 0.359651
vt 0.113266 0.351899
vt 0.113266 0.254267
vt 0.113266 0.248695
vt 0.111822 0.249300
vt 0.111822 0.253661
vt 0.111822 0.352262
vt 0.096656 0.350445
vt 0.085944 0.349113
vt 0.080166 0.247604
vt 0.078722 0.247847
vt 0.079564 0.245182
vt 0.078361 0.245061
vt 0.077639 0.223378
vt 0.078602 0.223015
vt 0.078240 0.221076
vt 0.077037 0.220955
vt 0.077879 0.127199
vt 0.076796 0.127199
vt 0.075954 0.125746
vt 0.074870 0.125988
vt 0.075833 0.125140
vt 0.074509 0.125019
vt 0.076796 0.117509
vt 0.077759 0.117387
vt 0.077518 0.115570
vt 0.076435 0.115449
vt 0.077759 0.095341
vt 0.076796 0.095341
vt 0.077879 0.092677
vt 0.076796 0.092798
vt 0.075472 0.027265
vt 0.076676 0.026175
vt 0.075954 0.025569
vt 0.077398 0.024479
vt 0.076315 0.024600
vt 0.077639 0.023631
vt 0.076555 0.020603
vt 0.077639 0.020118
vt 0.076555 0.020240
vt 0.077639 0.019513
vt 0.076555 0.019634
vt 0.077639 0.018907
vt 0.076555 0.013820
vt 0.077879 0.013093
vt 0.076676 0.013093
vt 0.077879 0.012245
vt 0.076796 0.009217
vt 0.077879 0.009822
vt 0.081009 0.008490
vt 0.081851 0.008490
vt 0.087629 0.008853
vt 0.088231 0.008974
vt 0.083055 0.015879
vt 0.083416 0.015637
vt 0.083777 0.015637
vt 0.088712 0.008974
vt 0.089073 0.007642
vt 0.088351 0.007521
vt 0.082092 0.007279
vt 0.081370 0.007279
vt 0.078722 0.007400
vt 0.079444 0.008490
vt 0.078481 0.007521
vt 0.077037 0.008853
vt 0.089314 0.007642
vt 0.093647 0.009459
vt 0.093165 0.092798
vt 0.093286 0.095341
vt 0.094489 0.117509
vt 0.094610 0.119931
vt 0.094249 0.128168
vt 0.094249 0.128774
vt 0.094249 0.129137
vt 0.094489 0.008974
vt 0.094610 0.117509
vt 0.094128 0.095341
vt 0.094369 0.092798
vt 0.094249 0.009338
vt 0.094730 0.009701
vt 0.114710 0.009822
vt 0.094971 0.092919
vt 0.094971 0.095341
vt 0.114710 0.010791
vt 0.136015 0.010307
vt 0.094128 0.912498
vt 0.094730 0.879792
vt 0.094730 0.912498
vt 0.095212 0.912861
vt 0.097258 0.982876
vt 0.097739 0.983724
vt 0.112424 0.984571
vt 0.114710 0.913588
vt 0.136015 0.915042
vt 0.136015 0.985904
vt 0.136978 0.985541
vt 0.136978 0.915163
vt 0.136978 0.883426
vt 0.136015 0.882942
vt 0.136978 0.880398
vt 0.114710 0.881125
vt 0.096415 0.878823
vt 0.095332 0.879429
vt 0.094730 0.875432
vt 0.095091 0.858110
vt 0.094369 0.855566
vt 0.095212 0.858110
vt 0.095452 0.875189
vt 0.096415 0.876037
vt 0.095452 0.857867
vt 0.114710 0.859321
vt 0.114710 0.857019
vt 0.114710 0.878218
vt 0.136015 0.880761
vt 0.136978 0.860048
vt 0.136015 0.860048
vt 0.136978 0.857019
vt 0.136015 0.857504
vt 0.136015 0.835579
vt 0.136978 0.835458
vt 0.136978 0.834973
vt 0.136015 0.835095
vt 0.136978 0.825767
vt 0.136015 0.825889
vt 0.136978 0.824919
vt 0.136015 0.824919
vt 0.136978 0.807719
vt 0.136015 0.807840
vt 0.136978 0.806992
vt 0.136015 0.807113
vt 0.136978 0.798513
vt 0.136015 0.798634
vt 0.136978 0.797786
vt 0.136015 0.797786
vt 0.136978 0.783614
vt 0.136015 0.783492
vt 0.136978 0.755753
vt 0.136015 0.755632
vt 0.136015 0.754178
vt 0.111340 0.753088
vt 0.136015 0.736735
vt 0.111340 0.734555
vt 0.136015 0.734192
vt 0.136978 0.736978
vt 0.136978 0.734070
vt 0.136015 0.690947
vt 0.136978 0.690947
vt 0.136978 0.681136
vt 0.136015 0.681015
vt 0.136978 0.636680
vt 0.136015 0.636559
vt 0.136978 0.634621
vt 0.136015 0.635227
vt 0.136978 0.620691
vt 0.136015 0.621054
vt 0.136978 0.615725
vt 0.136978 0.754178
vt 0.111340 0.633773
vt 0.111340 0.689009
vt 0.094369 0.688888
vt 0.111340 0.689736
vt 0.095091 0.730800
vt 0.094008 0.729831
vt 0.093165 0.732738
vt 0.093647 0.752240
vt 0.111340 0.732496
vt 0.095091 0.732617
vt 0.093647 0.732738
vt 0.094128 0.752361
vt 0.093767 0.755026
vt 0.095332 0.773196
vt 0.094249 0.755026
vt 0.095091 0.752846
vt 0.111340 0.754905
vt 0.095332 0.754542
vt 0.095934 0.773196
vt 0.111340 0.778163
vt 0.114710 0.798028
vt 0.114710 0.798876
vt 0.114710 0.808082
vt 0.114710 0.808930
vt 0.114710 0.825283
vt 0.114710 0.826252
vt 0.114710 0.835579
vt 0.114710 0.836306
vt 0.097980 0.836548
vt 0.097860 0.835943
vt 0.097619 0.826010
vt 0.097499 0.825283
vt 0.096897 0.809415
vt 0.096656 0.808446
vt 0.096656 0.798634
vt 0.096415 0.797665
vt 0.090999 0.220592
vt 0.091240 0.222772
vt 0.091962 0.247120
vt 0.092082 0.219502
vt 0.092804 0.219502
vt 0.093045 0.223136
vt 0.093406 0.246756
vt 0.093286 0.250633
vt 0.093045 0.246514
vt 0.092323 0.223257
vt 0.253008 0.059486
vt 0.259868 0.065301
vt 0.252646 0.060455
vt 0.244101 0.058760
vt 0.260711 0.064574
vt 0.264683 0.072569
vt 0.265766 0.072205
vt 0.266368 0.081169
vt 0.267571 0.081169
vt 0.264683 0.089769
vt 0.265766 0.090133
vt 0.259868 0.096916
vt 0.260711 0.097764
vt 0.253008 0.102852
vt 0.252646 0.101761
vt 0.244101 0.103457
vt 0.244101 0.104669
vt 0.235073 0.102852
vt 0.235555 0.101761
vt 0.228213 0.096916
vt 0.227491 0.097764
vt 0.222315 0.090133
vt 0.223398 0.089769
vt 0.220510 0.081169
vt 0.221713 0.081169
vt 0.222315 0.072205
vt 0.223398 0.072569
vt 0.227491 0.064574
vt 0.228213 0.065301
vt 0.235073 0.059486
vt 0.235555 0.060455
vt 0.244101 0.057669
vt 0.585209 0.397687
vt 0.588098 0.401927
vt 0.586654 0.402532
vt 0.584126 0.398777
vt 0.580997 0.394780
vt 0.580395 0.396233
vt 0.575941 0.393811
vt 0.575941 0.395385
vt 0.571488 0.396233
vt 0.570886 0.394780
vt 0.567757 0.398777
vt 0.566674 0.397687
vt 0.565229 0.402532
vt 0.563785 0.401927
vt 0.562822 0.407014
vt 0.564387 0.407014
vt 0.565229 0.411375
vt 0.563785 0.411981
vt 0.566674 0.416220
vt 0.567757 0.415130
vt 0.571488 0.417674
vt 0.570886 0.419127
vt 0.575941 0.420096
vt 0.575941 0.418522
vt 0.580395 0.417674
vt 0.580997 0.419127
vt 0.585209 0.416220
vt 0.584126 0.415130
vt 0.586654 0.411375
vt 0.588098 0.411981
vt 0.589061 0.407014
vt 0.587496 0.407014
vt 0.859637 0.365950
vt 0.853739 0.364739
vt 0.859637 0.364376
vt 0.865535 0.364739
vt 0.864933 0.363285
vt 0.870590 0.361347
vt 0.869507 0.360257
vt 0.873960 0.356381
vt 0.872516 0.355775
vt 0.875164 0.350445
vt 0.873479 0.350445
vt 0.872516 0.345116
vt 0.873960 0.344510
vt 0.869507 0.340634
vt 0.870590 0.339544
vt 0.864933 0.337605
vt 0.865535 0.336152
vt 0.859637 0.336515
vt 0.859637 0.334941
vt 0.853739 0.336152
vt 0.854341 0.337605
vt 0.848684 0.339544
vt 0.849767 0.340634
vt 0.845314 0.344510
vt 0.846758 0.345116
vt 0.844110 0.350445
vt 0.845675 0.350445
vt 0.846758 0.355775
vt 0.845314 0.356381
vt 0.849767 0.360257
vt 0.848684 0.361347
vt 0.854341 0.363285
vt 0.557887 0.299570
vt 0.556322 0.292060
vt 0.559331 0.298964
vt 0.558007 0.292060
vt 0.557887 0.284550
vt 0.559331 0.285155
vt 0.562100 0.305990
vt 0.563183 0.304779
vt 0.568479 0.310230
vt 0.569081 0.308776
vt 0.575941 0.311683
vt 0.575941 0.310108
vt 0.583404 0.310230
vt 0.582802 0.308776
vt 0.588700 0.304779
vt 0.589783 0.305990
vt 0.592552 0.298964
vt 0.594116 0.299570
vt 0.595561 0.292060
vt 0.593996 0.292060
vt 0.594116 0.284550
vt 0.592552 0.285155
vt 0.589783 0.278251
vt 0.588700 0.279341
vt 0.582802 0.275465
vt 0.583404 0.274011
vt 0.575941 0.274132
vt 0.575941 0.272558
vt 0.568479 0.274011
vt 0.569081 0.275465
vt 0.562100 0.278251
vt 0.563183 0.279341
vt 0.571729 0.446503
vt 0.575941 0.445655
vt 0.572331 0.447957
vt 0.567998 0.448926
vt 0.569201 0.450016
vt 0.567035 0.453165
vt 0.565590 0.452560
vt 0.564748 0.456799
vt 0.566312 0.456921
vt 0.565590 0.461160
vt 0.567035 0.460554
vt 0.567998 0.464794
vt 0.569201 0.463704
vt 0.572331 0.465763
vt 0.571729 0.467217
vt 0.575941 0.468065
vt 0.575941 0.466490
vt 0.579673 0.465763
vt 0.580275 0.467217
vt 0.583885 0.464794
vt 0.582802 0.463704
vt 0.584848 0.460554
vt 0.586293 0.461160
vt 0.585571 0.456921
vt 0.587135 0.456799
vt 0.584848 0.453165
vt 0.586293 0.452560
vt 0.583885 0.448926
vt 0.582802 0.450016
vt 0.579673 0.447957
vt 0.580275 0.446503
vt 0.575941 0.447230
vt 0.510584 0.193701
vt 0.503363 0.180134
vt 0.504807 0.179528
vt 0.511908 0.192853
vt 0.520334 0.205572
vt 0.521537 0.204481
vt 0.532250 0.215383
vt 0.533213 0.214051
vt 0.546453 0.221198
vt 0.545851 0.222651
vt 0.560655 0.227133
vt 0.560896 0.225558
vt 0.575941 0.228587
vt 0.575941 0.227012
vt 0.590987 0.225558
vt 0.591348 0.227133
vt 0.605430 0.221198
vt 0.606032 0.222651
vt 0.619633 0.215383
vt 0.618791 0.214051
vt 0.630466 0.204481
vt 0.631549 0.205572
vt 0.639975 0.192853
vt 0.641299 0.193701
vt 0.647196 0.179528
vt 0.648520 0.180134
vt 0.653094 0.165356
vt 0.651529 0.164992
vt 0.652974 0.149972
vt 0.654539 0.149972
vt 0.651529 0.134952
vt 0.653094 0.134709
vt 0.647196 0.120537
vt 0.648520 0.119931
vt 0.639975 0.107212
vt 0.641299 0.106364
vt 0.631549 0.094372
vt 0.630466 0.095584
vt 0.619633 0.084682
vt 0.618791 0.085893
vt 0.606032 0.077414
vt 0.605430 0.078867
vt 0.591348 0.072932
vt 0.590987 0.074507
vt 0.575941 0.072932
vt 0.575941 0.071357
vt 0.560655 0.072932
vt 0.560896 0.074507
vt 0.545851 0.077414
vt 0.546453 0.078867
vt 0.533213 0.085893
vt 0.532250 0.084682
vt 0.521537 0.095584
vt 0.520334 0.094372
vt 0.511908 0.107212
vt 0.510584 0.106364
vt 0.503363 0.119931
vt 0.504807 0.120537
vt 0.498909 0.134709
vt 0.500354 0.134952
vt 0.497344 0.149972
vt 0.498909 0.149972
vt 0.498909 0.165356
vt 0.500354 0.164992
vt 0.581839 0.364618
vt 0.575941 0.365708
vt 0.575941 0.364254
vt 0.581237 0.363164
vt 0.570044 0.364618
vt 0.570646 0.363164
vt 0.564988 0.361226
vt 0.566192 0.360136
vt 0.561618 0.356260
vt 0.563063 0.355654
vt 0.560535 0.350324
vt 0.562100 0.350324
vt 0.563063 0.344995
vt 0.561618 0.344389
vt 0.566192 0.340513
vt 0.564988 0.339301
vt 0.570646 0.337484
vt 0.570044 0.336031
vt 0.575941 0.336394
vt 0.575941 0.334819
vt 0.581839 0.336031
vt 0.581237 0.337484
vt 0.586895 0.339301
vt 0.585811 0.340513
vt 0.590265 0.344389
vt 0.588820 0.344995
vt 0.591468 0.350324
vt 0.589904 0.350324
vt 0.588820 0.355654
vt 0.590265 0.356260
vt 0.585811 0.360136
vt 0.586895 0.361226
vt 0.859637 0.994020
vt 0.333651 0.846965
vt 0.336539 0.849025
vt 0.331605 0.844058
vt 0.331003 0.840546
vt 0.340030 0.849630
vt 0.373250 0.888998
vt 0.343521 0.849025
vt 0.346409 0.846965
vt 0.348455 0.844058
vt 0.349057 0.840546
vt 0.349057 0.650126
vt 0.373250 0.603248
vt 0.348455 0.646613
vt 0.346409 0.643706
vt 0.373972 0.599856
vt 0.343521 0.641768
vt 0.365788 0.564001
vt 0.375898 0.596828
vt 0.373371 0.569089
vt 0.378907 0.594890
vt 0.382398 0.570906
vt 0.382398 0.594163
vt 0.385888 0.594890
vt 0.391305 0.569089
vt 0.388777 0.596828
vt 0.399008 0.564001
vt 0.421155 0.641768
vt 0.390703 0.599856
vt 0.391425 0.603248
vt 0.418266 0.643706
vt 0.416340 0.646613
vt 0.415618 0.650126
vt 0.415618 0.840546
vt 0.391425 0.888998
vt 0.416340 0.844058
vt 0.418266 0.846965
vt 0.421155 0.849025
vt 0.424645 0.849630
vt 0.428136 0.849025
vt 0.431145 0.846965
vt 0.433071 0.844058
vt 0.433793 0.840546
vt 0.390703 0.892390
vt 0.433793 0.650126
vt 0.433071 0.646613
vt 0.431145 0.643706
vt 0.428136 0.641768
vt 0.424645 0.641041
vt 0.404063 0.556370
vt 0.405869 0.547285
vt 0.404063 0.538321
vt 0.399008 0.530690
vt 0.391305 0.525602
vt 0.382398 0.523785
vt 0.373371 0.525602
vt 0.365788 0.530690
vt 0.360612 0.538321
vt 0.358807 0.547285
vt 0.360612 0.556370
vt 0.340030 0.641041
vt 0.336539 0.641768
vt 0.333651 0.643706
vt 0.331605 0.646613
vt 0.331003 0.650126
vt 0.373972 0.892390
vt 0.375898 0.895418
vt 0.378907 0.897356
vt 0.383481 0.978273
vt 0.382398 0.898083
vt 0.385888 0.897356
vt 0.388777 0.895418
vt 0.154912 0.279825
vt 0.154671 0.247847
vt 0.156597 0.311804
vt 0.159847 0.340028
vt 0.192706 0.374430
vt 0.163698 0.368010
vt 0.193307 0.377821
vt 0.168272 0.396112
vt 0.195354 0.380850
vt 0.172244 0.434753
vt 0.198242 0.382788
vt 0.201733 0.383515
vt 0.234953 0.422761
vt 0.205223 0.382788
vt 0.208112 0.380850
vt 0.210158 0.377821
vt 0.210760 0.374430
vt 0.210760 0.183889
vt 0.234953 0.137132
vt 0.210158 0.180497
vt 0.208112 0.177469
vt 0.205223 0.175531
vt 0.235675 0.133619
vt 0.237601 0.130712
vt 0.240610 0.128653
vt 0.244101 0.128047
vt 0.247471 0.128653
vt 0.250480 0.130712
vt 0.252406 0.133619
vt 0.282858 0.175531
vt 0.253128 0.137132
vt 0.279969 0.177469
vt 0.278043 0.180497
vt 0.277321 0.183889
vt 0.277321 0.374430
vt 0.253128 0.422761
vt 0.278043 0.377821
vt 0.279969 0.380850
vt 0.282858 0.382788
vt 0.315837 0.434753
vt 0.286348 0.383515
vt 0.289839 0.382788
vt 0.292848 0.380850
vt 0.319809 0.396112
vt 0.294773 0.377821
vt 0.295496 0.374430
vt 0.323661 0.368010
vt 0.333410 0.247847
vt 0.333169 0.279825
vt 0.328234 0.340149
vt 0.331605 0.311804
vt 0.192706 0.183889
vt 0.252406 0.426274
vt 0.331966 0.215747
vt 0.295496 0.183889
vt 0.328957 0.186675
vt 0.294773 0.180497
vt 0.324262 0.157846
vt 0.292848 0.177469
vt 0.317281 0.129380
vt 0.289839 0.175531
vt 0.307893 0.103094
vt 0.286348 0.174925
vt 0.296699 0.077656
vt 0.283339 0.053309
vt 0.276238 0.043739
vt 0.268173 0.035018
vt 0.258905 0.027629
vt 0.254211 0.025327
vt 0.249276 0.023874
vt 0.244101 0.023510
vt 0.238805 0.023874
vt 0.233870 0.025327
vt 0.229296 0.027629
vt 0.219908 0.035018
vt 0.211843 0.043739
vt 0.204742 0.053309
vt 0.191382 0.077656
vt 0.201733 0.174925
vt 0.180188 0.103094
vt 0.198242 0.175531
vt 0.170920 0.129380
vt 0.195354 0.177469
vt 0.163819 0.157846
vt 0.193307 0.180497
vt 0.159124 0.186675
vt 0.156236 0.215747
vt 0.235675 0.426274
vt 0.237601 0.429181
vt 0.175494 0.473273
vt 0.240610 0.431119
vt 0.176216 0.512036
vt 0.245184 0.512036
vt 0.244101 0.431846
vt 0.247471 0.431119
vt 0.311865 0.512036
vt 0.312587 0.473273
vt 0.250480 0.429181
vt 0.534777 0.315923
vt 0.528518 0.293998
vt 0.522741 0.281885
vt 0.516482 0.272800
vt 0.522380 0.282127
vt 0.528037 0.294119
vt 0.534176 0.316044
vt 0.538629 0.348992
vt 0.539351 0.348992
vt 0.541518 0.380850
vt 0.540916 0.380971
vt 0.543925 0.429302
vt 0.544647 0.429302
vt 0.547175 0.480299
vt 0.548017 0.480299
vt 0.551628 0.535535
vt 0.552591 0.535414
vt 0.557165 0.596343
vt 0.558128 0.596343
vt 0.563905 0.653760
vt 0.564868 0.653760
vt 0.571007 0.710813
vt 0.571970 0.710813
vt 0.575941 0.737583
vt 0.579913 0.710813
vt 0.580876 0.710813
vt 0.587015 0.653760
vt 0.593876 0.596343
vt 0.587978 0.653760
vt 0.575460 0.739521
vt 0.576423 0.739521
vt 0.599412 0.535414
vt 0.603986 0.480299
vt 0.607356 0.429302
vt 0.604708 0.480299
vt 0.600255 0.535535
vt 0.594718 0.596343
vt 0.610365 0.380850
vt 0.607958 0.429302
vt 0.610967 0.380971
vt 0.613254 0.348992
vt 0.612652 0.348992
vt 0.617106 0.315923
vt 0.617707 0.316044
vt 0.623365 0.293998
vt 0.623846 0.294119
vt 0.629142 0.281885
vt 0.629623 0.282127
vt 0.635521 0.272800
vt 0.636123 0.273042
vt 0.642623 0.265047
vt 0.643224 0.265411
vt 0.650928 0.257658
vt 0.651409 0.258022
vt 0.659353 0.251602
vt 0.660436 0.251602
vt 0.577145 0.008005
vt 0.492530 0.251602
vt 0.501076 0.257658
vt 0.509381 0.265047
vt 0.508659 0.265411
vt 0.515880 0.273042
vt 0.491447 0.251602
vt 0.500474 0.258022
vt 0.376620 0.894692
vt 0.374815 0.892027
vt 0.374213 0.888877
vt 0.379268 0.896509
vt 0.382398 0.897114
vt 0.385527 0.896509
vt 0.388175 0.894692
vt 0.385527 0.892148
vt 0.389860 0.892027
vt 0.386490 0.890694
vt 0.390582 0.888877
vt 0.390582 0.603369
vt 0.389860 0.600220
vt 0.388175 0.597555
vt 0.385527 0.595738
vt 0.385527 0.600098
vt 0.386490 0.601552
vt 0.386851 0.603732
vt 0.386851 0.888514
vt 0.384083 0.893117
vt 0.382398 0.893480
vt 0.380713 0.893117
vt 0.379268 0.892148
vt 0.378305 0.890694
vt 0.377824 0.888514
vt 0.377824 0.603732
vt 0.378305 0.601552
vt 0.374213 0.603369
vt 0.374815 0.600220
vt 0.376620 0.597555
vt 0.379268 0.600098
vt 0.380713 0.599251
vt 0.379268 0.595738
vt 0.382398 0.595132
vt 0.382398 0.598887
vt 0.384083 0.599251
vt 0.872396 0.279583
vt 0.873479 0.278372
vt 0.876247 0.285398
vt 0.877692 0.284792
vt 0.877692 0.292302
vt 0.879256 0.292302
vt 0.866498 0.275586
vt 0.867100 0.274132
vt 0.859637 0.274253
vt 0.859637 0.272679
vt 0.852175 0.274132
vt 0.852776 0.275586
vt 0.845795 0.278372
vt 0.846879 0.279583
vt 0.843027 0.285398
vt 0.841583 0.284792
vt 0.841583 0.292302
vt 0.840018 0.292302
vt 0.843027 0.299207
vt 0.841583 0.299812
vt 0.845795 0.306111
vt 0.846879 0.305021
vt 0.852175 0.310351
vt 0.852776 0.308897
vt 0.859637 0.310230
vt 0.859637 0.311804
vt 0.866498 0.308897
vt 0.867100 0.310351
vt 0.872396 0.305021
vt 0.873479 0.306111
vt 0.876247 0.299207
vt 0.877692 0.299812
vt 0.870349 0.411617
vt 0.868905 0.416462
vt 0.867822 0.415372
vt 0.864091 0.417795
vt 0.864692 0.419248
vt 0.859637 0.420339
vt 0.859637 0.418764
vt 0.855184 0.417795
vt 0.854582 0.419248
vt 0.850369 0.416462
vt 0.851452 0.415372
vt 0.848925 0.411617
vt 0.847480 0.412223
vt 0.846518 0.407135
vt 0.848082 0.407135
vt 0.848925 0.402774
vt 0.847480 0.402048
vt 0.850369 0.397808
vt 0.851452 0.399019
vt 0.854582 0.395022
vt 0.855184 0.396476
vt 0.859637 0.393932
vt 0.859637 0.395628
vt 0.864091 0.396476
vt 0.864692 0.395022
vt 0.867822 0.399019
vt 0.868905 0.397808
vt 0.870349 0.402774
vt 0.871794 0.402048
vt 0.872757 0.407135
vt 0.871192 0.407135
vt 0.871794 0.412223
vt 0.332567 0.646977
vt 0.334253 0.644433
vt 0.335938 0.648430
vt 0.336901 0.646977
vt 0.331845 0.650247
vt 0.331845 0.840546
vt 0.332567 0.843695
vt 0.334253 0.846360
vt 0.336901 0.848177
vt 0.336901 0.843816
vt 0.335938 0.842363
vt 0.335456 0.840182
vt 0.335456 0.650611
vt 0.344604 0.840182
vt 0.338345 0.844785
vt 0.340030 0.848782
vt 0.343159 0.848177
vt 0.345807 0.846360
vt 0.343159 0.843816
vt 0.344122 0.842363
vt 0.347613 0.843695
vt 0.341715 0.844785
vt 0.340030 0.845027
vt 0.348215 0.840546
vt 0.348215 0.650247
vt 0.347613 0.646977
vt 0.345807 0.644433
vt 0.344604 0.650611
vt 0.344122 0.648430
vt 0.343159 0.646977
vt 0.343159 0.642616
vt 0.341715 0.646008
vt 0.340030 0.645765
vt 0.340030 0.642010
vt 0.336901 0.642616
vt 0.338345 0.646008
vt 0.424645 0.642010
vt 0.421516 0.642616
vt 0.424645 0.645765
vt 0.427775 0.642616
vt 0.430423 0.644433
vt 0.432228 0.646977
vt 0.432830 0.650247
vt 0.428738 0.648430
vt 0.427775 0.646977
vt 0.426330 0.646008
vt 0.429219 0.840182
vt 0.429219 0.650611
vt 0.432830 0.840546
vt 0.432228 0.843695
vt 0.430423 0.846360
vt 0.427775 0.848177
vt 0.427775 0.843816
vt 0.428738 0.842363
vt 0.426330 0.844785
vt 0.424645 0.848782
vt 0.421516 0.848177
vt 0.424645 0.845027
vt 0.422960 0.844785
vt 0.421516 0.843816
vt 0.418868 0.846360
vt 0.417183 0.843695
vt 0.420553 0.842363
vt 0.420192 0.840182
vt 0.416581 0.840546
vt 0.416581 0.650247
vt 0.420192 0.650611
vt 0.420553 0.648430
vt 0.417183 0.646977
vt 0.418868 0.644433
vt 0.421516 0.646977
vt 0.422960 0.646008
vt 0.247230 0.129622
vt 0.249878 0.131318
vt 0.247230 0.133983
vt 0.251563 0.133983
vt 0.248193 0.135436
vt 0.252165 0.137132
vt 0.252165 0.422640
vt 0.248554 0.137495
vt 0.239527 0.137495
vt 0.245786 0.133013
vt 0.251563 0.425911
vt 0.249878 0.428576
vt 0.247230 0.430271
vt 0.247230 0.425911
vt 0.248193 0.424457
vt 0.248554 0.422398
vt 0.245786 0.426880
vt 0.244101 0.427243
vt 0.244101 0.430877
vt 0.240971 0.430271
vt 0.242416 0.426880
vt 0.240971 0.425911
vt 0.238323 0.428576
vt 0.236518 0.425911
vt 0.235916 0.422640
vt 0.240008 0.424457
vt 0.239527 0.422398
vt 0.235916 0.137132
vt 0.236518 0.133983
vt 0.238323 0.131318
vt 0.240971 0.129622
vt 0.244101 0.128895
vt 0.244101 0.132650
vt 0.242416 0.133013
vt 0.240971 0.133983
vt 0.240008 0.135436
vt 0.286348 0.382545
vt 0.289478 0.381940
vt 0.292126 0.380123
vt 0.283219 0.381940
vt 0.280571 0.380123
vt 0.283219 0.377579
vt 0.282256 0.376125
vt 0.278886 0.377579
vt 0.284663 0.378548
vt 0.286348 0.378911
vt 0.288033 0.378548
vt 0.290922 0.373945
vt 0.289478 0.377579
vt 0.293931 0.377579
vt 0.294533 0.374308
vt 0.290440 0.376125
vt 0.294533 0.184010
vt 0.293931 0.180861
vt 0.292126 0.178196
vt 0.290440 0.182314
vt 0.290922 0.184373
vt 0.289478 0.180861
vt 0.289478 0.176379
vt 0.286348 0.175773
vt 0.283219 0.176379
vt 0.286348 0.179528
vt 0.284663 0.179892
vt 0.283219 0.180861
vt 0.280571 0.178196
vt 0.278886 0.180861
vt 0.278163 0.184010
vt 0.288033 0.179892
vt 0.282256 0.182314
vt 0.281895 0.184373
vt 0.281895 0.373945
vt 0.278163 0.374308
vt 0.204862 0.381940
vt 0.201733 0.378911
vt 0.203418 0.378548
vt 0.204862 0.377579
vt 0.206307 0.373945
vt 0.205825 0.376125
vt 0.209918 0.374308
vt 0.209316 0.377579
vt 0.207510 0.380123
vt 0.201733 0.382545
vt 0.198603 0.381940
vt 0.195955 0.380123
vt 0.198603 0.377579
vt 0.200048 0.378548
vt 0.194150 0.377579
vt 0.193548 0.374308
vt 0.197641 0.376125
vt 0.197159 0.373945
vt 0.197159 0.184373
vt 0.193548 0.184010
vt 0.194150 0.180861
vt 0.195955 0.178196
vt 0.197641 0.182314
vt 0.198603 0.180861
vt 0.200048 0.179892
vt 0.198603 0.176379
vt 0.201733 0.179528
vt 0.201733 0.175773
vt 0.204862 0.176379
vt 0.203418 0.179892
vt 0.204862 0.180861
vt 0.207510 0.178196
vt 0.209316 0.180861
vt 0.209918 0.184010
vt 0.206307 0.184373
vt 0.205825 0.182314
vt 0.670426 0.473152
vt 0.667899 0.528509
vt 0.664890 0.583382
vt 0.660557 0.638255
vt 0.672112 0.417553
vt 0.673315 0.362074
vt 0.674158 0.306475
vt 0.674278 0.288305
vt 0.674158 0.270014
vt 0.674880 0.251602
vt 0.481457 0.473152
vt 0.483984 0.528509
vt 0.486993 0.583382
vt 0.491326 0.638255
vt 0.479771 0.417553
vt 0.478568 0.362074
vt 0.477725 0.306475
vt 0.477605 0.288305
vt 0.477725 0.270014
vt 0.477003 0.251602
vt 0.593996 0.947747
vt 0.609041 0.902323
vt 0.621920 0.856414
vt 0.630105 0.824677
vt 0.637808 0.792819
vt 0.644308 0.760356
vt 0.650928 0.720019
vt 0.656224 0.679440
vt 0.760699 0.251723
vt 0.761421 0.270135
vt 0.761301 0.288426
vt 0.761421 0.306717
vt 0.762263 0.362195
vt 0.763467 0.417795
vt 0.765152 0.473394
vt 0.767680 0.528631
vt 0.770689 0.583625
vt 0.775022 0.638497
vt 0.779355 0.679561
vt 0.784651 0.720140
vt 0.791271 0.760598
vt 0.797771 0.793062
vt 0.805474 0.824919
vt 0.813779 0.856535
vt 0.826537 0.902444
vt 0.841583 0.947868
vt 0.557887 0.947747
vt 0.542962 0.902323
vt 0.530083 0.856414
vt 0.521898 0.824677
vt 0.514075 0.792819
vt 0.507575 0.760356
vt 0.500955 0.720019
vt 0.495659 0.679440
vt 0.385407 0.256326
vt 0.354835 0.256326
vt 0.385407 0.250390
vt 0.354835 0.250390
vt 0.385407 0.244455
vt 0.354835 0.244455
vt 0.385407 0.238762
vt 0.354835 0.238762
vt 0.385407 0.224226
vt 0.354835 0.224226
vt 0.385407 0.261777
vt 0.354835 0.261777
vt 0.354835 0.263715
vt 0.385407 0.263715
vt 0.354835 0.266138
vt 0.385407 0.266138
vt 0.354835 0.271831
vt 0.385407 0.271831
vt 0.359529 0.277645
vt 0.380833 0.277645
vt 0.370121 0.296299
vt 0.385407 0.210780
vt 0.354835 0.210780
vt 0.385407 0.197213
vt 0.354835 0.197213
vt 0.385407 0.195639
vt 0.354835 0.195639
vt 0.385407 0.193943
vt 0.354835 0.193943
vt 0.385407 0.192247
vt 0.354835 0.192247
vt 0.385407 0.177106
vt 0.354835 0.177106
vt 0.385407 0.162327
vt 0.354835 0.162327
vt 0.385407 0.146701
vt 0.354835 0.146701
vt 0.354835 0.133619
vt 0.385407 0.133619
vt 0.385407 0.119931
vt 0.354835 0.119931
vt 0.354835 0.105517
vt 0.385407 0.105517
vt 0.354835 0.080806
vt 0.385407 0.080806
vt 0.354835 0.055852
vt 0.385407 0.055852
vt 0.236397 0.805902
vt 0.236397 0.842726
vt 0.207631 0.805902
vt 0.236397 0.768956
vt 0.207631 0.768956
vt 0.236397 0.742065
vt 0.207631 0.742065
vt 0.236397 0.715174
vt 0.207631 0.715174
vt 0.236397 0.688040
vt 0.207631 0.688040
vt 0.236397 0.657394
vt 0.207631 0.657394
vt 0.236397 0.626869
vt 0.207631 0.626869
vt 0.236397 0.596101
vt 0.207631 0.596101
vt 0.207631 0.568241
vt 0.236397 0.568241
vt 0.236397 0.540744
vt 0.207631 0.540744
vt 0.207631 0.842726
vt 0.207631 0.879671
vt 0.236397 0.879671
vt 0.207631 0.903655
vt 0.236397 0.903655
vt 0.190659 0.539411
vt 0.190659 0.567514
vt 0.161893 0.539411
vt 0.161893 0.567514
vt 0.190659 0.594163
vt 0.161893 0.594163
vt 0.190659 0.620812
vt 0.161893 0.620812
vt 0.161893 0.647340
vt 0.190659 0.647340
vt 0.190659 0.658969
vt 0.161893 0.658969
vt 0.190659 0.670476
vt 0.161893 0.670476
vt 0.190659 0.681984
vt 0.161893 0.681984
vt 0.190659 0.687192
vt 0.161893 0.687192
vt 0.190659 0.692401
vt 0.161893 0.692401
vt 0.190659 0.697610
vt 0.161893 0.697610
vt 0.161893 0.702818
vt 0.190659 0.702818
vt 0.161893 0.707906
vt 0.190659 0.707906
vt 0.161893 0.713115
vt 0.190659 0.713115
vt 0.161893 0.724622
vt 0.190659 0.724622
vt 0.161893 0.736251
vt 0.190659 0.736251
vt 0.161893 0.747758
vt 0.190659 0.747758
vt 0.161893 0.774407
vt 0.190659 0.774407
vt 0.190659 0.800935
vt 0.161893 0.800935
vt 0.161893 0.827584
vt 0.190659 0.827584
vt 0.190659 0.855687
vt 0.161893 0.855687
vt 0.794280 0.193822
vt 0.787058 0.180255
vt 0.782484 0.165477
vt 0.781040 0.150214
vt 0.782484 0.134830
vt 0.787058 0.120052
vt 0.794280 0.106486
vt 0.804029 0.094615
vt 0.815945 0.084803
vt 0.829546 0.077535
vt 0.844351 0.073053
vt 0.860720 0.008126
vt 0.859637 0.071600
vt 0.874923 0.073053
vt 0.889728 0.077535
vt 0.903329 0.084803
vt 0.915245 0.094615
vt 0.924994 0.106486
vt 0.932216 0.120052
vt 0.936669 0.134830
vt 0.938234 0.150214
vt 0.936669 0.165477
vt 0.932216 0.180255
vt 0.924994 0.193822
vt 0.943049 0.251723
vt 0.915245 0.205693
vt 0.903329 0.215504
vt 0.934503 0.257901
vt 0.926198 0.265290
vt 0.926920 0.265532
vt 0.919698 0.273284
vt 0.919096 0.273042
vt 0.913199 0.282248
vt 0.944132 0.251723
vt 0.935105 0.258264
vt 0.889728 0.222772
vt 0.874923 0.227254
vt 0.859637 0.228829
vt 0.844351 0.227254
vt 0.829546 0.222772
vt 0.800057 0.273042
vt 0.793076 0.265290
vt 0.815945 0.215504
vt 0.784651 0.257901
vt 0.804029 0.205693
vt 0.776226 0.251723
vt 0.775142 0.251723
vt 0.784169 0.258264
vt 0.792354 0.265532
vt 0.799576 0.273284
vt 0.805955 0.282248
vt 0.806437 0.282006
vt 0.811733 0.294240
vt 0.812214 0.294119
vt 0.818473 0.316044
vt 0.900801 0.316044
vt 0.896227 0.349113
vt 0.894061 0.381092
vt 0.825213 0.381092
vt 0.822926 0.349113
vt 0.822325 0.349234
vt 0.817871 0.316165
vt 0.824611 0.381092
vt 0.827621 0.429424
vt 0.828222 0.429424
vt 0.851693 0.449168
vt 0.855304 0.446745
vt 0.859637 0.445897
vt 0.863850 0.446745
vt 0.867581 0.449168
vt 0.891052 0.429424
vt 0.869988 0.452802
vt 0.870831 0.457042
vt 0.869988 0.461281
vt 0.887682 0.480420
vt 0.867581 0.464915
vt 0.863850 0.467338
vt 0.859637 0.468186
vt 0.855304 0.467338
vt 0.831593 0.480420
vt 0.851693 0.464915
vt 0.849286 0.461281
vt 0.848443 0.457042
vt 0.849286 0.452802
vt 0.830870 0.480420
vt 0.835324 0.535656
vt 0.836166 0.535656
vt 0.840860 0.596465
vt 0.841823 0.596465
vt 0.847601 0.653881
vt 0.848564 0.653881
vt 0.854702 0.710934
vt 0.855665 0.710934
vt 0.859637 0.737704
vt 0.859156 0.739643
vt 0.860119 0.739643
vt 0.864572 0.710934
vt 0.863609 0.710934
vt 0.870710 0.653881
vt 0.877451 0.596465
vt 0.871673 0.653881
vt 0.878414 0.596465
vt 0.882987 0.535656
vt 0.883950 0.535656
vt 0.888404 0.480420
vt 0.891654 0.429424
vt 0.894663 0.381092
vt 0.896950 0.349234
vt 0.901403 0.316165
vt 0.907060 0.294119
vt 0.907542 0.294240
vt 0.912838 0.282006
vt 0.954122 0.473394
vt 0.951594 0.528631
vt 0.948585 0.583625
vt 0.944252 0.638497
vt 0.955807 0.417795
vt 0.957011 0.362195
vt 0.957853 0.306717
vt 0.957974 0.288426
vt 0.957853 0.270135
vt 0.958575 0.251723
vt 0.280330 0.904140
vt 0.251443 0.904140
vt 0.251443 0.880156
vt 0.280330 0.880156
vt 0.251443 0.843210
vt 0.280330 0.843210
vt 0.251443 0.806386
vt 0.280330 0.806386
vt 0.251443 0.769441
vt 0.280330 0.769441
vt 0.251443 0.742550
vt 0.280330 0.742550
vt 0.251443 0.715658
vt 0.280330 0.715658
vt 0.251443 0.688525
vt 0.280330 0.688525
vt 0.251443 0.657878
vt 0.280330 0.657878
vt 0.251443 0.627353
vt 0.280330 0.627353
vt 0.251443 0.596586
vt 0.280330 0.596586
vt 0.280330 0.568846
vt 0.251443 0.568846
vt 0.251443 0.541228
vt 0.280330 0.541228
vt 0.859637 0.466611
vt 0.863248 0.465884
vt 0.855906 0.465884
vt 0.852897 0.463825
vt 0.850730 0.460676
vt 0.850008 0.457042
vt 0.850730 0.453408
vt 0.852897 0.450258
vt 0.855906 0.448199
vt 0.859637 0.447472
vt 0.863248 0.448199
vt 0.866377 0.450258
vt 0.868544 0.453408
vt 0.869266 0.457042
vt 0.868544 0.460676
vt 0.866377 0.463825
vt 0.382398 0.569694
vt 0.373852 0.567999
vt 0.366510 0.563153
vt 0.361695 0.555885
vt 0.360010 0.547406
vt 0.361695 0.538806
vt 0.366510 0.531538
vt 0.373852 0.526693
vt 0.382398 0.524997
vt 0.390944 0.526693
vt 0.398165 0.531538
vt 0.402980 0.538806
vt 0.404665 0.547406
vt 0.402980 0.555885
vt 0.398165 0.563153
vt 0.390944 0.567999
vt 0.877692 0.947868
vt 0.892617 0.902444
vt 0.905495 0.856535
vt 0.913800 0.824919
vt 0.921504 0.793062
vt 0.928003 0.760598
vt 0.934623 0.720140
vt 0.939919 0.679561
vt 0.714600 0.892269
vt 0.707859 0.859806
vt 0.714600 0.859806
vt 0.721340 0.892269
vt 0.707859 0.892269
vt 0.701119 0.859806
vt 0.701239 0.892269
vt 0.694499 0.859806
vt 0.694499 0.892269
vt 0.687759 0.859806
vt 0.687759 0.892269
vt 0.681018 0.859806
vt 0.681018 0.892269
vt 0.674278 0.859806
vt 0.674278 0.892269
vt 0.667538 0.859806
vt 0.667538 0.892269
vt 0.721340 0.859806
vt 0.728080 0.892269
vt 0.728080 0.859806
vt 0.734821 0.892269
vt 0.734821 0.859806
vt 0.741441 0.892269
vt 0.741441 0.859806
vt 0.748181 0.892269
vt 0.748181 0.859806
vt 0.754921 0.892269
vt 0.754921 0.859806
vt 0.761662 0.892269
vt 0.761662 0.859806
vt 0.768402 0.892269
vt 0.768402 0.859806
vt 0.775142 0.892269
vt 0.775142 0.859806
vt 0.731932 0.822133
vt 0.726395 0.822133
vt 0.726395 0.789791
vt 0.720738 0.789791
vt 0.731932 0.789791
vt 0.737589 0.822133
vt 0.737589 0.789791
vt 0.743126 0.822133
vt 0.743126 0.789791
vt 0.748783 0.822133
vt 0.748783 0.789791
vt 0.754319 0.822133
vt 0.754319 0.789791
vt 0.759977 0.822133
vt 0.759977 0.789791
vt 0.765513 0.822133
vt 0.765513 0.789791
vt 0.720738 0.822133
vt 0.715201 0.789791
vt 0.715201 0.822133
vt 0.709544 0.789791
vt 0.709544 0.822133
vt 0.704008 0.789791
vt 0.704008 0.822133
vt 0.698351 0.789791
vt 0.698351 0.822133
vt 0.692814 0.789791
vt 0.692814 0.822133
vt 0.687157 0.789791
vt 0.687157 0.822133
vt 0.681620 0.789791
vt 0.681620 0.822133
vt 0.675963 0.789791
vt 0.675963 0.822133
vt 0.728803 0.722200
vt 0.728803 0.754663
vt 0.724108 0.722200
vt 0.724108 0.754663
vt 0.719535 0.722200
vt 0.733497 0.722200
vt 0.733497 0.754542
vt 0.738070 0.754542
vt 0.738070 0.722200
vt 0.742765 0.754542
vt 0.742765 0.722200
vt 0.747338 0.754542
vt 0.747338 0.722200
vt 0.752033 0.754542
vt 0.752033 0.722200
vt 0.756606 0.754542
vt 0.756606 0.722200
vt 0.719535 0.754663
vt 0.714840 0.722200
vt 0.714840 0.754663
vt 0.710267 0.722200
vt 0.710267 0.754663
vt 0.705572 0.722200
vt 0.705572 0.754663
vt 0.700999 0.722200
vt 0.700999 0.754663
vt 0.696304 0.722200
vt 0.696304 0.754663
vt 0.691610 0.722200
vt 0.691610 0.754663
vt 0.687037 0.722200
vt 0.687037 0.754663
vt 0.682342 0.722200
vt 0.682342 0.754663
vt 0.740237 0.963373
vt 0.731571 0.963373
vt 0.731571 0.931031
vt 0.722905 0.931031
vt 0.740237 0.931031
vt 0.749023 0.963373
vt 0.749023 0.931031
vt 0.757690 0.963373
vt 0.757690 0.931031
vt 0.766356 0.963373
vt 0.766356 0.931031
vt 0.775142 0.963373
vt 0.775142 0.931031
vt 0.783808 0.963373
vt 0.783808 0.931031
vt 0.792595 0.963373
vt 0.792595 0.931031
vt 0.722905 0.963373
vt 0.714118 0.931031
vt 0.714118 0.963373
vt 0.705452 0.931031
vt 0.705452 0.963373
vt 0.696786 0.931031
vt 0.696786 0.963373
vt 0.687999 0.931031
vt 0.687999 0.963373
vt 0.679333 0.931031
vt 0.679333 0.963373
vt 0.670547 0.931031
vt 0.670547 0.963373
vt 0.661881 0.931031
vt 0.661881 0.963373
vt 0.653215 0.931031
vt 0.653215 0.963373
vt 0.706535 0.282733
vt 0.706535 0.297147
vt 0.731450 0.297147
vt 0.731450 0.311562
vt 0.731450 0.282733
vt 0.706535 0.268318
vt 0.731450 0.268318
vt 0.706535 0.253903
vt 0.731450 0.253903
vt 0.706535 0.239489
vt 0.731450 0.239489
vt 0.706535 0.225074
vt 0.731450 0.225074
vt 0.706535 0.311562
vt 0.731450 0.325977
vt 0.706535 0.325977
vt 0.731450 0.340392
vt 0.706535 0.340392
vt 0.731450 0.354806
vt 0.706535 0.354806
vt 0.731450 0.369221
vt 0.706535 0.369221
vt 0.731450 0.383636
vt 0.706535 0.383636
vt 0.731450 0.398050
vt 0.706535 0.398050
vt 0.706535 0.412465
vt 0.731450 0.412465
vt 0.731450 0.426880
vt 0.706535 0.426880
vt 0.731450 0.441294
vt 0.706535 0.441294
vt 0.731450 0.455709
vt 0.706535 0.455709
vt 0.731450 0.470124
vt 0.706535 0.470124
vt 0.731450 0.484539
vt 0.706535 0.484539
vt 0.731450 0.498953
vt 0.706535 0.498953
vt 0.731450 0.513368
vt 0.706535 0.513368
vt 0.731450 0.527783
vt 0.706535 0.527783
vt 0.731450 0.542197
vt 0.706535 0.542197
vt 0.731450 0.556612
vt 0.706535 0.556612
vt 0.731450 0.571027
vt 0.706535 0.571027
vt 0.731450 0.585442
vt 0.706535 0.585442
vt 0.731450 0.599856
vt 0.706535 0.599856
vt 0.731450 0.614271
vt 0.706535 0.614271
vt 0.731450 0.628686
vt 0.706535 0.628686
vt 0.731450 0.643100
vt 0.706535 0.643100
vt 0.731450 0.657515
vt 0.706535 0.657515
vt 0.731450 0.671930
vt 0.706535 0.671930
vt 0.731450 0.686345
vt 0.706535 0.686345
vt 0.407554 0.014789
vt 0.399249 0.014789
vt 0.399249 0.040832
vt 0.390944 0.040832
vt 0.407554 0.040832
vt 0.415979 0.014789
vt 0.415979 0.040832
vt 0.424284 0.014789
vt 0.424284 0.040832
vt 0.432589 0.014789
vt 0.432589 0.040832
vt 0.441015 0.014789
vt 0.441015 0.040832
vt 0.449320 0.014789
vt 0.449320 0.040832
vt 0.457625 0.014789
vt 0.457625 0.040832
vt 0.390944 0.014789
vt 0.382518 0.040832
vt 0.382518 0.014789
vt 0.374213 0.040832
vt 0.374213 0.014789
vt 0.365908 0.040832
vt 0.365908 0.014789
vt 0.357483 0.040832
vt 0.357483 0.014789
vt 0.349178 0.040832
vt 0.349178 0.014789
vt 0.340873 0.040832
vt 0.340873 0.014789
vt 0.332447 0.040832
vt 0.332447 0.014789
vt 0.324142 0.014789
vt 0.324142 0.040832
vt 0.425608 0.224105
vt 0.395036 0.224105
vt 0.395036 0.210659
vt 0.425608 0.210659
vt 0.395036 0.197092
vt 0.425608 0.197092
vt 0.395036 0.195518
vt 0.425608 0.195518
vt 0.395036 0.193701
vt 0.425608 0.193701
vt 0.395036 0.238519
vt 0.425608 0.238519
vt 0.425608 0.244334
vt 0.395036 0.244334
vt 0.425608 0.250269
vt 0.395036 0.250269
vt 0.395036 0.256205
vt 0.425608 0.256205
vt 0.425608 0.261535
vt 0.395036 0.261535
vt 0.395036 0.263594
vt 0.425608 0.263594
vt 0.425608 0.265895
vt 0.395036 0.265895
vt 0.394795 0.272073
vt 0.425728 0.272073
vt 0.420914 0.277403
vt 0.399610 0.277403
vt 0.410322 0.296057
vt 0.425608 0.055610
vt 0.425608 0.080684
vt 0.395036 0.055610
vt 0.395036 0.080684
vt 0.425608 0.105274
vt 0.395036 0.105274
vt 0.425608 0.119689
vt 0.395036 0.119689
vt 0.425608 0.133377
vt 0.395036 0.133377
vt 0.425608 0.146459
vt 0.395036 0.146459
vt 0.425608 0.162085
vt 0.395036 0.162085
vt 0.425608 0.176984
vt 0.395036 0.176984
vt 0.395036 0.192005
vt 0.425608 0.192005
vt 0.844592 0.074628
vt 0.830148 0.078989
vt 0.816788 0.086135
vt 0.805113 0.095705
vt 0.859637 0.073174
vt 0.874682 0.074628
vt 0.889126 0.078989
vt 0.902486 0.086135
vt 0.914162 0.095705
vt 0.923670 0.107334
vt 0.930772 0.120658
vt 0.935225 0.135194
vt 0.936669 0.150214
vt 0.935225 0.165235
vt 0.930772 0.179649
vt 0.923670 0.192974
vt 0.914162 0.204724
vt 0.902486 0.214293
vt 0.889126 0.221319
vt 0.874682 0.225801
vt 0.859637 0.227254
vt 0.844592 0.225801
vt 0.830148 0.221319
vt 0.816788 0.214293
vt 0.805113 0.204724
vt 0.795604 0.192974
vt 0.788503 0.179649
vt 0.784049 0.165235
vt 0.782605 0.150214
vt 0.784049 0.135194
vt 0.788503 0.120658
vt 0.795604 0.107334
vt 0.169596 0.129016
vt 0.162495 0.157603
vt 0.157921 0.186554
vt 0.154912 0.215747
vt 0.153347 0.247847
vt 0.178984 0.102609
vt 0.190298 0.077172
vt 0.203659 0.052582
vt 0.210880 0.042891
vt 0.219065 0.034049
vt 0.228574 0.026538
vt 0.233388 0.024116
vt 0.238564 0.022541
vt 0.244101 0.022178
vt 0.249517 0.022541
vt 0.254693 0.024116
vt 0.259507 0.026538
vt 0.269016 0.034049
vt 0.277321 0.042891
vt 0.284543 0.052582
vt 0.297903 0.077172
vt 0.309097 0.102609
vt 0.318485 0.129016
vt 0.325586 0.157603
vt 0.330281 0.186554
vt 0.333290 0.215747
vt 0.334734 0.247847
vt 0.334493 0.279825
vt 0.332808 0.311804
vt 0.329558 0.340270
vt 0.324985 0.368252
vt 0.321133 0.396354
vt 0.317161 0.434874
vt 0.313911 0.473273
vt 0.313189 0.511914
vt 0.174892 0.511914
vt 0.174170 0.473273
vt 0.170920 0.434874
vt 0.166948 0.396354
vt 0.162374 0.368252
vt 0.158523 0.340270
vt 0.155273 0.311804
vt 0.153588 0.279825
s 1
usemtl Texture_0
f 1287/605/1307 1288/606/1308 1289/607/1307
f 1291/608/1309 1290/609/1310 1292/610/1311
f 1291/608/1309 1292/610/1311 1293/611/1312
f 1291/608/1309 1293/611/1312 1294/612/1313
f 1294/612/1313 1293/611/1312 1295/613/1314
f 1294/612/1313 1295/613/1314 1296/614/1315
f 1292/610/1311 1290/609/1310 1297/615/1316
f 1292/610/1311 1297/615/1316 1298/616/1317
f 1298/616/1317 1297/615/1316 1299/617/1318
f 1298/616/1317 1299/617/1318 1300/618/1319
f 1301/619/1320 1300/618/1321 1302/620/1322
f 1301/619/1320 1302/620/1322 1303/621/1323
f 1303/621/1323 1302/620/1322 1304/622/1324
f 1304/622/1324 1302/620/1322 1305/623/1325
f 1304/622/1324 1305/623/1325 1306/624/1326
f 1306/624/1326 1305/623/1325 1307/625/1327
f 1306/624/1326 1307/625/1327 1308/626/1328
f 1308/626/1328 1307/625/1327 1309/627/1328
f 1308/626/1328 1309/627/1328 1310/628/1329
f 1310/628/1329 1309/627/1328 1311/629/1329
f 1310/628/1329 1311/629/1329 1312/630/1330
f 1312/630/1330 1311/629/1329 1313/631/1330
f 1312/630/1330 1313/631/1330 1314/632/1331
f 1312/630/1330 1314/632/1331 1315/633/1332
f 1315/633/1332 1314/632/1331 1316/634/1333
f 1315/633/1332 1316/634/1333 1317/635/1334
f 1317/635/1334 1316/634/1333 1318/636/1335
f 1317/635/1334 1318/636/1335 1319/637/1335
f 1319/637/1335 1318/636/1335 1320/638/1336
f 1319/637/1335 1320/638/1336 1321/639/1337
f 1321/639/1337 1320/638/1336 1322/640/1338
f 1322/640/1338 1320/638/1336 1323/641/1339
f 1322/640/1338 1323/641/1339 1324/642/1340
f 1324/642/1340 1323/641/1339 1325/643/1341
f 1324/642/1340 1325/643/1341 1326/644/1342
f 1324/642/1340 1326/644/1342 1327/645/1343
f 1327/645/1343 1326/644/1342 1328/646/1344
f 1328/646/1344 1326/644/1342 1329/647/1345
f 1328/646/1344 1329/647/1345 1330/648/1346
f 1330/648/1346 1329/647/1345 1331/649/1346
f 1330/648/1346 1331/649/1346 1332/650/1347
f 1332/650/1347 1331/649/1346 1333/651/1347
f 1332/650/1347 1333/651/1347 1334/652/1348
f 1334/652/1348 1333/651/1347 1335/653/1349
f 1334/652/1348 1335/653/1349 1336/654/1350
f 1336/654/1350 1335/653/1349 1337/655/1351
f 1336/654/1350 1337/655/1351 1338/656/1352
f 1338/656/1352 1337/655/1351 1339/605/1353
f 1338/656/1352 1339/605/1353 1340/657/1354
f 1340/657/1354 1339/605/1353 1341/607/1355
f 1340/657/1354 1341/607/1355 1342/658/1356
f 1340/657/1354 1342/658/1356 1343/659/1357
f 1343/659/1357 1342/658/1356 1344/660/1358
f 1343/659/1357 1344/660/1358 1345/661/1359
f 1345/661/1359 1344/660/1358 1346/662/1360
f 1345/661/1359 1346/662/1360 1347/663/1360
f 1347/663/1360 1346/662/1360 1348/664/1361
f 1347/663/1360 1348/664/1361 1349/665/1362
f 1349/665/1362 1348/664/1361 1350/666/1363
f 1349/665/1362 1350/666/1363 1351/667/1364
f 1351/667/1364 1350/666/1363 1352/668/1365
f 1351/667/1364 1352/668/1365 1353/669/1365
f 1353/669/1365 1352/668/1365 1354/670/1366
f 1354/670/1366 1352/668/1365 1355/671/1367
f 1354/670/1366 1355/671/1367 1356/672/1368
f 1354/670/1366 1356/672/1368 1357/673/1369
f 1357/673/1369 1356/672/1368 1358/674/1370
f 1357/673/1369 1358/674/1370 1359/675/1371
f 1359/675/1371 1358/674/1370 1360/676/1372
f 1360/676/1372 1358/674/1370 1361/677/1372
f 1360/676/1372 1361/677/1372 1362/678/1373
f 1362/678/1373 1361/677/1372 1363/679/1373
f 1362/678/1373 1363/679/1373 1364/680/1374
f 1364/680/1374 1363/679/1373 1365/681/1375
f 1364/680/1374 1365/681/1375 1366/682/1376
f 1366/682/1376 1365/681/1375 1367/683/1376
f 1366/682/1376 1367/683/1376 1368/684/1374
f 1366/682/1376 1368/684/1374 1369/685/1377
f 1369/685/1377 1368/684/1374 1370/686/1378
f 1369/685/1377 1370/686/1378 1371/687/1379
f 1371/687/1379 1370/686/1378 1372/688/1380
f 1371/687/1379 1372/688/1380 1373/689/1381
f 1373/689/1381 1372/688/1380 1374/690/1382
f 1373/689/1381 1374/690/1382 1375/691/1383
f 1375/691/1383 1374/690/1382 1376/692/1384
f 1375/691/1383 1376/692/1384 1377/693/1385
f 1377/693/1385 1376/692/1384 1378/694/1386
f 1378/694/1386 1376/692/1384 1379/695/1387
f 1379/695/1387 1380/696/1388 1381/697/1389
f 1381/697/1389 1380/696/1388 1382/698/1390
f 1381/697/1389 1382/698/1390 1383/699/1391
f 1383/699/1391 1382/698/1390 1384/700/1392
f 1383/699/1391 1384/700/1392 1385/701/1393
f 1383/699/1391 1385/701/1393 1386/702/1394
f 1386/702/1394 1385/701/1393 1387/703/1395
f 1386/702/1394 1387/703/1395 1388/704/1396
f 1388/704/1396 1387/703/1395 1389/705/1397
f 1388/704/1396 1389/705/1397 1390/706/1398
f 1390/706/1398 1389/705/1397 1391/707/1399
f 1390/706/1398 1391/707/1399 1392/708/1400
f 1392/708/1400 1391/707/1399 1393/709/1401
f 1393/709/1401 1391/707/1399 1394/710/1402
f 1393/709/1401 1394/710/1402 1395/711/1403
f 1393/709/1401 1395/711/1403 1396/712/1404
f 1396/712/1404 1395/711/1403 1397/713/1405
f 1397/713/1405 1395/711/1403 1398/714/1406
f 1397/713/1405 1398/714/1406 1399/715/1407
f 1399/715/1407 1398/714/1406 1400/716/1408
f 1399/715/1407 1400/716/1408 1401/717/1409
f 1399/715/1407 1401/717/1409 1402/718/1410
f 1402/718/1410 1401/717/1409 1403/719/1411
f 1403/719/1411 1401/717/1409 1404/720/1412
f 1403/719/1411 1404/720/1412 1405/721/1413
f 1405/721/1413 1404/720/1412 1406/722/1414
f 1405/721/1413 1406/722/1414 1407/723/1415
f 1405/721/1413 1407/723/1415 1408/724/1416
f 1408/724/1416 1407/723/1415 1409/725/1417
f 1408/724/1416 1409/725/1417 1410/726/1418
f 1410/726/1418 1409/725/1417 1411/727/1419
f 1410/726/1418 1411/727/1419 1412/728/1420
f 1412/728/1420 1411/727/1419 1413/729/1421
f 1413/729/1421 1411/727/1419 1414/730/1422
f 1413/729/1421 1414/730/1422 1415/731/1423
f 1415/731/1423 1414/730/1422 1416/732/1424
f 1415/731/1423 1416/732/1424 1417/733/1425
f 1417/733/1425 1416/732/1424 1418/734/1426
f 1417/733/1425 1418/734/1426 1419/735/1427
f 1417/733/1425 1419/735/1427 1420/736/1428
f 1420/736/1428 1419/735/1427 1421/737/1429
f 1420/736/1428 1421/737/1429 1422/738/1430
f 1422/738/1430 1421/737/1429 1423/739/1431
f 1422/738/1430 1423/739/1431 1424/740/1432
f 1426/741/1433 1425/742/1434 1427/743/1435
f 1426/741/1433 1427/743/1435 1428/744/1436
f 1426/741/1433 1428/744/1436 1429/745/1437
f 1429/745/1437 1428/744/1436 1430/746/1438
f 1429/745/1437 1430/746/1438 1431/747/1439
f 1431/747/1439 1430/746/1438 1432/748/1440
f 1431/747/1439 1432/748/1440 1433/749/1441
f 1431/747/1439 1433/749/1441 1434/750/1442
f 1434/750/1442 1433/749/1441 1435/751/1443
f 1434/750/1442 1435/751/1443 1436/752/1444
f 1436/752/1444 1435/751/1443 1437/753/1445
f 1436/752/1444 1437/753/1445 1438/754/1446
f 1438/754/1446 1437/753/1445 1439/755/1447
f 1439/755/1447 1437/753/1445 1440/756/1448
f 1439/755/1447 1440/756/1448 1441/757/1449
f 1441/757/1449 1440/756/1448 1442/758/1450
f 1441/757/1449 1442/758/1450 1443/759/1451
f 1443/759/1451 1442/758/1450 1444/760/1452
f 1443/759/1451 1444/760/1452 1445/761/1453
f 1443/759/1451 1445/761/1453 1446/762/1454
f 1446/762/1454 1445/761/1453 1447/763/1455
f 1446/762/1454 1447/763/1455 1448/764/1456
f 1448/764/1456 1447/763/1455 1449/765/1457
f 1449/765/1457 1447/763/1455 1450/766/1458
f 1449/765/1457 1450/766/1458 1451/767/1459
f 1449/765/1457 1451/767/1459 1452/768/1460
f 1452/768/1460 1451/767/1459 1453/769/1461
f 1452/768/1460 1453/769/1461 1454/770/1462
f 1454/770/1462 1453/769/1461 1455/771/1463
f 1455/771/1463 1453/769/1461 1456/772/1464
f 1455/771/1463 1456/772/1464 1457/773/1465
f 1455/771/1463 1457/773/1465 1458/774/1466
f 1458/774/1466 1457/773/1465 1459/775/1467
f 1459/775/1467 1457/773/1465 1296/614/1315
f 1459/775/1467 1296/614/1315 1295/613/1314
f 1461/776/1468 1460/777/1469 1462/778/1470
f 1461/776/1468 1462/778/1470 1463/779/1471
f 1463/779/1471 1462/778/1470 1464/780/1472
f 1463/779/1471 1464/780/1472 1465/781/1473
f 1465/781/1473 1464/780/1472 1466/782/1474
f 1465/781/1473 1466/782/1474 1467/783/1475
f 1467/783/1475 1466/782/1474 1468/784/1476
f 1467/783/1475 1468/784/1476 1469/785/1477
f 1467/783/1475 1469/785/1477 1470/786/1478
f 1470/786/1478 1469/785/1477 1471/787/1479
f 1470/786/1478 1471/787/1479 1472/788/1480
f 1472/788/1480 1471/787/1479 1473/789/1481
f 1472/788/1480 1473/789/1481 1474/790/1482
f 1474/790/1482 1473/789/1481 1475/791/1483
f 1475/791/1483 1473/789/1481 1476/792/1484
f 1475/791/1483 1476/792/1484 1477/793/1485
f 1477/793/1485 1476/792/1484 1478/794/1486
f 1477/793/1485 1478/794/1486 1479/795/1487
f 1479/795/1487 1478/794/1486 1480/796/1488
f 1462/778/1470 1460/777/1469 1481/797/1489
f 1481/797/1489 1460/777/1469 1482/798/1490
f 1481/797/1489 1482/798/1490 1483/799/1491
f 1483/799/1491 1482/798/1490 1484/800/1492
f 1484/800/1492 1482/798/1490 1485/801/1493
f 1484/800/1492 1485/801/1493 1486/802/1494
f 1484/800/1492 1486/802/1494 1487/803/1495
f 1487/803/1495 1486/802/1494 1488/804/1496
f 1487/803/1495 1488/804/1496 1489/805/1497
f 1489/805/1497 1488/804/1496 1490/806/1498
f 1490/806/1498 1488/804/1496 1491/807/1499
f 1490/806/1498 1491/807/1499 1492/808/1500
f 1490/806/1498 1492/808/1500 1493/809/1501
f 1493/809/1501 1492/808/1500 1494/810/1502
f 1494/810/1502 1492/808/1500 1495/811/1503
f 1494/810/1502 1495/811/1503 1496/812/1504
f 1496/812/1504 1495/811/1503 1497/813/1505
f 1496/812/1504 1497/813/1505 1498/814/1506
f 1498/814/1506 1497/813/1505 1499/815/1507
f 1498/814/1506 1499/815/1507 1500/816/1508
f 1500/816/1508 1499/815/1507 1501/817/1509
f 1500/816/1508 1501/817/1509 1502/818/1510
f 1500/816/1508 1502/818/1510 1503/819/1511
f 1503/819/1511 1502/818/1510 1504/820/1512
f 1503/819/1511 1504/820/1512 1505/821/1513
f 1506/822/1514 1505/821/1515 1507/823/1516
f 1506/822/1514 1507/823/1516 1508/824/1517
f 1508/824/1517 1507/823/1516 1509/825/1518
f 1509/825/1518 1507/823/1516 1510/826/1519
f 1509/825/1518 1510/826/1519 1511/827/1520
f 1511/827/1520 1510/826/1519 1512/828/1521
f 1511/827/1520 1512/828/1521 1513/829/1522
f 1513/829/1522 1512/828/1521 1514/830/1522
f 1513/829/1522 1514/830/1522 1515/831/1523
f 1515/831/1523 1514/830/1522 1516/832/1523
f 1515/831/1523 1516/832/1523 1517/833/1524
f 1517/833/1524 1516/832/1523 1518/834/1524
f 1517/833/1524 1518/834/1524 1519/835/1523
f 1517/833/1524 1519/835/1523 1520/836/1523
f 1520/836/1523 1519/835/1523 1521/837/1525
f 1520/836/1523 1521/837/1525 1522/838/1526
f 1522/838/1526 1521/837/1525 1523/839/1527
f 1522/838/1526 1523/839/1527 1524/840/1528
f 1524/840/1528 1523/839/1527 1525/841/1529
f 1524/840/1528 1525/841/1529 1526/842/1530
f 1526/842/1530 1525/841/1529 1527/843/1531
f 1527/843/1531 1525/841/1529 1528/844/1531
f 1527/843/1531 1528/844/1531 1529/845/1532
f 1529/845/1532 1528/844/1531 1530/846/1532
f 1529/845/1532 1530/846/1532 1531/847/1533
f 1529/845/1532 1531/847/1533 1532/848/1534
f 1532/848/1534 1531/847/1533 1533/849/1535
f 1533/849/1535 1531/847/1533 1534/850/1536
f 1533/849/1535 1534/850/1536 1535/851/1537
f 1535/851/1537 1534/850/1536 1536/852/1538
f 1535/851/1537 1536/852/1538 1537/853/1539
f 1537/853/1539 1536/852/1538 1538/854/1539
f 1537/853/1539 1538/854/1539 1539/855/1540
f 1539/855/1540 1538/854/1539 1540/856/1541
f 1539/855/1540 1540/856/1541 1541/857/1542
f 1541/857/1542 1540/856/1541 1542/858/1543
f 1541/857/1542 1542/858/1543 1543/859/1544
f 1543/859/1544 1542/858/1543 1544/860/1545
f 1543/859/1544 1544/860/1545 1545/861/1546
f 1545/861/1546 1544/860/1545 1546/862/1547
f 1545/861/1546 1546/862/1547 1547/863/1548
f 1545/861/1546 1547/863/1548 1548/864/1549
f 1548/864/1549 1547/863/1548 1549/865/1550
f 1548/864/1549 1549/865/1550 1550/866/1551
f 1550/866/1551 1549/865/1550 1551/867/1552
f 1550/866/1551 1551/867/1552 1552/868/1552
f 1552/868/1552 1551/867/1552 1553/869/1553
f 1552/868/1552 1553/869/1553 1554/870/1554
f 1554/870/1554 1553/869/1553 1555/871/1555
f 1554/870/1554 1555/871/1555 1556/872/1556
f 1556/872/1556 1555/871/1555 1557/873/1557
f 1556/872/1556 1557/873/1557 1558/874/1558
f 1558/874/1558 1557/873/1557 1559/875/1559
f 1559/875/1559 1557/873/1557 1560/876/1560
f 1559/875/1559 1560/876/1560 1561/877/1561
f 1559/875/1559 1561/877/1561 1562/878/1561
f 1562/878/1561 1561/877/1561 1563/879/1562
f 1562/878/1561 1563/879/1562 1564/880/1562
f 1564/880/1562 1563/879/1562 1565/881/1563
f 1565/881/1563 1563/879/1562 1566/882/1564
f 1565/881/1563 1566/882/1564 1567/883/1565
f 1567/883/1565 1566/882/1564 1568/884/1566
f 1567/883/1565 1568/884/1566 1569/885/1567
f 1569/885/1567 1568/884/1566 1570/886/1568
f 1569/885/1567 1570/886/1568 1571/887/1569
f 1571/887/1569 1570/886/1568 1572/888/1570
f 1571/887/1569 1572/888/1570 1573/889/1571
f 1571/887/1569 1573/889/1571 1574/890/1572
f 1574/890/1572 1573/889/1571 1575/891/1573
f 1574/890/1572 1575/891/1573 1576/892/1573
f 1576/892/1573 1575/891/1573 1577/893/1574
f 1576/892/1573 1577/893/1574 1578/894/1575
f 1578/894/1575 1577/893/1574 1579/895/1576
f 1578/894/1575 1579/895/1576 1580/896/1577
f 1580/896/1577 1579/895/1576 1581/897/1578
f 1580/896/1577 1581/897/1578 1582/898/1579
f 1582/898/1579 1581/897/1578 1583/899/1580
f 1583/899/1580 1581/897/1578 1584/900/1581
f 1584/900/1582 1585/901/1583 1586/902/1584
f 1586/902/1584 1585/901/1583 1587/903/1585
f 1586/902/1584 1587/903/1585 1588/904/1586
f 1588/904/1586 1587/903/1585 1589/905/1587
f 1588/904/1586 1589/905/1587 1590/906/1588
f 1588/904/1586 1590/906/1588 1591/907/1589
f 1591/907/1589 1590/906/1588 1592/908/1590
f 1591/907/1589 1592/908/1590 1593/909/1591
f 1593/909/1591 1592/908/1590 1594/910/1592
f 1593/909/1591 1594/910/1592 1595/911/1593
f 1595/911/1593 1594/910/1592 1596/912/1594
f 1595/911/1593 1596/912/1594 1597/913/1595
f 1597/913/1595 1596/912/1594 1598/914/1596
f 1598/914/1596 1596/912/1594 1599/915/1597
f 1598/914/1596 1599/915/1597 1600/916/1598
f 1598/914/1596 1600/916/1598 1601/917/1599
f 1601/917/1599 1600/916/1598 1602/918/1600
f 1602/918/1600 1600/916/1598 1603/919/1601
f 1602/918/1600 1603/919/1601 1604/920/1602
f 1604/920/1602 1603/919/1601 1605/921/1603
f 1604/920/1602 1605/921/1603 1606/922/1604
f 1604/920/1602 1606/922/1604 1607/923/1605
f 1607/923/1605 1606/922/1604 1608/924/1606
f 1608/924/1606 1606/922/1604 1609/925/1607
f 1608/924/1606 1609/925/1607 1610/926/1608
f 1610/926/1608 1609/925/1607 1611/927/1609
f 1610/926/1608 1611/927/1609 1612/928/1610
f 1610/926/1608 1612/928/1610 1613/929/1611
f 1613/929/1611 1612/928/1610 1614/930/1612
f 1613/929/1611 1614/930/1612 1615/931/1613
f 1615/931/1613 1614/930/1612 1616/932/1614
f 1615/931/1613 1616/932/1614 1617/933/1615
f 1617/933/1615 1616/932/1614 1618/934/1616
f 1618/934/1616 1616/932/1614 1619/935/1617
f 1618/934/1616 1619/935/1617 1620/936/1618
f 1620/936/1618 1619/935/1617 1621/937/1619
f 1620/936/1618 1621/937/1619 1622/938/1620
f 1622/938/1620 1621/937/1619 1623/939/1621
f 1622/938/1620 1623/939/1621 1624/940/1622
f 1622/938/1620 1624/940/1622 1625/941/1623
f 1625/941/1623 1624/940/1622 1626/942/1624
f 1625/941/1623 1626/942/1624 1627/943/1625
f 1627/943/1625 1626/942/1624 1628/944/1626
f 1627/943/1625 1628/944/1626 1629/945/1627
f 1631/946/1628 1630/947/1629 1632/948/1630
f 1631/946/1628 1632/948/1630 1633/949/1631
f 1633/949/1631 1632/948/1630 1634/950/1632
f 1633/949/1631 1634/950/1632 1635/951/1633
f 1633/949/1631 1635/951/1633 1636/952/1634
f 1636/952/1634 1635/951/1633 1637/953/1635
f 1636/952/1634 1637/953/1635 1638/954/1636
f 1638/954/1636 1637/953/1635 1639/955/1486
f 1638/954/1636 1639/955/1486 1640/956/1637
f 1640/956/1637 1639/955/1486 1641/957/1638
f 1640/956/1637 1641/957/1638 1642/958/1639
f 1642/958/1639 1641/957/1638 1643/959/1640
f 1642/958/1639 1643/959/1640 1644/960/1641
f 1644/960/1641 1643/959/1640 1645/961/1642
f 1645/961/1642 1643/959/1640 1646/962/1643
f 1645/961/1642 1646/962/1643 1647/963/1644
f 1645/961/1642 1647/963/1644 1648/964/1645
f 1648/964/1645 1647/963/1644 1649/965/1646
f 1648/964/1645 1649/965/1646 1650/966/1647
f 1650/966/1647 1649/965/1646 1651/967/1648
f 1651/967/1648 1649/965/1646 1652/968/1472
f 1651/967/1648 1652/968/1472 1653/969/1649
f 1651/967/1648 1653/969/1649 1654/970/1650
f 1654/970/1650 1653/969/1649 1655/971/1651
f 1654/970/1650 1655/971/1651 1656/972/1652
f 1656/972/1652 1655/971/1651 1657/973/1653
f 1657/973/1653 1655/971/1651 1658/974/1654
f 1657/973/1653 1658/974/1654 1659/975/1655
f 1657/973/1653 1659/975/1655 1660/976/1656
f 1660/976/1656 1659/975/1655 1661/977/1657
f 1661/977/1657 1659/975/1655 1662/978/1658
f 1661/977/1657 1662/978/1658 1663/979/1659
f 1661/977/1657 1663/979/1659 1664/980/1660
f 1664/980/1660 1663/979/1659 1665/981/1661
f 1665/981/1661 1663/979/1659 1666/982/1662
f 1665/981/1661 1666/982/1662 1667/983/1663
f 1665/981/1661 1667/983/1663 1668/984/1664
f 1668/984/1664 1667/983/1663 1669/985/1665
f 1669/985/1665 1667/983/1663 1670/986/1666
f 1669/985/1665 1670/986/1666 1671/987/1667
f 1671/987/1667 1670/986/1666 1672/988/1668
f 1671/987/1667 1672/988/1668 1673/989/1669
f 1671/987/1667 1673/989/1669 1674/990/1670
f 1674/990/1670 1673/989/1669 1675/991/1671
f 1675/991/1671 1673/989/1669 1676/992/1672
f 1675/991/1671 1676/992/1672 1677/993/1673
f 1677/993/1673 1676/992/1672 1678/994/1674
f 1677/993/1673 1678/994/1674 1679/995/1675
f 1677/993/1673 1679/995/1675 1680/996/1676
f 1680/996/1676 1679/995/1675 1681/997/1677
f 1681/997/1677 1679/995/1675 1682/998/1678
f 1681/997/1677 1682/998/1678 1683/999/1679
f 1683/999/1679 1682/998/1678 1684/1000/1680
f 1683/999/1679 1684/1000/1680 1685/1001/1588
f 1685/1001/1588 1684/1000/1680 1686/1002/1681
f 1685/1001/1588 1686/1002/1681 1687/1003/1682
f 1687/1003/1682 1686/1002/1681 1688/1004/1683
f 1687/1003/1682 1688/1004/1683 1689/1005/1684
f 1689/1005/1684 1688/1004/1683 1690/1006/1685
f 1689/1005/1684 1690/1006/1685 1691/1007/1686
f 1689/1005/1684 1691/1007/1686 1692/1008/1687
f 1692/1008/1687 1691/1007/1686 1693/1009/1688
f 1693/1009/1688 1691/1007/1686 1694/1010/1689
f 1693/1009/1688 1694/1010/1689 1695/1011/1690
f 1695/1011/1690 1694/1010/1689 1696/1012/1691
f 1695/1011/1690 1696/1012/1691 1697/1013/1692
f 1697/1013/1692 1696/1012/1691 1698/1014/1693
f 1697/1013/1692 1698/1014/1693 1699/1015/1694
f 1697/1013/1692 1699/1015/1694 1700/1016/1695
f 1700/1016/1695 1699/1015/1694 1701/1017/1696
f 1701/1017/1696 1699/1015/1694 1702/1018/1697
f 1701/1017/1696 1702/1018/1697 1703/1019/1698
f 1703/1019/1698 1702/1018/1697 1704/1020/1627
f 1632/948/1630 1630/947/1629 1705/1021/1699
f 1705/1021/1699 1630/947/1629 1706/1022/1700
f 1706/1022/1700 1630/947/1629 1707/1023/1701
f 1706/1022/1700 1707/1023/1701 1708/1024/1702
f 1706/1022/1700 1708/1024/1702 1709/1025/1699
f 1709/1025/1699 1708/1024/1702 1710/1026/1703
f 1710/1026/1703 1708/1024/1702 1711/1027/1704
f 1710/1026/1703 1711/1027/1704 1712/1028/1705
f 1710/1026/1703 1712/1028/1705 1713/1029/1706
f 1713/1029/1706 1712/1028/1705 1714/1030/1487
f 1713/1029/1706 1714/1030/1487 1715/1031/1488
f 1717/1032/1707 1716/1033/1708 1718/1034/1709
f 1717/1032/1707 1718/1034/1709 1719/1035/1710
f 1717/1032/1707 1719/1035/1710 1720/1036/1711
f 1720/1036/1711 1719/1035/1710 1721/1037/1712
f 1720/1036/1711 1721/1037/1712 1722/1038/1713
f 1724/1039/1714 1723/1040/1715 1725/1041/1716
f 1724/1039/1714 1725/1041/1716 1726/1042/1717
f 1724/1039/1714 1726/1042/1717 1727/1043/1718
f 1724/1039/1714 1727/1043/1718 1728/1044/1719
f 1728/1044/1719 1727/1043/1718 1729/1045/1720
f 1728/1044/1719 1729/1045/1720 1730/1046/1721
f 1728/1044/1719 1730/1046/1721 1731/1047/1722
f 1731/1047/1722 1730/1046/1721 1732/1048/1723
f 1731/1047/1722 1733/1049/1724 1728/1044/1719
f 1728/1044/1719 1733/1049/1724 1724/1039/1714
f 1724/1039/1714 1733/1049/1724 1723/1040/1715
f 1729/1045/1720 1727/1043/1718 1734/1050/1725
f 1734/1050/1725 1727/1043/1718 1726/1042/1717
f 1734/1050/1725 1726/1042/1717 1735/1051/1726
f 1735/1051/1726 1726/1042/1717 1725/1041/1716
f 1735/1051/1726 1725/1041/1716 1736/1052/1727
f 1736/1052/1727 1725/1041/1716 1737/1053/1728
f 1736/1052/1727 1737/1053/1728 1738/1054/1729
f 1736/1052/1727 1738/1054/1729 1739/1055/1730
f 1736/1052/1727 1739/1055/1730 1740/1056/1731
f 1740/1056/1731 1739/1055/1730 1741/1057/1732
f 1741/1057/1732 1739/1055/1730 1742/1058/1733
f 1741/1057/1732 1742/1058/1733 1743/1059/1734
f 1741/1057/1732 1743/1059/1734 1744/1060/1735
f 1744/1060/1735 1743/1059/1734 1745/1061/1736
f 1744/1060/1735 1745/1061/1736 1746/1062/1737
f 1746/1062/1737 1745/1061/1736 1747/1063/1738
f 1747/1063/1738 1745/1061/1736 1748/1064/1739
f 1747/1063/1738 1748/1064/1739 1749/1065/1740
f 1747/1063/1738 1749/1065/1740 1750/1066/1741
f 1750/1066/1741 1749/1065/1740 1751/1067/1742
f 1751/1067/1742 1749/1065/1740 1752/1068/1743
f 1751/1067/1742 1752/1068/1743 1753/1069/1744
f 1753/1069/1744 1752/1068/1743 1754/1070/1745
f 1753/1069/1744 1754/1070/1745 1755/1071/1746
f 1753/1069/1744 1755/1071/1746 1756/1072/1747
f 1756/1072/1747 1755/1071/1746 1757/1073/1748
f 1756/1072/1747 1757/1073/1748 1758/1074/1749
f 1758/1074/1749 1757/1073/1748 1759/1075/1750
f 1758/1074/1749 1759/1075/1750 1760/1076/1751
f 1760/1076/1751 1759/1075/1750 1761/1077/1752
f 1737/1053/1728 1725/1041/1716 1723/1040/1715
f 1735/1051/1726 1736/1052/1727 1762/1078/1753
f 1735/1051/1726 1762/1078/1753 1763/1079/1754
f 1735/1051/1726 1763/1079/1754 1734/1050/1725
f 1736/1052/1727 1740/1056/1731 1762/1078/1753
f 1760/1076/1751 1764/1080/1755 1758/1074/1749
f 1758/1074/1749 1764/1080/1755 1756/1072/1747
f 1756/1072/1747 1764/1080/1755 1765/1081/1756
f 1756/1072/1747 1765/1081/1756 1766/1082/1757
f 1766/1082/1757 1765/1081/1756 1767/1083/1758
f 1766/1082/1757 1767/1083/1758 1768/1084/1759
f 1768/1084/1759 1767/1083/1758 1769/1085/1760
f 1768/1084/1759 1769/1085/1760 1750/1066/1741
f 1750/1066/1741 1769/1085/1760 1770/1086/1761
f 1750/1066/1741 1770/1086/1761 1771/1087/1762
f 1750/1066/1741 1771/1087/1762 1747/1063/1738
f 1747/1063/1738 1771/1087/1762 1772/1088/1763
f 1747/1063/1738 1772/1088/1763 1746/1062/1737
f 1746/1062/1737 1772/1088/1763 1773/1089/1764
f 1746/1062/1737 1773/1089/1764 1744/1060/1735
f 1753/1069/1744 1756/1072/1747 1766/1082/1757
f 1753/1069/1744 1766/1082/1757 1751/1067/1742
f 1751/1067/1742 1766/1082/1757 1768/1084/1759
f 1751/1067/1742 1768/1084/1759 1750/1066/1741
f 1774/1090/1765 1773/1089/1764 1772/1088/1763
f 1774/1090/1765 1772/1088/1763 1771/1087/1762
f 1774/1090/1765 1771/1087/1762 1775/1091/1766
f 1775/1091/1766 1771/1087/1762 1770/1086/1761
f 1775/1091/1766 1770/1086/1761 1776/1092/1767
f 1776/1092/1767 1770/1086/1761 1769/1085/1760
f 1776/1092/1767 1769/1085/1760 1777/1093/1768
f 1777/1093/1768 1769/1085/1760 1767/1083/1758
f 1777/1093/1768 1778/1094/1769 1776/1092/1767
f 1776/1092/1767 1778/1094/1769 1779/1095/1770
f 1776/1092/1767 1779/1095/1770 1775/1091/1766
f 1775/1091/1766 1779/1095/1770 1780/1096/1771
f 1775/1091/1766 1780/1096/1771 1774/1090/1765
f 1774/1090/1765 1780/1096/1771 1781/1097/1772
f 1774/1090/1765 1781/1097/1772 1773/1089/1764
f 1773/1089/1764 1781/1097/1772 1782/1098/1773
f 1773/1089/1764 1782/1098/1773 1744/1060/1735
f 1744/1060/1735 1782/1098/1773 1741/1057/1732
f 1741/1057/1732 1782/1098/1773 1783/1099/1774
f 1741/1057/1732 1783/1099/1774 1740/1056/1731
f 1740/1056/1731 1783/1099/1774 1762/1078/1753
f 1762/1078/1753 1783/1099/1774 1784/1100/1775
f 1762/1078/1753 1784/1100/1775 1763/1079/1754
f 1785/1101/1776 1784/1100/1775 1783/1099/1774
f 1785/1101/1776 1783/1099/1774 1782/1098/1773
f 1785/1101/1776 1782/1098/1773 1781/1097/1772
f 1785/1101/1776 1781/1097/1772 1786/1102/1777
f 1786/1102/1777 1781/1097/1772 1780/1096/1771
f 1786/1102/1777 1780/1096/1771 1787/1103/1778
f 1787/1103/1778 1780/1096/1771 1788/1104/1779
f 1788/1104/1779 1780/1096/1771 1779/1095/1770
f 1788/1104/1779 1779/1095/1770 1789/1105/1780
f 1789/1105/1780 1779/1095/1770 1778/1094/1769
f 1789/1105/1780 1778/1094/1769 1790/1106/1781
f 1790/1106/1781 1778/1094/1769 1791/1107/1782
f 1791/1107/1782 1778/1094/1769 1792/1108/1783
f 1791/1107/1782 1792/1108/1783 1793/1109/1784
f 1793/1109/1784 1792/1108/1783 1794/1110/1785
f 1793/1109/1784 1794/1110/1785 1795/1111/1786
f 1795/1111/1786 1794/1110/1785 1796/1112/1787
f 1795/1111/1786 1796/1112/1787 1797/1113/1788
f 1797/1113/1788 1796/1112/1787 1798/1114/1789
f 1797/1113/1788 1798/1114/1789 1799/1115/1790
f 1799/1115/1790 1798/1114/1789 1800/1116/1791
f 1799/1115/1790 1800/1116/1791 1801/1117/1792
f 1799/1115/1790 1801/1117/1792 1802/1118/1793
f 1802/1118/1793 1801/1117/1792 1803/1119/1794
f 1803/1119/1794 1801/1117/1792 1804/1120/1795
f 1803/1119/1794 1804/1120/1795 1805/1121/1796
f 1805/1121/1796 1804/1120/1795 1806/1122/1797
f 1805/1121/1796 1806/1122/1797 1807/1123/1713
f 1807/1123/1713 1806/1122/1797 1808/1124/1711
f 1808/1124/1711 1806/1122/1797 1809/1125/1707
f 1809/1125/1707 1806/1122/1797 1810/1126/1708
f 1810/1126/1708 1806/1122/1797 1804/1120/1795
f 1810/1126/1708 1804/1120/1795 1801/1117/1792
f 1810/1126/1708 1801/1117/1792 1811/1127/1798
f 1811/1127/1798 1801/1117/1792 1800/1116/1791
f 1811/1127/1798 1800/1116/1791 1812/1128/1799
f 1812/1128/1799 1800/1116/1791 1798/1114/1789
f 1812/1128/1799 1798/1114/1789 1813/1129/1800
f 1813/1129/1800 1798/1114/1789 1796/1112/1787
f 1813/1129/1800 1796/1112/1787 1814/1130/1801
f 1814/1130/1801 1796/1112/1787 1794/1110/1785
f 1814/1130/1801 1794/1110/1785 1767/1083/1758
f 1767/1083/1758 1794/1110/1785 1777/1093/1768
f 1777/1093/1768 1794/1110/1785 1792/1108/1783
f 1777/1093/1768 1792/1108/1783 1778/1094/1769
f 1814/1130/1801 1767/1083/1758 1765/1081/1756
f 1814/1130/1801 1765/1081/1756 1764/1080/1755
f 1814/1130/1801 1764/1080/1755 1815/1131/1802
f 1815/1131/1802 1764/1080/1755 1760/1076/1751
f 1814/1130/1801 1815/1131/1802 1813/1129/1800
f 1813/1129/1800 1815/1131/1802 1816/1132/1803
f 1813/1129/1800 1816/1132/1803 1812/1128/1799
f 1812/1128/1799 1816/1132/1803 1817/1133/1804
f 1812/1128/1799 1817/1133/1804 1811/1127/1798
f 1811/1127/1798 1817/1133/1804 1818/1134/1805
f 1811/1127/1798 1818/1134/1805 1810/1126/1708
f 1810/1126/1708 1818/1134/1805 1819/1135/1806
f 1810/1126/1708 1819/1135/1806 1820/1136/1807
f 1820/1136/1807 1819/1135/1806 1821/1137/1808
f 1820/1136/1807 1821/1137/1808 1822/1138/1809
f 1820/1136/1807 1822/1138/1809 1810/1126/1708
f 1823/1139/1810 1821/1137/1808 1819/1135/1806
f 1823/1139/1810 1819/1135/1806 1824/1140/1811
f 1824/1140/1811 1819/1135/1806 1818/1134/1805
f 1824/1140/1811 1818/1134/1805 1825/1141/1812
f 1825/1141/1812 1818/1134/1805 1817/1133/1804
f 1786/1102/1777 1826/1142/1813 1785/1101/1776
f 1785/1101/1776 1826/1142/1813 1784/1100/1775
f 1826/1142/1813 1786/1102/1777 1787/1103/1778
f 1828/1143/1814 1827/1144/1815 1829/1145/1816
f 1828/1143/1814 1829/1145/1816 1830/1146/1817
f 1830/1146/1817 1829/1145/1816 1824/1140/1811
f 1830/1146/1817 1824/1140/1811 1831/1147/1818
f 1831/1147/1818 1824/1140/1811 1825/1141/1812
f 1828/1143/1814 1830/1146/1817 1831/1147/1818
f 1832/1148/1819 1827/1144/1815 1828/1143/1814
f 1832/1148/1819 1828/1143/1814 1833/1149/1820
f 1832/1148/1819 1833/1149/1820 1834/1150/1821
f 1834/1150/1821 1833/1149/1820 1835/1151/1822
f 1834/1150/1821 1835/1151/1822 1836/1152/1823
f 1836/1152/1823 1835/1151/1822 1837/1153/1824
f 1837/1153/1824 1835/1151/1822 1838/1154/1825
f 1837/1153/1824 1838/1154/1825 1839/1155/1826
f 1832/1148/1819 1834/1150/1821 1840/1156/1827
f 1836/1152/1823 1841/1157/1828 1834/1150/1821
f 1842/1158/1829 1838/1154/1825 1835/1151/1822
f 1842/1158/1829 1835/1151/1822 1833/1149/1820
f 1842/1158/1829 1833/1149/1820 1843/1159/1830
f 1843/1159/1830 1833/1149/1820 1828/1143/1814
f 1843/1159/1830 1828/1143/1814 1831/1147/1818
f 1843/1159/1830 1831/1147/1818 1825/1141/1812
f 1843/1159/1830 1825/1141/1812 1844/1160/1831
f 1844/1160/1831 1825/1141/1812 1817/1133/1804
f 1844/1160/1831 1817/1133/1804 1845/1161/1832
f 1845/1161/1832 1817/1133/1804 1816/1132/1803
f 1843/1159/1830 1844/1160/1831 1842/1158/1829
f 1842/1158/1829 1844/1160/1831 1846/1162/1833
f 1842/1158/1829 1846/1162/1833 1838/1154/1825
f 1838/1154/1825 1846/1162/1833 1845/1161/1832
f 1838/1154/1825 1845/1161/1832 1839/1155/1826
f 1839/1155/1826 1845/1161/1832 1847/1163/1834
f 1839/1155/1826 1847/1163/1834 1761/1077/1752
f 1761/1077/1752 1847/1163/1834 1760/1076/1751
f 1760/1076/1751 1847/1163/1834 1815/1131/1802
f 1815/1131/1802 1847/1163/1834 1816/1132/1803
f 1816/1132/1803 1847/1163/1834 1845/1161/1832
f 1846/1162/1833 1844/1160/1831 1845/1161/1832
f 1849/1164/1835 1848/1165/1836 1850/1166/1837
f 1849/1164/1835 1850/1166/1837 1851/1167/1838
f 1851/1167/1838 1850/1166/1837 1852/1168/1839
f 1851/1167/1838 1852/1168/1839 1853/1169/1840
f 1851/1167/1838 1853/1169/1840 1854/1170/1841
f 1851/1167/1838 1854/1170/1841 1855/1171/1842
f 1851/1167/1838 1855/1171/1842 1849/1164/1835
f 1857/1172/1843 1856/1173/1844 1858/1174/1845
f 1857/1172/1843 1858/1174/1845 1848/1165/1836
f 1848/1165/1836 1858/1174/1845 1850/1166/1837
f 1850/1166/1837 1858/1174/1845 1859/1175/1846
f 1850/1166/1837 1859/1175/1846 1852/1168/1839
f 1858/1174/1845 1856/1173/1844 1860/1176/1847
f 1858/1174/1845 1860/1176/1847 1861/1177/1848
f 1861/1177/1848 1860/1176/1847 1862/1178/1849
f 1862/1178/1849 1860/1176/1847 1863/1179/1850
f 1862/1178/1849 1863/1179/1850 1864/1180/1851
f 1862/1178/1849 1864/1180/1851 1865/1181/1852
f 1865/1181/1852 1864/1180/1851 1866/1182/1853
f 1865/1181/1852 1866/1182/1853 1867/1183/1854
f 1865/1181/1852 1867/1183/1854 1862/1178/1849
f 1862/1178/1849 1867/1183/1854 1868/1184/1855
f 1862/1178/1849 1868/1184/1855 1861/1177/1848
f 1861/1177/1848 1868/1184/1855 1859/1175/1846
f 1861/1177/1848 1859/1175/1846 1858/1174/1845
f 1864/1180/1851 1869/1185/1856 1866/1182/1853
f 1868/1184/1855 1870/1186/1857 1859/1175/1846
f 1859/1175/1846 1870/1186/1857 1852/1168/1839
f 1870/1186/1857 1868/1184/1855 1871/1187/1858
f 1871/1187/1858 1868/1184/1855 1867/1183/1854
f 1871/1187/1858 1867/1183/1854 1872/1188/1859
f 1872/1188/1859 1867/1183/1854 1866/1182/1853
f 1872/1188/1859 1866/1182/1853 1873/1189/1860
f 1873/1189/1860 1866/1182/1853 1874/1190/1861
f 1874/1190/1861 1866/1182/1853 1875/1191/1862
f 1875/1191/1862 1866/1182/1853 1869/1185/1856
f 1875/1191/1862 1869/1185/1856 1876/1192/1863
f 1875/1191/1862 1876/1192/1863 1877/1193/1864
f 1877/1193/1864 1876/1192/1863 1878/1194/1865
f 1877/1193/1864 1878/1194/1865 1879/1195/1866
f 1879/1195/1866 1878/1194/1865 1880/1196/1865
f 1879/1195/1866 1880/1196/1865 1881/1197/1867
f 1881/1197/1867 1880/1196/1865 1882/1198/1868
f 1881/1197/1867 1882/1198/1868 1883/1199/1869
f 1881/1197/1867 1883/1199/1869 1884/1200/1870
f 1884/1200/1870 1883/1199/1869 1885/1201/1871
f 1884/1200/1870 1886/1202/1872 1881/1197/1867
f 1881/1197/1867 1886/1202/1872 1879/1195/1866
f 1879/1195/1866 1886/1202/1872 1887/1203/1873
f 1879/1195/1866 1887/1203/1873 1877/1193/1864
f 1877/1193/1864 1887/1203/1873 1888/1204/1874
f 1877/1193/1864 1888/1204/1874 1889/1205/1875
f 1877/1193/1864 1889/1205/1875 1875/1191/1862
f 1875/1191/1862 1889/1205/1875 1874/1190/1861
f 1874/1190/1861 1889/1205/1875 1890/1206/1876
f 1874/1190/1861 1890/1206/1876 1873/1189/1860
f 1873/1189/1860 1890/1206/1876 1891/1207/1877
f 1873/1189/1860 1891/1207/1877 1872/1188/1859
f 1872/1188/1859 1891/1207/1877 1892/1208/1878
f 1872/1188/1859 1892/1208/1878 1871/1187/1858
f 1871/1187/1858 1892/1208/1878 1893/1209/1879
f 1871/1187/1858 1893/1209/1879 1870/1186/1857
f 1870/1186/1857 1893/1209/1879 1894/1210/1880
f 1870/1186/1857 1894/1210/1880 1895/1211/1881
f 1895/1211/1881 1894/1210/1880 1896/1212/1882
f 1896/1212/1882 1894/1210/1880 1897/1213/1883
f 1896/1212/1882 1897/1213/1883 1898/1214/1884
f 1898/1214/1884 1897/1213/1883 1891/1207/1877
f 1898/1214/1884 1891/1207/1877 1899/1215/1885
f 1899/1215/1885 1891/1207/1877 1890/1206/1876
f 1891/1207/1877 1897/1213/1883 1892/1208/1878
f 1892/1208/1878 1897/1213/1883 1893/1209/1879
f 1893/1209/1879 1897/1213/1883 1894/1210/1880
f 1899/1215/1885 1900/1216/1886 1898/1214/1884
f 1898/1214/1884 1900/1216/1886 1896/1212/1882
f 1896/1212/1882 1900/1216/1886 1901/1217/1887
f 1896/1212/1882 1901/1217/1887 1895/1211/1881
f 1895/1211/1881 1901/1217/1887 1902/1218/1888
f 1902/1218/1888 1901/1217/1887 1903/1219/1889
f 1903/1219/1889 1901/1217/1887 1904/1220/1890
f 1903/1219/1889 1904/1220/1890 1905/1221/1891
f 1905/1221/1891 1904/1220/1890 1906/1222/1892
f 1905/1221/1891 1906/1222/1892 1907/1223/1893
f 1907/1223/1893 1906/1222/1892 1908/1224/1894
f 1908/1224/1894 1906/1222/1892 1909/1225/1895
f 1909/1225/1895 1906/1222/1892 1910/1226/1896
f 1909/1225/1895 1910/1226/1896 1911/1227/1897
f 1911/1227/1897 1910/1226/1896 1899/1215/1885
f 1911/1227/1897 1899/1215/1885 1912/1228/1898
f 1912/1228/1898 1899/1215/1885 1890/1206/1876
f 1912/1228/1898 1890/1206/1876 1913/1229/1899
f 1913/1229/1899 1890/1206/1876 1889/1205/1875
f 1913/1229/1899 1889/1205/1875 1914/1230/1900
f 1914/1230/1900 1889/1205/1875 1888/1204/1874
f 1901/1217/1887 1900/1216/1886 1904/1220/1890
f 1904/1220/1890 1900/1216/1886 1906/1222/1892
f 1906/1222/1892 1900/1216/1886 1910/1226/1896
f 1910/1226/1896 1900/1216/1886 1899/1215/1885
f 1914/1230/1900 1915/1231/1901 1913/1229/1899
f 1913/1229/1899 1915/1231/1901 1912/1228/1898
f 1912/1228/1898 1915/1231/1901 1916/1232/1902
f 1912/1228/1898 1916/1232/1902 1911/1227/1897
f 1911/1227/1897 1916/1232/1902 1917/1233/1903
f 1911/1227/1897 1917/1233/1903 1909/1225/1895
f 1909/1225/1895 1917/1233/1903 1908/1224/1894
f 1908/1224/1894 1917/1233/1903 1918/1234/1904
f 1918/1234/1904 1917/1233/1903 1919/1235/1905
f 1918/1234/1904 1919/1235/1905 1920/1236/1906
f 1920/1236/1906 1919/1235/1905 1921/1237/1736
f 1921/1237/1736 1919/1235/1905 1922/1238/1907
f 1921/1237/1736 1922/1238/1907 1923/1239/1736
f 1924/1240/1908 1922/1238/1907 1919/1235/1905
f 1924/1240/1908 1919/1235/1905 1917/1233/1903
f 1924/1240/1908 1917/1233/1903 1916/1232/1902
f 1924/1240/1908 1916/1232/1902 1925/1241/1909
f 1925/1241/1909 1916/1232/1902 1915/1231/1901
f 1925/1241/1909 1915/1231/1901 1926/1242/1910
f 1926/1242/1910 1915/1231/1901 1914/1230/1900
f 1926/1242/1910 1914/1230/1900 1888/1204/1874
f 1926/1242/1910 1888/1204/1874 1887/1203/1873
f 1926/1242/1910 1887/1203/1873 1927/1243/1911
f 1927/1243/1911 1887/1203/1873 1886/1202/1872
f 1927/1243/1911 1928/1244/1912 1926/1242/1910
f 1926/1242/1910 1928/1244/1912 1925/1241/1909
f 1925/1241/1909 1928/1244/1912 1929/1245/1913
f 1925/1241/1909 1929/1245/1913 1924/1240/1908
f 1924/1240/1908 1929/1245/1913 1922/1238/1907
f 1922/1238/1907 1929/1245/1913 1930/1246/1914
f 1922/1238/1907 1930/1246/1914 1923/1239/1736
f 1923/1239/1736 1930/1246/1914 1931/1247/1915
f 1931/1247/1915 1930/1246/1914 1932/1248/1916
f 1931/1247/1915 1932/1248/1916 1933/1249/1917
f 1934/1250/1918 1932/1248/1916 1930/1246/1914
f 1934/1250/1918 1930/1246/1914 1929/1245/1913
f 1934/1250/1918 1929/1245/1913 1928/1244/1912
f 1934/1250/1918 1928/1244/1912 1935/1251/1919
f 1935/1251/1919 1928/1244/1912 1927/1243/1911
f 1935/1251/1919 1927/1243/1911 1936/1252/1920
f 1936/1252/1920 1927/1243/1911 1886/1202/1872
f 1936/1252/1920 1886/1202/1872 1937/1253/1921
f 1937/1253/1921 1886/1202/1872 1884/1200/1870
f 1937/1253/1921 1884/1200/1870 1938/1254/1922
f 1938/1254/1922 1884/1200/1870 1939/1255/1923
f 1939/1255/1923 1884/1200/1870 1885/1201/1871
f 1939/1255/1923 1885/1201/1871 1940/1256/1924
f 1940/1256/1924 1885/1201/1871 1941/1257/1925
f 1940/1256/1924 1941/1257/1925 1942/1258/1926
f 1940/1256/1924 1942/1258/1926 1943/1259/1927
f 1943/1259/1927 1942/1258/1926 1944/1260/1928
f 1944/1260/1928 1942/1258/1926 1945/1261/1929
f 1944/1260/1928 1945/1261/1929 1946/1262/1930
f 1946/1262/1930 1945/1261/1929 1947/1263/1931
f 1946/1262/1930 1947/1263/1931 1948/1264/1932
f 1948/1264/1932 1947/1263/1931 1949/1265/1933
f 1948/1264/1932 1949/1265/1933 1950/1266/1934
f 1950/1266/1934 1949/1265/1933 1951/1267/1935
f 1950/1266/1934 1951/1267/1935 1952/1268/1936
f 1952/1268/1936 1951/1267/1935 1953/1269/1937
f 1952/1268/1936 1953/1269/1937 1954/1270/1938
f 1952/1268/1936 1954/1270/1938 1955/1271/1939
f 1955/1271/1939 1954/1270/1938 1956/1272/1940
f 1956/1272/1940 1954/1270/1938 1957/1273/1941
f 1956/1272/1940 1957/1273/1941 1958/1274/1942
f 1958/1274/1942 1957/1273/1941 1959/1275/1943
f 1958/1274/1942 1959/1275/1943 1960/1276/1944
f 1960/1276/1944 1959/1275/1943 1961/1277/1945
f 1960/1276/1944 1961/1277/1945 1962/1278/1946
f 1962/1278/1946 1961/1277/1945 1963/1279/1947
f 1962/1278/1946 1963/1279/1947 1964/1280/1948
f 1964/1280/1948 1963/1279/1947 1965/1281/1949
f 1964/1280/1948 1965/1281/1949 1966/1282/1950
f 1964/1280/1948 1966/1282/1950 1967/1283/1951
f 1967/1283/1951 1966/1282/1950 1968/1284/1952
f 1968/1284/1952 1966/1282/1950 1969/1285/1953
f 1968/1284/1952 1969/1285/1953 1970/1286/1954
f 1968/1284/1952 1970/1286/1954 1971/1287/1955
f 1971/1287/1955 1970/1286/1954 1972/1288/1956
f 1972/1288/1956 1970/1286/1954 1973/1289/1957
f 1972/1288/1956 1973/1289/1957 1974/1290/1958
f 1974/1290/1958 1973/1289/1957 1975/1291/1959
f 1974/1290/1958 1975/1291/1959 1976/1292/1960
f 1976/1292/1960 1975/1291/1959 1977/1293/1961
f 1976/1292/1960 1977/1293/1961 1978/1294/1962
f 1978/1294/1962 1977/1293/1961 1979/1295/1963
f 1978/1294/1962 1979/1295/1963 1980/1296/1964
f 1978/1294/1962 1980/1296/1964 1981/1297/1965
f 1981/1297/1965 1980/1296/1964 1982/1298/1966
f 1981/1297/1965 1982/1298/1966 1983/1299/1967
f 1983/1299/1967 1982/1298/1966 1984/1300/1968
f 1983/1299/1967 1984/1300/1968 1985/1301/1969
f 1985/1301/1969 1984/1300/1968 1986/1302/1970
f 1985/1301/1969 1987/1303/1971 1983/1299/1967
f 1983/1299/1967 1987/1303/1971 1988/1304/1972
f 1983/1299/1967 1988/1304/1972 1981/1297/1965
f 1981/1297/1965 1988/1304/1972 1989/1305/1973
f 1981/1297/1965 1989/1305/1973 1978/1294/1962
f 1978/1294/1962 1989/1305/1973 1990/1306/1974
f 1978/1294/1962 1990/1306/1974 1976/1292/1960
f 1976/1292/1960 1990/1306/1974 1991/1307/1975
f 1976/1292/1960 1991/1307/1975 1974/1290/1958
f 1974/1290/1958 1991/1307/1975 1992/1308/1976
f 1974/1290/1958 1992/1308/1976 1972/1288/1956
f 1972/1288/1956 1992/1308/1976 1993/1309/1977
f 1972/1288/1956 1993/1309/1977 1971/1287/1955
f 1971/1287/1955 1993/1309/1977 1994/1310/1978
f 1971/1287/1955 1994/1310/1978 1968/1284/1952
f 1968/1284/1952 1994/1310/1978 1995/1311/1979
f 1968/1284/1952 1995/1311/1979 1967/1283/1951
f 1967/1283/1951 1995/1311/1979 1996/1312/1980
f 1967/1283/1951 1996/1312/1980 1964/1280/1948
f 1964/1280/1948 1996/1312/1980 1997/1313/1763
f 1964/1280/1948 1997/1313/1763 1998/1314/1981
f 1964/1280/1948 1998/1314/1981 1962/1278/1946
f 1962/1278/1946 1998/1314/1981 1999/1315/1982
f 1962/1278/1946 1999/1315/1982 2000/1316/1763
f 1962/1278/1946 2000/1316/1763 1960/1276/1944
f 1960/1276/1944 2000/1316/1763 2001/1317/1983
f 1960/1276/1944 2001/1317/1983 1958/1274/1942
f 1958/1274/1942 2001/1317/1983 2002/1318/1984
f 1958/1274/1942 2002/1318/1984 1956/1272/1940
f 1956/1272/1940 2002/1318/1984 2003/1319/1985
f 1956/1272/1940 2003/1319/1985 2004/1320/1986
f 1956/1272/1940 2004/1320/1986 1955/1271/1939
f 1955/1271/1939 2004/1320/1986 1952/1268/1936
f 1952/1268/1936 2004/1320/1986 2005/1321/1987
f 1952/1268/1936 2005/1321/1987 1950/1266/1934
f 1950/1266/1934 2005/1321/1987 2006/1322/1988
f 1950/1266/1934 2006/1322/1988 1948/1264/1932
f 1948/1264/1932 2006/1322/1988 2007/1323/1989
f 1948/1264/1932 2007/1323/1989 1946/1262/1930
f 1946/1262/1930 2007/1323/1989 2008/1324/1990
f 1946/1262/1930 2008/1324/1990 1944/1260/1928
f 1944/1260/1928 2008/1324/1990 2009/1325/1991
f 1944/1260/1928 2009/1325/1991 1943/1259/1927
f 1943/1259/1927 2009/1325/1991 2010/1326/1992
f 1943/1259/1927 2010/1326/1992 1940/1256/1924
f 1940/1256/1924 2010/1326/1992 2011/1327/1993
f 1940/1256/1924 2011/1327/1993 1939/1255/1923
f 1939/1255/1923 2011/1327/1993 1938/1254/1922
f 1938/1254/1922 2011/1327/1993 2012/1328/1994
f 2012/1328/1994 2011/1327/1993 2013/1329/1995
f 2013/1329/1995 2011/1327/1993 2010/1326/1992
f 2013/1329/1995 2010/1326/1992 2014/1330/1996
f 2014/1330/1996 2010/1326/1992 2009/1325/1991
f 2014/1330/1996 2009/1325/1991 2015/1331/1997
f 2015/1331/1997 2009/1325/1991 2008/1324/1990
f 2015/1331/1997 2008/1324/1990 2016/1332/1998
f 2016/1332/1998 2008/1324/1990 2007/1323/1989
f 2016/1332/1998 2007/1323/1989 2017/1333/1999
f 2017/1333/1999 2007/1323/1989 2006/1322/1988
f 2017/1333/1999 2006/1322/1988 2018/1334/1997
f 2018/1334/1997 2006/1322/1988 2005/1321/1987
f 2018/1334/1997 2005/1321/1987 2019/1335/1837
f 2019/1335/1837 2005/1321/1987 2004/1320/1986
f 2019/1335/1837 2004/1320/1986 2003/1319/1985
f 2019/1335/1837 2003/1319/1985 2020/1336/2000
f 2020/1336/2000 2003/1319/1985 2021/1337/2001
f 2020/1336/2000 2021/1337/2001 2022/1338/2002
f 2022/1338/2002 2021/1337/2001 2023/1339/2003
f 2023/1339/2003 2021/1337/2001 2002/1318/1984
f 2023/1339/2003 2002/1318/1984 2001/1317/1983
f 2003/1319/1985 2002/1318/1984 2021/1337/2001
f 2022/1338/2002 2024/1340/2004 2020/1336/2000
f 2020/1336/2000 2024/1340/2004 2019/1335/1837
f 2019/1335/1837 2024/1340/2004 2025/1341/2005
f 2019/1335/1837 2025/1341/2005 2018/1334/1997
f 2018/1334/1997 2025/1341/2005 2026/1342/2006
f 2018/1334/1997 2026/1342/2006 2017/1333/1999
f 2017/1333/1999 2026/1342/2006 2027/1343/2007
f 2017/1333/1999 2027/1343/2007 2016/1332/1998
f 2016/1332/1998 2027/1343/2007 2028/1344/2008
f 2016/1332/1998 2028/1344/2008 2029/1345/2009
f 2016/1332/1998 2029/1345/2009 2015/1331/1997
f 2015/1331/1997 2029/1345/2009 2030/1346/2010
f 2015/1331/1997 2030/1346/2010 2014/1330/1996
f 2014/1330/1996 2030/1346/2010 2031/1347/2011
f 2014/1330/1996 2031/1347/2011 2013/1329/1995
f 2013/1329/1995 2031/1347/2011 2032/1348/2012
f 2013/1329/1995 2032/1348/2012 2012/1328/1994
f 2012/1328/1994 2032/1348/2012 2033/1349/2013
f 2012/1328/1994 2033/1349/2013 1938/1254/1922
f 1938/1254/1922 2033/1349/2013 1937/1253/1921
f 1937/1253/1921 2033/1349/2013 1936/1252/1920
f 1936/1252/1920 2033/1349/2013 2034/1350/2014
f 1936/1252/1920 2034/1350/2014 1935/1251/1919
f 1935/1251/1919 2034/1350/2014 2035/1351/2015
f 1935/1251/1919 2035/1351/2015 1934/1250/1918
f 1934/1250/1918 2035/1351/2015 1932/1248/1916
f 1932/1248/1916 2035/1351/2015 2036/1352/2016
f 1932/1248/1916 2036/1352/2016 1933/1249/1917
f 2034/1350/2014 2033/1349/2013 2032/1348/2012
f 2034/1350/2014 2032/1348/2012 2037/1353/2017
f 2037/1353/2017 2032/1348/2012 2038/1354/2018
f 2038/1354/2018 2032/1348/2012 2031/1347/2011
f 2038/1354/2018 2031/1347/2011 2030/1346/2010
f 2038/1354/2018 2030/1346/2010 2039/1355/1718
f 2039/1355/1718 2030/1346/2010 2029/1345/2009
f 2034/1350/2014 2037/1353/2017 2035/1351/2015
f 2035/1351/2015 2037/1353/2017 2036/1352/2016
f 2036/1352/2016 2037/1353/2017 2040/1356/2019
f 2036/1352/2016 2040/1356/2019 1933/1249/1917
f 1933/1249/1917 2040/1356/2019 2041/1357/2020
f 2041/1357/2020 2040/1356/2019 2042/1358/2021
f 2042/1358/2021 2040/1356/2019 2043/1359/2022
f 2042/1358/2021 2043/1359/2022 2044/1360/2023
f 2044/1360/2023 2043/1359/2022 2039/1355/1718
f 2044/1360/2023 2039/1355/1718 2045/1361/2024
f 2045/1361/2024 2039/1355/1718 2029/1345/2009
f 2045/1361/2024 2029/1345/2009 2046/1362/2025
f 2046/1362/2025 2029/1345/2009 2028/1344/2008
f 2046/1362/2025 2028/1344/2008 2047/1363/2026
f 2047/1363/2026 2028/1344/2008 2027/1343/2007
f 2047/1363/2026 2027/1343/2007 2048/1364/2027
f 2048/1364/2027 2027/1343/2007 2026/1342/2006
f 2048/1364/2027 2026/1342/2006 2049/1365/2028
f 2049/1365/2028 2026/1342/2006 2025/1341/2005
f 2049/1365/2028 2025/1341/2005 2050/1366/2029
f 2050/1366/2029 2025/1341/2005 2024/1340/2004
f 2050/1366/2029 2024/1340/2004 2051/1367/2030
f 2051/1367/2030 2024/1340/2004 2022/1338/2002
f 2051/1367/2030 2022/1338/2002 2023/1339/2003
f 2051/1367/2030 2023/1339/2003 2052/1368/2031
f 2051/1367/2030 2052/1368/2031 2053/1369/2032
f 2051/1367/2030 2053/1369/2032 2050/1366/2029
f 2050/1366/2029 2053/1369/2032 2054/1370/2033
f 2050/1366/2029 2054/1370/2033 2049/1365/2028
f 2049/1365/2028 2054/1370/2033 2055/1371/2034
f 2049/1365/2028 2055/1371/2034 2048/1364/2027
f 2038/1354/2018 2039/1355/1718 2043/1359/2022
f 2038/1354/2018 2043/1359/2022 2040/1356/2019
f 2038/1354/2018 2040/1356/2019 2037/1353/2017
f 2042/1358/2021 2044/1360/2023 2056/1372/2035
f 2055/1371/2034 2054/1370/2033 2057/1373/2036
f 2057/1373/2036 2054/1370/2033 2053/1369/2032
f 2057/1373/2036 2053/1369/2032 2058/1374/2037
f 2058/1374/2037 2053/1369/2032 2059/1375/2038
f 2059/1375/2038 2053/1369/2032 2052/1368/2031
f 2059/1375/2038 2052/1368/2031 2060/1376/2039
f 2060/1376/2039 2052/1368/2031 2023/1339/2003
f 2060/1376/2039 2023/1339/2003 2061/1377/2040
f 2061/1377/2040 2023/1339/2003 2001/1317/1983
f 2061/1377/2040 2001/1317/1983 2000/1316/1763
f 2061/1377/2040 2000/1316/1763 2062/1378/2041
f 2062/1378/2041 2000/1316/1763 1999/1315/1982
f 2062/1378/2041 1999/1315/1982 2063/1379/2042
f 2063/1379/2042 1999/1315/1982 1998/1314/1981
f 2063/1379/2042 1998/1314/1981 2064/1380/2043
f 2064/1380/2043 1998/1314/1981 1997/1313/1763
f 2064/1380/2043 1997/1313/1763 2065/1381/1908
f 2065/1381/1908 1997/1313/1763 1996/1312/1980
f 2065/1381/1908 1996/1312/1980 2066/1382/2044
f 2066/1382/2044 1996/1312/1980 1995/1311/1979
f 2066/1382/2044 1995/1311/1979 2067/1383/2045
f 2067/1383/2045 1995/1311/1979 1994/1310/1978
f 2067/1383/2045 1994/1310/1978 2068/1384/2046
f 2068/1384/2046 1994/1310/1978 1993/1309/1977
f 2068/1384/2046 1993/1309/1977 2069/1385/2047
f 2069/1385/2047 1993/1309/1977 1992/1308/1976
f 2069/1385/2047 1992/1308/1976 2070/1386/1973
f 2070/1386/1973 1992/1308/1976 1991/1307/1975
f 2070/1386/1973 1991/1307/1975 2071/1387/1973
f 2071/1387/1973 1991/1307/1975 1990/1306/1974
f 2071/1387/1973 1990/1306/1974 2072/1388/1973
f 2072/1388/1973 1990/1306/1974 1989/1305/1973
f 2072/1388/1973 1989/1305/1973 2073/1389/2048
f 2073/1389/2048 1989/1305/1973 1988/1304/1972
f 2073/1389/2048 1988/1304/1972 2074/1390/2049
f 2073/1389/2048 2074/1390/2049 2075/1391/2050
f 2073/1389/2048 2075/1391/2050 2076/1392/2051
f 2073/1389/2048 2076/1392/2051 2072/1388/1973
f 2072/1388/1973 2076/1392/2051 2077/1393/2052
f 2072/1388/1973 2077/1393/2052 2071/1387/1973
f 2071/1387/1973 2077/1393/2052 2078/1394/2053
f 2071/1387/1973 2078/1394/2053 2070/1386/1973
f 2070/1386/1973 2078/1394/2053 2079/1395/2054
f 2070/1386/1973 2079/1395/2054 2069/1385/2047
f 2069/1385/2047 2079/1395/2054 2080/1396/2055
f 2069/1385/2047 2080/1396/2055 2068/1384/2046
f 2068/1384/2046 2080/1396/2055 2081/1397/2056
f 2068/1384/2046 2081/1397/2056 2067/1383/2045
f 2067/1383/2045 2081/1397/2056 2082/1398/2057
f 2067/1383/2045 2082/1398/2057 2066/1382/2044
f 2066/1382/2044 2082/1398/2057 2083/1399/2058
f 2066/1382/2044 2083/1399/2058 2065/1381/1908
f 2065/1381/1908 2083/1399/2058 2084/1400/2059
f 2065/1381/1908 2084/1400/2059 2064/1380/2043
f 2064/1380/2043 2084/1400/2059 2085/1401/2060
f 2064/1380/2043 2085/1401/2060 2063/1379/2042
f 2063/1379/2042 2085/1401/2060 2086/1402/2061
f 2063/1379/2042 2086/1402/2061 2062/1378/2041
f 2062/1378/2041 2086/1402/2061 2087/1403/2059
f 2062/1378/2041 2087/1403/2059 2061/1377/2040
f 2061/1377/2040 2087/1403/2059 2060/1376/2039
f 2060/1376/2039 2087/1403/2059 2088/1404/2062
f 2060/1376/2039 2088/1404/2062 2059/1375/2038
f 2089/1405/2063 2088/1404/2062 2087/1403/2059
f 2089/1405/2063 2087/1403/2059 2090/1406/2064
f 2090/1406/2064 2087/1403/2059 2086/1402/2061
f 2090/1406/2064 2086/1402/2061 2091/1407/2065
f 2091/1407/2065 2086/1402/2061 2085/1401/2060
f 2091/1407/2065 2085/1401/2060 2092/1408/2066
f 2092/1408/2066 2085/1401/2060 2084/1400/2059
f 2092/1408/2066 2084/1400/2059 2093/1409/2067
f 2093/1409/2067 2084/1400/2059 2083/1399/2058
f 2093/1409/2067 2083/1399/2058 2082/1398/2057
f 2093/1409/2067 2082/1398/2057 2094/1410/2068
f 2094/1410/2068 2082/1398/2057 2081/1397/2056
f 2094/1410/2068 2081/1397/2056 2095/1411/2069
f 2095/1411/2069 2081/1397/2056 2080/1396/2055
f 2095/1411/2069 2080/1396/2055 2096/1412/2070
f 2096/1412/2070 2080/1396/2055 2097/1413/2070
f 2097/1413/2070 2080/1396/2055 2079/1395/2054
f 2097/1413/2070 2079/1395/2054 2098/1414/2071
f 2098/1414/2071 2079/1395/2054 2078/1394/2053
f 2098/1414/2071 2078/1394/2053 2099/1415/2071
f 2099/1415/2071 2078/1394/2053 2077/1393/2052
f 2099/1415/2071 2077/1393/2052 2100/1416/2072
f 2100/1416/2072 2077/1393/2052 2076/1392/2051
f 2100/1416/2072 2076/1392/2051 2101/1417/2073
f 2101/1417/2073 2076/1392/2051 2075/1391/2050
f 2101/1417/2073 2075/1391/2050 2102/1418/2074
f 2102/1418/2074 2075/1391/2050 2074/1390/2049
f 2102/1418/2074 2074/1390/2049 2103/1419/2075
f 2103/1419/2075 2074/1390/2049 2104/1420/2076
f 2103/1419/2075 2104/1420/2076 2105/1421/2077
f 2103/1419/2075 2105/1421/2077 2106/1422/1876
f 2106/1422/1876 2105/1421/2077 2107/1423/2078
f 2107/1423/2078 2105/1421/2077 2108/1424/2079
f 2107/1423/2078 2108/1424/2079 2109/1425/2080
f 2109/1425/2080 2108/1424/2079 2110/1426/2081
f 2110/1426/2081 2108/1424/2079 2111/1427/2082
f 2110/1426/2081 2111/1427/2082 2112/1428/2083
f 2110/1426/2081 2112/1428/2083 2113/1429/2084
f 2113/1429/2084 2112/1428/2083 1986/1302/1970
f 2113/1429/2084 1986/1302/1970 2114/1430/2085
f 2115/1431/2086 2101/1417/2073 2102/1418/2074
f 2115/1431/2086 2102/1418/2074 2116/1432/2087
f 2116/1432/2087 2102/1418/2074 2117/1433/2088
f 2117/1433/2088 2102/1418/2074 2103/1419/2075
f 2117/1433/2088 2103/1419/2075 2106/1422/1876
f 1988/1304/1972 2104/1420/2076 2074/1390/2049
f 1986/1302/1970 2112/1428/2083 1985/1301/1969
f 1985/1301/1969 2112/1428/2083 2111/1427/2082
f 1985/1301/1969 2111/1427/2082 1987/1303/1971
f 1987/1303/1971 2111/1427/2082 2118/1434/2089
f 1987/1303/1971 2118/1434/2089 1988/1304/1972
f 1988/1304/1972 2118/1434/2089 2104/1420/2076
f 2104/1420/2076 2118/1434/2089 2105/1421/2077
f 2105/1421/2077 2118/1434/2089 2108/1424/2079
f 2108/1424/2079 2118/1434/2089 2111/1427/2082
f 1849/1164/1835 2119/1435/2090 1848/1165/1836
f 1848/1165/1836 2119/1435/2090 1857/1172/1843
f 1857/1172/1843 2119/1435/2090 2120/1436/2091
f 2120/1436/2091 2119/1435/2090 2121/1437/2092
f 2121/1437/2092 2119/1435/2090 2122/1438/2093
f 2121/1437/2092 2122/1438/2093 2123/1439/2094
f 2123/1439/2094 2122/1438/2093 2124/1440/2095
f 2123/1439/2094 2124/1440/2095 2125/1441/2096
f 2125/1441/2096 2124/1440/2095 2126/1442/2097
f 2125/1441/2096 2126/1442/2097 2127/1443/2098
f 2127/1443/2098 2126/1442/2097 2128/1444/2099
f 2127/1443/2098 2128/1444/2099 2129/1445/2100
f 2129/1445/2100 2128/1444/2099 2130/1446/2101
f 2129/1445/2100 2130/1446/2101 2131/1447/2102
f 2131/1447/2102 2130/1446/2101 1826/1142/1813
f 2131/1447/2102 1826/1142/1813 1787/1103/1778
f 1784/1100/1775 1826/1142/1813 2130/1446/2101
f 1784/1100/1775 2130/1446/2101 1763/1079/1754
f 1763/1079/1754 2130/1446/2101 2128/1444/2099
f 1763/1079/1754 2128/1444/2099 1734/1050/1725
f 1734/1050/1725 2128/1444/2099 2126/1442/2097
f 1734/1050/1725 2126/1442/2097 2132/1448/2103
f 1734/1050/1725 2132/1448/2103 1729/1045/1720
f 1729/1045/1720 2132/1448/2103 2133/1449/2104
f 1729/1045/1720 2133/1449/2104 1730/1046/1721
f 1730/1046/1721 2133/1449/2104 2134/1450/2105
f 1730/1046/1721 2134/1450/2105 1732/1048/1723
f 2135/1451/2106 2134/1450/2105 2133/1449/2104
f 2135/1451/2106 2133/1449/2104 2132/1448/2103
f 2135/1451/2106 2132/1448/2103 2136/1452/2107
f 2136/1452/2107 2132/1448/2103 2126/1442/2097
f 2136/1452/2107 2126/1442/2097 2124/1440/2095
f 2136/1452/2107 2124/1440/2095 2122/1438/2093
f 2136/1452/2107 2122/1438/2093 2137/1453/2108
f 2137/1453/2108 2122/1438/2093 2138/1454/2109
f 2137/1453/2108 2138/1454/2109 2139/1455/2110
f 2139/1455/2110 2138/1454/2109 1855/1171/1842
f 1855/1171/1842 2138/1454/2109 1849/1164/1835
f 1849/1164/1835 2138/1454/2109 2119/1435/2090
f 2119/1435/2090 2138/1454/2109 2122/1438/2093
f 2139/1455/2110 2140/1456/2111 2137/1453/2108
f 2137/1453/2108 2140/1456/2111 2136/1452/2107
f 2136/1452/2107 2140/1456/2111 2135/1451/2106
f 2135/1451/2106 2140/1456/2111 2141/1457/2112
f 2135/1451/2106 2141/1457/2112 2134/1450/2105
f 2134/1450/2105 2141/1457/2112 1732/1048/1723
f 1732/1048/1723 2141/1457/2112 2142/1458/2113
f 2142/1458/2113 2141/1457/2112 2143/1459/2114
f 2143/1459/2114 2141/1457/2112 2144/1460/2115
f 2144/1460/2115 2141/1457/2112 2140/1456/2111
f 2144/1460/2115 2140/1456/2111 2139/1455/2110
f 2144/1460/2115 2139/1455/2110 2145/1461/2116
f 2145/1461/2116 2139/1455/2110 1855/1171/1842
f 2145/1461/2116 1855/1171/1842 1854/1170/1841
f 2145/1461/2116 1854/1170/1841 2146/1462/2117
f 2146/1462/2117 1854/1170/1841 2147/1463/2118
f 2147/1463/2118 1854/1170/1841 1853/1169/1840
f 2147/1463/2118 1853/1169/1840 2148/1464/2119
f 2148/1464/2119 1853/1169/1840 1852/1168/1839
f 2146/1462/2117 2149/1465/2120 2145/1461/2116
f 2145/1461/2116 2149/1465/2120 2144/1460/2115
f 2144/1460/2115 2149/1465/2120 2143/1459/2114
f 2147/1463/2118 2148/1464/2119 2150/1466/2121
f 2150/1466/2121 2148/1464/2119 1902/1218/1888
f 1902/1218/1888 2148/1464/2119 1895/1211/1881
f 1895/1211/1881 2148/1464/2119 1870/1186/1857
f 1870/1186/1857 2148/1464/2119 1852/1168/1839
f 2151/1467/2122 2152/1468/2123 2153/1469/2124
f 2153/1469/2124 2152/1468/2123 2154/1470/2125
f 2153/1469/2124 2154/1470/2125 2155/1471/2126
f 2155/1471/2126 2154/1470/2125 2156/1472/2127
f 2155/1471/2126 2156/1472/2127 2157/1473/2128
f 2157/1473/2128 2156/1472/2127 2158/1474/2129
f 2055/1371/2034 2159/1475/2130 2048/1364/2027
f 2048/1364/2027 2159/1475/2130 2047/1363/2026
f 2047/1363/2026 2159/1475/2130 2160/1476/2131
f 2047/1363/2026 2160/1476/2131 2046/1362/2025
f 2046/1362/2025 2160/1476/2131 2161/1477/2132
f 2046/1362/2025 2161/1477/2132 2045/1361/2024
f 2045/1361/2024 2161/1477/2132 2044/1360/2023
f 2044/1360/2023 2161/1477/2132 2056/1372/2035
f 2056/1372/2035 2161/1477/2132 2162/1478/2133
f 2162/1478/2133 2161/1477/2132 2163/1479/2134
f 2163/1479/2134 2161/1477/2132 2160/1476/2131
f 2163/1479/2134 2160/1476/2131 2164/1480/2135
f 2164/1480/2135 2160/1476/2131 2159/1475/2130
f 2164/1480/2135 2159/1475/2130 2165/1481/2136
f 2165/1481/2136 2159/1475/2130 2055/1371/2034
f 2165/1481/2136 2055/1371/2034 2057/1373/2036
f 2167/1482/2137 2166/1483/2085 2168/1484/2138
f 2167/1482/2137 2168/1484/2138 2169/1485/2139
f 2169/1485/2139 2168/1484/2138 2170/1486/2140
f 2169/1485/2139 2170/1486/2140 2171/1487/2141
f 2171/1487/2141 2170/1486/2140 2172/1488/2142
f 2167/1482/2137 2169/1485/2139 2173/1489/2081
f 2173/1489/2081 2169/1485/2139 2171/1487/2141
f 2166/1483/2085 2174/1490/2143 2168/1484/2138
f 2168/1484/2138 2174/1490/2143 2175/1491/2144
f 2168/1484/2138 2175/1491/2144 2170/1486/2140
f 2175/1491/2144 2174/1490/2143 2176/1492/2145
f 2175/1491/2144 2176/1492/2145 2177/1493/1866
f 2177/1493/1866 2176/1492/2145 2178/1494/2146
f 2177/1493/1866 2178/1494/2146 2179/1495/2147
f 2177/1493/1866 2179/1495/2147 2180/1496/2148
f 2180/1496/2148 2179/1495/2147 2181/1497/2149
f 2181/1497/2149 2179/1495/2147 2182/1498/2150
f 2181/1497/2149 2182/1498/2150 2183/1499/2151
f 2183/1499/2151 2182/1498/2150 2184/1500/2152
f 2183/1499/2151 2184/1500/2152 2185/1501/2153
f 2185/1501/2153 2184/1500/2152 2186/1502/2154
f 2185/1501/2153 2186/1502/2154 2187/1503/2155
f 2187/1503/2155 2186/1502/2154 2188/1504/2156
f 2187/1503/2155 2188/1504/2156 2189/1505/2157
f 2189/1505/2157 2188/1504/2156 2190/1506/2158
f 2189/1505/2157 2190/1506/2158 2191/1507/2159
f 2191/1507/2159 2190/1506/2158 2192/1508/2160
f 2191/1507/2159 2192/1508/2160 2193/1509/2161
f 2191/1507/2159 2193/1509/2161 2194/1510/2162
f 2194/1510/2162 2193/1509/2161 2195/1511/2163
f 2195/1511/2163 2193/1509/2161 2196/1512/2164
f 2195/1511/2163 2196/1512/2164 2197/1513/2165
f 2197/1513/2165 2196/1512/2164 2198/1514/2166
f 2197/1513/2165 2198/1514/2166 2199/1515/2167
f 2199/1515/2167 2198/1514/2166 2200/1516/2168
f 2199/1515/2167 2200/1516/2168 2201/1517/2169
f 2201/1517/2169 2200/1516/2168 2202/1518/2170
f 2201/1517/2169 2202/1518/2170 2203/1519/2171
f 2203/1519/2171 2202/1518/2170 2204/1520/2172
f 2203/1519/2171 2204/1520/2172 2205/1521/2173
f 2203/1519/2171 2205/1521/2173 2206/1522/2174
f 2206/1522/2174 2205/1521/2173 2207/1523/2175
f 2206/1522/2174 2207/1523/2175 2208/1524/2176
f 2208/1524/2176 2207/1523/2175 2209/1525/2177
f 2209/1525/2177 2207/1523/2175 2210/1526/2178
f 2209/1525/2177 2210/1526/2178 2211/1527/2179
f 2209/1525/2177 2211/1527/2179 2212/1528/2180
f 2212/1528/2180 2211/1527/2179 2213/1529/2181
f 2213/1529/2181 2211/1527/2179 2214/1530/2182
f 2213/1529/2181 2214/1530/2182 2215/1531/2183
f 2213/1529/2181 2215/1531/2183 2216/1532/2184
f 2216/1532/2184 2215/1531/2183 2217/1533/2185
f 2217/1533/2185 2215/1531/2183 2218/1534/2186
f 2217/1533/2185 2218/1534/2186 2219/1535/2187
f 2219/1535/2187 2218/1534/2186 2220/1536/2188
f 2219/1535/2187 2220/1536/2188 2221/1537/2189
f 2221/1537/2189 2220/1536/2188 2222/1538/2190
f 2221/1537/2189 2222/1538/2190 2223/1539/2191
f 2221/1537/2189 2223/1539/2191 2224/1540/2192
f 2224/1540/2192 2223/1539/2191 2225/1541/2193
f 2224/1540/2192 2225/1541/2193 2226/1542/2194
f 2226/1542/2194 2225/1541/2193 2227/1543/2195
f 2227/1543/2195 2225/1541/2193 2228/1544/2196
f 2227/1543/2195 2228/1544/2196 2229/1545/2197
f 2229/1545/2197 2228/1544/2196 2230/1546/2198
f 2229/1545/2197 2230/1546/2198 2231/1547/2199
f 2231/1547/2199 2230/1546/2198 2232/1548/2200
f 2231/1547/2199 2232/1548/2200 2233/1549/2201
f 2231/1547/2199 2233/1549/2201 2234/1550/2202
f 2234/1550/2202 2233/1549/2201 2235/1551/2203
f 2235/1551/2203 2233/1549/2201 2236/1552/2204
f 2235/1551/2203 2236/1552/2204 2237/1553/2205
f 2237/1553/2205 2236/1552/2204 2238/1554/2206
f 2237/1553/2205 2238/1554/2206 2239/1555/2207
f 2239/1555/2207 2238/1554/2206 2240/1556/2208
f 2239/1555/2207 2240/1556/2208 2241/1557/2209
f 2241/1557/2209 2240/1556/2208 2242/1558/2210
f 2241/1557/2209 2242/1558/2210 2243/1559/2211
f 2241/1557/2209 2243/1559/2211 2244/1560/2212
f 2244/1560/2212 2243/1559/2211 2245/1561/2213
f 2244/1560/2212 2245/1561/2213 2246/1562/2214
f 2246/1562/2214 2245/1561/2213 2247/1563/2215
f 2247/1563/2215 2245/1561/2213 2248/1564/2216
f 2247/1563/2215 2248/1564/2216 2249/1565/2217
f 2249/1565/2217 2248/1564/2216 2250/1566/2218
f 2249/1565/2217 2250/1566/2218 2251/1567/2219
f 2251/1567/2219 2250/1566/2218 2252/1568/2220
f 2251/1567/2219 2252/1568/2220 2253/1569/2221
f 2251/1567/2219 2253/1569/2221 2254/1570/2222
f 2251/1567/2219 2254/1570/2222 2255/1571/2223
f 2251/1567/2219 2255/1571/2223 2249/1565/2217
f 2249/1565/2217 2255/1571/2223 2256/1572/2224
f 2249/1565/2217 2256/1572/2224 2247/1563/2215
f 2247/1563/2215 2256/1572/2224 2257/1573/2225
f 2247/1563/2215 2257/1573/2225 2246/1562/2214
f 2246/1562/2214 2257/1573/2225 2258/1574/2226
f 2246/1562/2214 2258/1574/2226 2244/1560/2212
f 2244/1560/2212 2258/1574/2226 2259/1575/2227
f 2244/1560/2212 2259/1575/2227 2241/1557/2209
f 2241/1557/2209 2259/1575/2227 2260/1576/2228
f 2241/1557/2209 2260/1576/2228 2239/1555/2207
f 2239/1555/2207 2260/1576/2228 2261/1577/2229
f 2239/1555/2207 2261/1577/2229 2237/1553/2205
f 2237/1553/2205 2261/1577/2229 2262/1578/2230
f 2237/1553/2205 2262/1578/2230 2235/1551/2203
f 2235/1551/2203 2262/1578/2230 2263/1579/2231
f 2235/1551/2203 2263/1579/2231 2234/1550/2202
f 2234/1550/2202 2263/1579/2231 2264/1580/2232
f 2234/1550/2202 2264/1580/2232 2265/1581/2233
f 2234/1550/2202 2265/1581/2233 2231/1547/2199
f 2231/1547/2199 2265/1581/2233 2229/1545/2197
f 2229/1545/2197 2265/1581/2233 2266/1582/2234
f 2229/1545/2197 2266/1582/2234 2227/1543/2195
f 2227/1543/2195 2266/1582/2234 2267/1583/2235
f 2227/1543/2195 2267/1583/2235 2226/1542/2194
f 2226/1542/2194 2267/1583/2235 2268/1584/2236
f 2226/1542/2194 2268/1584/2236 2224/1540/2192
f 2224/1540/2192 2268/1584/2236 2269/1585/2237
f 2224/1540/2192 2269/1585/2237 2221/1537/2189
f 2221/1537/2189 2269/1585/2237 2270/1586/2238
f 2221/1537/2189 2270/1586/2238 2219/1535/2187
f 2219/1535/2187 2270/1586/2238 2271/1587/2239
f 2219/1535/2187 2271/1587/2239 2217/1533/2185
f 2203/1519/2171 2206/1522/2174 2272/1588/2240
f 2203/1519/2171 2272/1588/2240 2201/1517/2169
f 2208/1524/2176 2272/1588/2240 2206/1522/2174
f 2271/1587/2239 2270/1586/2238 2273/1586/2241
f 2273/1586/2241 2270/1586/2238 2269/1585/2237
f 2273/1586/2241 2269/1585/2237 2274/1589/2242
f 2274/1589/2242 2269/1585/2237 2268/1584/2236
f 2274/1589/2242 2268/1584/2236 2275/1590/2243
f 2274/1589/2242 2275/1590/2243 2276/1591/2244
f 2274/1589/2242 2276/1591/2244 2273/1586/2241
f 2273/1586/2241 2276/1591/2244 2277/1592/2245
f 2273/1586/2241 2277/1592/2245 2271/1587/2239
f 2271/1587/2239 2277/1592/2245 2278/1593/1853
f 2271/1587/2239 2278/1593/1853 2217/1533/2185
f 2217/1533/2185 2278/1593/1853 2216/1532/2184
f 2216/1532/2184 2278/1593/1853 2279/1594/2246
f 2216/1532/2184 2279/1594/2246 2213/1529/2181
f 2280/1595/2247 2279/1594/2246 2278/1593/1853
f 2280/1595/2247 2278/1593/1853 2277/1592/2245
f 2280/1595/2247 2277/1592/2245 2281/1596/2248
f 2281/1596/2248 2277/1592/2245 2276/1591/2244
f 2281/1596/2248 2276/1591/2244 2282/1597/2249
f 2282/1597/2249 2276/1591/2244 2283/1598/2040
f 2283/1598/2040 2276/1591/2244 2275/1590/2243
f 2283/1598/2040 2275/1590/2243 2284/1599/1764
f 2284/1599/1764 2275/1590/2243 2268/1584/2236
f 2284/1599/1764 2268/1584/2236 2285/1600/2250
f 2285/1600/2250 2268/1584/2236 2267/1583/2235
f 2285/1600/2250 2267/1583/2235 2286/1601/2251
f 2286/1601/2251 2267/1583/2235 2266/1582/2234
f 2286/1601/2251 2266/1582/2234 2287/1602/2252
f 2287/1602/2252 2266/1582/2234 2265/1581/2233
f 2287/1602/2252 2265/1581/2233 2288/1603/2253
f 2288/1603/2253 2265/1581/2233 2264/1580/2232
f 2288/1603/2253 2264/1580/2232 2289/1604/2254
f 2289/1604/2254 2264/1580/2232 2263/1579/2231
f 2289/1604/2254 2263/1579/2231 2290/1605/2255
f 2290/1605/2255 2263/1579/2231 2262/1578/2230
f 2290/1605/2255 2262/1578/2230 2291/1606/1973
f 2291/1606/1973 2262/1578/2230 2261/1577/2229
f 2291/1606/1973 2292/1607/2256 2290/1605/2255
f 2290/1605/2255 2292/1607/2256 2289/1604/2254
f 2289/1604/2254 2292/1607/2256 2293/1608/2257
f 2289/1604/2254 2293/1608/2257 2288/1603/2253
f 2288/1603/2253 2293/1608/2257 2294/1609/2258
f 2288/1603/2253 2294/1609/2258 2287/1602/2252
f 2287/1602/2252 2294/1609/2258 2295/1610/2259
f 2287/1602/2252 2295/1610/2259 2286/1601/2251
f 2286/1601/2251 2295/1610/2259 2296/1611/2260
f 2286/1601/2251 2296/1611/2260 2285/1600/2250
f 2285/1600/2250 2296/1611/2260 2297/1612/2261
f 2285/1600/2250 2297/1612/2261 2284/1599/1764
f 2298/1613/2262 2297/1612/2261 2296/1611/2260
f 2298/1613/2262 2296/1611/2260 2299/1614/2263
f 2299/1614/2263 2296/1611/2260 2295/1610/2259
f 2299/1614/2263 2295/1610/2259 2300/1615/2264
f 2300/1615/2264 2295/1610/2259 2294/1609/2258
f 2300/1615/2264 2294/1609/2258 2301/1616/2265
f 2301/1616/2265 2294/1609/2258 2293/1608/2257
f 2301/1616/2265 2293/1608/2257 2302/1617/2266
f 2302/1617/2266 2293/1608/2257 2292/1607/2256
f 2302/1617/2266 2292/1607/2256 2291/1606/1973
f 2302/1617/2266 2291/1606/1973 2303/1618/2267
f 2302/1617/2266 2303/1618/2267 2304/1619/2268
f 2304/1619/2268 2303/1618/2267 2305/1620/2269
f 2304/1619/2268 2305/1620/2269 2306/1621/2270
f 2304/1619/2268 2306/1621/2270 2301/1616/2265
f 2301/1616/2265 2306/1621/2270 2300/1615/2264
f 2302/1617/2266 2304/1619/2268 2301/1616/2265
f 2307/1622/2271 2305/1620/2269 2303/1618/2267
f 2307/1622/2271 2303/1618/2267 2308/1623/2272
f 2308/1623/2272 2303/1618/2267 2291/1606/1973
f 2308/1623/2272 2291/1606/1973 2309/1624/2273
f 2309/1624/2273 2291/1606/1973 2261/1577/2229
f 2309/1624/2273 2261/1577/2229 2310/1625/2274
f 2310/1625/2274 2261/1577/2229 2260/1576/2228
f 2307/1622/2271 2308/1623/2272 2311/1626/2275
f 2311/1626/2275 2308/1623/2272 2312/1627/2276
f 2312/1627/2276 2308/1623/2272 2313/1628/2277
f 2312/1627/2276 2313/1628/2277 2314/1629/2278
f 2314/1629/2278 2313/1628/2277 2315/1630/2279
f 2314/1629/2278 2315/1630/2279 2316/1631/2280
f 2316/1631/2280 2315/1630/2279 2317/1632/2281
f 2316/1631/2280 2317/1632/2281 2318/1633/2282
f 2313/1628/2277 2308/1623/2272 2309/1624/2273
f 2313/1628/2277 2309/1624/2273 2310/1625/2274
f 2313/1628/2277 2310/1625/2274 2315/1630/2279
f 2315/1630/2279 2310/1625/2274 2319/1634/2283
f 2315/1630/2279 2319/1634/2283 2317/1632/2281
f 2317/1632/2281 2319/1634/2283 2320/1635/2284
f 2317/1632/2281 2320/1635/2284 2321/1636/2285
f 2317/1632/2281 2321/1636/2285 2318/1633/2282
f 2318/1633/2282 2321/1636/2285 2322/1637/2286
f 2318/1633/2282 2322/1637/2286 2323/1638/2287
f 2323/1638/2287 2322/1637/2286 2324/1639/2288
f 2324/1639/2288 2322/1637/2286 2325/1640/2289
f 2324/1639/2288 2325/1640/2289 2326/1641/2290
f 2324/1639/2288 2326/1641/2290 2327/1642/2291
f 2327/1642/2291 2326/1641/2290 2328/1643/2292
f 2328/1643/2292 2326/1641/2290 2329/1644/2293
f 2328/1643/2292 2329/1644/2293 2330/1645/2294
f 2328/1643/2292 2330/1645/2294 2331/1646/2295
f 2331/1646/2295 2330/1645/2294 2332/1647/2296
f 2332/1647/2296 2330/1645/2294 2333/1648/2297
f 2332/1647/2296 2333/1648/2297 2334/1649/2298
f 2332/1647/2296 2334/1649/2298 2335/1650/2299
f 2335/1650/2299 2334/1649/2298 2336/1651/2300
f 2336/1651/2300 2334/1649/2298 2337/1652/2301
f 2336/1651/2300 2337/1652/2301 2338/1653/2302
f 2336/1651/2300 2338/1653/2302 2339/1654/2303
f 2339/1654/2303 2338/1653/2302 2340/1655/2304
f 2340/1655/2304 2338/1653/2302 2341/1656/1918
f 2340/1655/2304 2341/1656/1918 2342/1657/2305
f 2340/1655/2304 2342/1657/2305 2343/1658/2306
f 2343/1658/2306 2342/1657/2305 2344/1659/2307
f 2344/1659/2307 2342/1657/2305 2345/1660/2308
f 2344/1659/2307 2345/1660/2308 2346/1661/2309
f 2346/1661/2309 2345/1660/2308 2347/1662/2310
f 2346/1661/2309 2347/1662/2310 2348/1663/2311
f 2346/1661/2309 2348/1663/2311 2349/1664/2312
f 2349/1664/2312 2348/1663/2311 2350/1665/2313
f 2350/1665/2313 2348/1663/2311 2351/1666/2314
f 2350/1665/2313 2351/1666/2314 2352/1667/2315
f 2352/1667/2315 2351/1666/2314 2353/1668/2316
f 2353/1668/2316 2351/1666/2314 2354/1669/2317
f 2354/1669/2317 2351/1666/2314 2348/1663/2311
f 2354/1669/2317 2348/1663/2311 2355/1670/2318
f 2355/1670/2318 2348/1663/2311 2347/1662/2310
f 2355/1670/2318 2347/1662/2310 2356/1671/2319
f 2356/1671/2319 2347/1662/2310 2345/1660/2308
f 2356/1671/2319 2345/1660/2308 2357/1672/2320
f 2357/1672/2320 2345/1660/2308 2342/1657/2305
f 2357/1672/2320 2342/1657/2305 2358/1673/2321
f 2358/1673/2321 2342/1657/2305 2341/1656/1918
f 2358/1673/2321 2341/1656/1918 2359/1674/2322
f 2359/1674/2322 2341/1656/1918 2338/1653/2302
f 2359/1674/2322 2338/1653/2302 2360/1675/2323
f 2360/1675/2323 2338/1653/2302 2337/1652/2301
f 2360/1675/2323 2337/1652/2301 2361/1676/2324
f 2361/1676/2324 2337/1652/2301 2334/1649/2298
f 2361/1676/2324 2334/1649/2298 2362/1677/2325
f 2362/1677/2325 2334/1649/2298 2333/1648/2297
f 2362/1677/2325 2333/1648/2297 2363/1678/2326
f 2363/1678/2326 2333/1648/2297 2330/1645/2294
f 2363/1678/2326 2330/1645/2294 2364/1679/2327
f 2364/1679/2327 2330/1645/2294 2329/1644/2293
f 2364/1679/2327 2329/1644/2293 2365/1680/2328
f 2365/1680/2328 2329/1644/2293 2326/1641/2290
f 2365/1680/2328 2326/1641/2290 2366/1681/2329
f 2366/1681/2329 2326/1641/2290 2325/1640/2289
f 2366/1681/2329 2325/1640/2289 2367/1682/2330
f 2367/1682/2330 2325/1640/2289 2322/1637/2286
f 2367/1682/2330 2322/1637/2286 2368/1683/2331
f 2368/1683/2331 2322/1637/2286 2321/1636/2285
f 2368/1683/2331 2321/1636/2285 2320/1635/2284
f 2368/1683/2331 2320/1635/2284 2259/1575/2227
f 2259/1575/2227 2320/1635/2284 2260/1576/2228
f 2260/1576/2228 2320/1635/2284 2319/1634/2283
f 2260/1576/2228 2319/1634/2283 2310/1625/2274
f 2350/1665/2313 2352/1667/2315 2369/1684/2332
f 2259/1575/2227 2258/1574/2226 2368/1683/2331
f 2368/1683/2331 2258/1574/2226 2370/1685/2333
f 2370/1685/2333 2258/1574/2226 2257/1573/2225
f 2370/1685/2333 2257/1573/2225 2371/1686/2334
f 2371/1686/2334 2257/1573/2225 2256/1572/2224
f 2371/1686/2334 2256/1572/2224 2372/1687/2335
f 2372/1687/2335 2256/1572/2224 2255/1571/2223
f 2372/1687/2335 2373/1688/2336 2371/1686/2334
f 2371/1686/2334 2373/1688/2336 2370/1685/2333
f 2370/1685/2333 2373/1688/2336 2374/1689/2337
f 2370/1685/2333 2374/1689/2337 2368/1683/2331
f 2368/1683/2331 2374/1689/2337 2367/1682/2330
f 2367/1682/2330 2374/1689/2337 2366/1681/2329
f 2366/1681/2329 2374/1689/2337 2373/1688/2336
f 2366/1681/2329 2373/1688/2336 2375/1690/2338
f 2375/1690/2338 2373/1688/2336 2372/1687/2335
f 2375/1690/2338 2372/1687/2335 2376/1691/2339
f 2375/1690/2338 2376/1691/2339 2365/1680/2328
f 2365/1680/2328 2376/1691/2339 2364/1679/2327
f 2364/1679/2327 2376/1691/2339 2363/1678/2326
f 2363/1678/2326 2376/1691/2339 2377/1692/2340
f 2363/1678/2326 2377/1692/2340 2362/1677/2325
f 2366/1681/2329 2375/1690/2338 2365/1680/2328
f 2377/1692/2340 2376/1691/2339 2378/1693/2341
f 2378/1693/2341 2376/1691/2339 2372/1687/2335
f 2378/1693/2341 2372/1687/2335 2379/1694/2342
f 2379/1694/2342 2372/1687/2335 2255/1571/2223
f 2379/1694/2342 2255/1571/2223 2254/1570/2222
f 2379/1694/2342 2254/1570/2222 2380/1695/2343
f 2380/1695/2343 2254/1570/2222 2381/1696/2344
f 2380/1695/2343 2381/1696/2344 2382/1697/2345
f 2382/1697/2345 2381/1696/2344 2383/1698/2346
f 2382/1697/2345 2383/1698/2346 2384/1699/2347
f 2382/1697/2345 2384/1699/2347 2385/1700/2348
f 2385/1700/2348 2384/1699/2347 2386/1701/2349
f 2385/1700/2348 2386/1701/2349 2387/1702/2350
f 2387/1702/2350 2386/1701/2349 2388/1703/2351
f 2254/1570/2222 2253/1569/2221 2381/1696/2344
f 2381/1696/2344 2253/1569/2221 2389/1704/2352
f 2381/1696/2344 2389/1704/2352 2383/1698/2346
f 2380/1695/2343 2382/1697/2345 2385/1700/2348
f 2380/1695/2343 2385/1700/2348 2390/1705/2353
f 2390/1705/2353 2385/1700/2348 2387/1702/2350
f 2390/1705/2353 2391/1706/2354 2380/1695/2343
f 2380/1695/2343 2391/1706/2354 2379/1694/2342
f 2379/1694/2342 2391/1706/2354 2378/1693/2341
f 2378/1693/2341 2391/1706/2354 2377/1692/2340
f 2377/1692/2340 2391/1706/2354 2392/1707/2355
f 2377/1692/2340 2392/1707/2355 2362/1677/2325
f 2362/1677/2325 2392/1707/2355 2361/1676/2324
f 2361/1676/2324 2392/1707/2355 2393/1708/2006
f 2361/1676/2324 2393/1708/2006 2360/1675/2323
f 2360/1675/2323 2393/1708/2006 2394/1709/2356
f 2360/1675/2323 2394/1709/2356 2359/1674/2322
f 2359/1674/2322 2394/1709/2356 2395/1710/2357
f 2395/1710/2357 2394/1709/2356 2396/1711/2212
f 2396/1711/2212 2394/1709/2356 2393/1708/2006
f 2396/1711/2212 2393/1708/2006 2397/1712/2358
f 2397/1712/2358 2393/1708/2006 2392/1707/2355
f 2397/1712/2358 2392/1707/2355 2391/1706/2354
f 2397/1712/2358 2391/1706/2354 2390/1705/2353
f 2397/1712/2358 2390/1705/2353 2398/1713/2359
f 2398/1713/2359 2390/1705/2353 2387/1702/2350
f 2398/1713/2359 2387/1702/2350 2399/1714/2360
f 2399/1714/2360 2387/1702/2350 2388/1703/2351
f 2399/1714/2360 2388/1703/2351 2400/1715/2361
f 2400/1715/2361 2388/1703/2351 2401/1716/2362
f 2400/1715/2361 2401/1716/2362 2402/1717/2363
f 2402/1717/2363 2401/1716/2362 2403/1718/2364
f 2402/1717/2363 2403/1718/2364 2404/1719/2365
f 2402/1717/2363 2404/1719/2365 2405/1720/2366
f 2405/1720/2366 2404/1719/2365 2406/1721/2367
f 2406/1721/2367 2404/1719/2365 2407/1722/2368
f 2406/1721/2367 2407/1722/2368 2408/1723/2369
f 2408/1723/2369 2407/1722/2368 2409/1724/2370
f 2408/1723/2369 2409/1724/2370 2410/1725/2371
f 2410/1725/2371 2409/1724/2370 2411/1726/2372
f 2410/1725/2371 2411/1726/2372 2412/1727/2373
f 2412/1727/2373 2411/1726/2372 2413/1728/2374
f 2412/1727/2373 2413/1728/2374 2414/1729/2375
f 2412/1727/2373 2414/1729/2375 2415/1730/2376
f 2415/1730/2376 2414/1729/2375 2416/1731/2377
f 2416/1731/2377 2414/1729/2375 2417/1732/2378
f 2416/1731/2377 2417/1732/2378 2418/1733/2379
f 2418/1733/2379 2417/1732/2378 2419/1734/2380
f 2418/1733/2379 2419/1734/2380 2420/1735/2381
f 2420/1735/2381 2419/1734/2380 2421/1736/2382
f 2420/1735/2381 2421/1736/2382 2422/1737/2383
f 2420/1735/2381 2422/1737/2383 2423/1738/2384
f 2423/1738/2384 2422/1737/2383 2424/1739/2385
f 2423/1738/2384 2424/1739/2385 2425/1740/2386
f 2425/1740/2386 2424/1739/2385 2426/1741/2387
f 2425/1740/2386 2426/1741/2387 2427/1742/2388
f 2427/1742/2388 2426/1741/2387 2428/1743/2389
f 2427/1742/2388 2428/1743/2389 2429/1744/2390
f 2429/1744/2390 2428/1743/2389 2430/1745/2391
f 2429/1744/2390 2430/1745/2391 2431/1746/2392
f 2431/1746/2392 2430/1745/2391 2432/1747/2393
f 2431/1746/2392 2432/1747/2393 2433/1748/2394
f 2433/1748/2394 2432/1747/2393 2434/1749/2395
f 2433/1748/2394 2434/1749/2395 2435/1750/2396
f 2435/1750/2396 2434/1749/2395 2436/1751/2125
f 2435/1750/2396 2436/1751/2125 2437/1752/2397
f 2437/1752/2397 2436/1751/2125 2438/1753/2398
f 2437/1752/2397 2438/1753/2398 2439/1754/2399
f 2437/1752/2397 2439/1754/2399 2440/1755/2400
f 2437/1752/2397 2440/1755/2400 2441/1756/2401
f 2437/1752/2397 2441/1756/2401 2435/1750/2396
f 2435/1750/2396 2441/1756/2401 2442/1757/2402
f 2435/1750/2396 2442/1757/2402 2433/1748/2394
f 2433/1748/2394 2442/1757/2402 2443/1758/2403
f 2433/1748/2394 2443/1758/2403 2431/1746/2392
f 2431/1746/2392 2443/1758/2403 2444/1759/2404
f 2431/1746/2392 2444/1759/2404 2429/1744/2390
f 2429/1744/2390 2444/1759/2404 2427/1742/2388
f 2427/1742/2388 2444/1759/2404 2445/1760/2405
f 2427/1742/2388 2445/1760/2405 2425/1740/2386
f 2425/1740/2386 2445/1760/2405 2446/1761/2406
f 2425/1740/2386 2446/1761/2406 2423/1738/2384
f 2398/1713/2359 2396/1711/2212 2397/1712/2358
f 2446/1761/2406 2445/1760/2405 2447/1762/2407
f 2447/1762/2407 2445/1760/2405 2444/1759/2404
f 2447/1762/2407 2444/1759/2404 2443/1758/2403
f 2447/1762/2407 2443/1758/2403 2448/1763/2408
f 2448/1763/2408 2443/1758/2403 2449/1764/2409
f 2449/1764/2409 2443/1758/2403 2442/1757/2402
f 2449/1764/2409 2442/1757/2402 2450/1765/2410
f 2450/1765/2410 2442/1757/2402 2441/1756/2401
f 2450/1765/2410 2441/1756/2401 2451/1766/2124
f 2451/1766/2124 2441/1756/2401 2440/1755/2400
f 2451/1766/2124 2440/1755/2400 2452/1767/2411
f 2452/1767/2411 2440/1755/2400 2453/1768/2412
f 2453/1768/2412 2440/1755/2400 2439/1754/2399
f 2453/1768/2412 2439/1754/2399 2454/1769/2413
f 2454/1769/2413 2439/1754/2399 2455/1770/2398
f 2448/1763/2408 2456/1771/2414 2447/1762/2407
f 2447/1762/2407 2456/1771/2414 2457/1772/2415
f 2447/1762/2407 2457/1772/2415 2446/1761/2406
f 2446/1761/2406 2457/1772/2415 2458/1773/2416
f 2446/1761/2406 2458/1773/2416 2423/1738/2384
f 2423/1738/2384 2458/1773/2416 2420/1735/2381
f 2420/1735/2381 2458/1773/2416 2418/1733/2379
f 2418/1733/2379 2458/1773/2416 2459/1774/2417
f 2418/1733/2379 2459/1774/2417 2416/1731/2377
f 2416/1731/2377 2459/1774/2417 2460/1775/2418
f 2416/1731/2377 2460/1775/2418 2415/1730/2376
f 2415/1730/2376 2460/1775/2418 2461/1776/2419
f 2415/1730/2376 2461/1776/2419 2412/1727/2373
f 2412/1727/2373 2461/1776/2419 2462/1777/2420
f 2412/1727/2373 2462/1777/2420 2410/1725/2371
f 2410/1725/2371 2462/1777/2420 2463/1778/2421
f 2410/1725/2371 2463/1778/2421 2408/1723/2369
f 2408/1723/2369 2463/1778/2421 2464/1779/2422
f 2408/1723/2369 2464/1779/2422 2406/1721/2367
f 2457/1772/2415 2456/1771/2414 2465/1780/2423
f 2464/1779/2422 2463/1778/2421 2357/1672/2320
f 2357/1672/2320 2463/1778/2421 2462/1777/2420
f 2357/1672/2320 2462/1777/2420 2356/1671/2319
f 2356/1671/2319 2462/1777/2420 2461/1776/2419
f 2356/1671/2319 2461/1776/2419 2355/1670/2318
f 2355/1670/2318 2461/1776/2419 2466/1781/2424
f 2355/1670/2318 2466/1781/2424 2354/1669/2317
f 2467/1781/2425 2466/1781/2424 2461/1776/2419
f 2467/1781/2425 2461/1776/2419 2460/1775/2418
f 2467/1781/2425 2460/1775/2418 2459/1774/2417
f 2467/1781/2425 2459/1774/2417 2468/1782/2426
f 2468/1782/2426 2459/1774/2417 2458/1773/2416
f 2468/1782/2426 2458/1773/2416 2469/1783/1930
f 2469/1783/1930 2458/1773/2416 2457/1772/2415
f 2469/1783/1930 2457/1772/2415 2470/1784/2427
f 2470/1784/2427 2457/1772/2415 2465/1780/2423
f 2470/1784/2427 2465/1780/2423 2471/1785/2428
f 2471/1785/2428 2465/1780/2423 2472/1786/2429
f 2471/1785/2428 2473/1787/2430 2470/1784/2427
f 2470/1784/2427 2473/1787/2430 2469/1783/1930
f 2469/1783/1930 2473/1787/2430 2468/1782/2426
f 2468/1782/2426 2473/1787/2430 2474/1788/2431
f 2468/1782/2426 2474/1788/2431 2467/1781/2425
f 2467/1781/2425 2474/1788/2431 2466/1781/2424
f 2466/1781/2424 2474/1788/2431 2354/1669/2317
f 2354/1669/2317 2474/1788/2431 2353/1668/2316
f 2353/1668/2316 2474/1788/2431 2473/1787/2430
f 2353/1668/2316 2473/1787/2430 2475/1789/2432
f 2475/1789/2432 2473/1787/2430 2471/1785/2428
f 2475/1789/2432 2471/1785/2428 2472/1786/2429
f 2475/1789/2432 2472/1786/2429 2352/1667/2315
f 2352/1667/2315 2472/1786/2429 2476/1790/2433
f 2353/1668/2316 2475/1789/2432 2352/1667/2315
f 2477/1791/2434 2170/1486/2140 2175/1491/2144
f 2477/1791/2434 2175/1491/2144 2177/1493/1866
f 2477/1791/2434 2177/1493/1866 2180/1496/2148
f 2477/1791/2434 2180/1496/2148 2478/1792/2435
f 2477/1791/2434 2478/1792/2435 2479/1793/2436
f 2477/1791/2434 2479/1793/2436 2172/1488/2142
f 2172/1488/2142 2479/1793/2436 2480/1794/2437
f 2172/1488/2142 2480/1794/2437 2171/1487/2141
f 2171/1487/2141 2480/1794/2437 2481/1795/2438
f 2171/1487/2141 2481/1795/2438 2173/1489/2081
f 2172/1488/2142 2170/1486/2140 2477/1791/2434
f 2481/1795/2438 2480/1794/2437 2482/1796/2078
f 2482/1796/2078 2480/1794/2437 2483/1797/2439
f 2483/1797/2439 2480/1794/2437 2484/1798/2040
f 2483/1797/2439 2484/1798/2040 2485/1799/2440
f 2483/1797/2439 2485/1799/2440 2486/1800/2441
f 2486/1800/2441 2485/1799/2440 2487/1801/2442
f 2487/1801/2442 2485/1799/2440 2488/1802/2443
f 2488/1802/2443 2485/1799/2440 2489/1803/2444
f 2489/1803/2444 2485/1799/2440 2490/1804/2445
f 2489/1803/2444 2490/1804/2445 2491/1805/2446
f 2492/1806/2447 2490/1804/2445 2485/1799/2440
f 2492/1806/2447 2485/1799/2440 2484/1798/2040
f 2492/1806/2447 2484/1798/2040 2493/1807/2448
f 2493/1807/2448 2484/1798/2040 2480/1794/2437
f 2493/1807/2448 2480/1794/2437 2494/1808/2449
f 2494/1808/2449 2480/1794/2437 2479/1793/2436
f 2494/1808/2449 2479/1793/2436 2478/1792/2435
f 2494/1808/2449 2478/1792/2435 2495/1809/2450
f 2495/1809/2450 2478/1792/2435 2180/1496/2148
f 2495/1809/2450 2180/1496/2148 2181/1497/2149
f 2495/1809/2450 2181/1497/2149 2496/1810/2451
f 2496/1810/2451 2181/1497/2149 2183/1499/2151
f 2496/1810/2451 2183/1499/2151 2497/1811/2452
f 2497/1811/2452 2183/1499/2151 2185/1501/2153
f 2497/1811/2452 2498/1812/2453 2496/1810/2451
f 2496/1810/2451 2498/1812/2453 2495/1809/2450
f 2495/1809/2450 2498/1812/2453 2499/1813/2454
f 2495/1809/2450 2499/1813/2454 2494/1808/2449
f 2494/1808/2449 2499/1813/2454 2493/1807/2448
f 2493/1807/2448 2499/1813/2454 2500/1814/2455
f 2500/1814/2455 2499/1813/2454 2501/1815/2456
f 2500/1814/2455 2501/1815/2456 2502/1816/2457
f 2502/1816/2457 2501/1815/2456 2503/1817/2458
f 2503/1817/2458 2501/1815/2456 2497/1811/2452
f 2497/1811/2452 2501/1815/2456 2498/1812/2453
f 2498/1812/2453 2501/1815/2456 2499/1813/2454
f 2502/1816/2457 2504/1818/2459 2500/1814/2455
f 2500/1814/2455 2504/1818/2459 2493/1807/2448
f 2493/1807/2448 2504/1818/2459 2492/1806/2447
f 2492/1806/2447 2504/1818/2459 2505/1819/2460
f 2492/1806/2447 2505/1819/2460 2490/1804/2445
f 2490/1804/2445 2505/1819/2460 2491/1805/2446
f 2491/1805/2446 2505/1819/2460 2506/1820/2461
f 2506/1820/2461 2505/1819/2460 2507/1821/2462
f 2506/1820/2461 2507/1821/2462 2508/1822/2463
f 2508/1822/2463 2507/1821/2462 2509/1823/2464
f 2508/1822/2463 2509/1823/2464 2510/1824/2273
f 2510/1824/2273 2509/1823/2464 2503/1817/2458
f 2503/1817/2458 2509/1823/2464 2502/1816/2457
f 2502/1816/2457 2509/1823/2464 2507/1821/2462
f 2502/1816/2457 2507/1821/2462 2504/1818/2459
f 2504/1818/2459 2507/1821/2462 2505/1819/2460
f 2508/1822/2463 2510/1824/2273 2511/1825/2465
f 2511/1825/2465 2510/1824/2273 2512/1826/2466
f 2512/1826/2466 2510/1824/2273 2513/1827/2467
f 2512/1826/2466 2513/1827/2467 2514/1828/2468
f 2514/1828/2468 2513/1827/2467 2515/1829/2104
f 2514/1828/2468 2515/1829/2104 2516/1830/2469
f 2516/1830/2469 2515/1829/2104 2517/1831/2470
f 2516/1830/2469 2517/1831/2470 2518/1832/2471
f 2518/1832/2471 2517/1831/2470 2519/1833/2273
f 2518/1832/2471 2519/1833/2273 2520/1834/2472
f 2520/1834/2472 2519/1833/2273 2521/1835/2473
f 2520/1834/2472 2521/1835/2473 2522/1836/2474
f 2522/1836/2474 2521/1835/2473 2523/1837/2298
f 2522/1836/2474 2523/1837/2298 2524/1838/2474
f 2524/1838/2474 2523/1837/2298 2525/1839/2473
f 2524/1838/2474 2525/1839/2473 2526/1840/2475
f 2526/1840/2475 2525/1839/2473 2527/1841/2473
f 2526/1840/2475 2527/1841/2473 2528/1842/2476
f 2528/1842/2476 2527/1841/2473 2529/1843/2477
f 2528/1842/2476 2529/1843/2477 2530/1844/2478
f 2530/1844/2478 2529/1843/2477 2531/1845/2479
f 2530/1844/2478 2531/1845/2479 2532/1846/2480
f 2532/1846/2480 2531/1845/2479 2533/1847/2481
f 2532/1846/2480 2533/1847/2481 2534/1848/2482
f 2532/1846/2480 2534/1848/2482 2535/1849/2483
f 2535/1849/2483 2534/1848/2482 2536/1850/2484
f 2536/1850/2484 2534/1848/2482 2537/1851/2305
f 2536/1850/2484 2537/1851/2305 2538/1852/2485
f 2538/1852/2485 2537/1851/2305 2539/1853/2486
f 2539/1853/2486 2537/1851/2305 2540/1854/2487
f 2539/1853/2486 2540/1854/2487 2541/1855/2488
f 2541/1855/2488 2540/1854/2487 2542/1856/2489
f 2541/1855/2488 2542/1856/2489 2543/1857/2490
f 2543/1857/2490 2542/1856/2489 2544/1858/2491
f 2543/1857/2490 2544/1858/2491 2545/1859/2492
f 2545/1859/2492 2544/1858/2491 2546/1860/2493
f 2545/1859/2492 2546/1860/2493 2547/1861/2494
f 2547/1861/2494 2546/1860/2493 2306/1621/2270
f 2547/1861/2494 2306/1621/2270 2305/1620/2269
f 2548/1862/2495 2528/1842/2476 2530/1844/2478
f 2548/1862/2495 2530/1844/2478 2535/1849/2483
f 2535/1849/2483 2530/1844/2478 2532/1846/2480
f 2306/1621/2270 2546/1860/2493 2300/1615/2264
f 2300/1615/2264 2546/1860/2493 2299/1614/2263
f 2299/1614/2263 2546/1860/2493 2298/1613/2262
f 2298/1613/2262 2546/1860/2493 2549/1863/2496
f 2298/1613/2262 2549/1863/2496 2297/1612/2261
f 2297/1612/2261 2549/1863/2496 2284/1599/1764
f 2284/1599/1764 2549/1863/2496 2544/1858/2491
f 2284/1599/1764 2544/1858/2491 2542/1856/2489
f 2284/1599/1764 2542/1856/2489 2283/1598/2040
f 2283/1598/2040 2542/1856/2489 2540/1854/2487
f 2283/1598/2040 2540/1854/2487 2282/1597/2249
f 2282/1597/2249 2540/1854/2487 2550/1864/2497
f 2282/1597/2249 2550/1864/2497 2281/1596/2248
f 2281/1596/2248 2550/1864/2497 2551/1865/2498
f 2281/1596/2248 2551/1865/2498 2280/1595/2247
f 2549/1863/2496 2546/1860/2493 2544/1858/2491
f 2540/1854/2487 2537/1851/2305 2550/1864/2497
f 2550/1864/2497 2537/1851/2305 2552/1866/2499
f 2550/1864/2497 2552/1866/2499 2551/1865/2498
f 2551/1865/2498 2552/1866/2499 2553/1867/2500
f 2551/1865/2498 2553/1867/2500 2554/1868/2501
f 2551/1865/2498 2554/1868/2501 2280/1595/2247
f 2280/1595/2247 2554/1868/2501 2279/1594/2246
f 2279/1594/2246 2554/1868/2501 2555/1869/2502
f 2279/1594/2246 2555/1869/2502 2213/1529/2181
f 2213/1529/2181 2555/1869/2502 2212/1528/2180
f 2212/1528/2180 2555/1869/2502 2556/1870/2503
f 2212/1528/2180 2556/1870/2503 2209/1525/2177
f 2557/1871/2441 2552/1866/2499 2537/1851/2305
f 2557/1871/2441 2537/1851/2305 2534/1848/2482
f 2557/1871/2441 2534/1848/2482 2533/1847/2481
f 2557/1871/2441 2533/1847/2481 2558/1872/2504
f 2557/1871/2441 2558/1872/2504 2553/1867/2500
f 2553/1867/2500 2558/1872/2504 2559/1873/2505
f 2553/1867/2500 2559/1873/2505 2554/1868/2501
f 2554/1868/2501 2559/1873/2505 2555/1869/2502
f 2555/1869/2502 2559/1873/2505 2556/1870/2503
f 2556/1870/2503 2559/1873/2505 2560/1874/2506
f 2556/1870/2503 2560/1874/2506 2561/1875/2507
f 2556/1870/2503 2561/1875/2507 2209/1525/2177
f 2209/1525/2177 2561/1875/2507 2208/1524/2176
f 2208/1524/2176 2561/1875/2507 2272/1588/2240
f 2272/1588/2240 2561/1875/2507 2562/1876/2508
f 2562/1876/2508 2561/1875/2507 2563/1877/2509
f 2563/1877/2509 2561/1875/2507 2560/1874/2506
f 2563/1877/2509 2560/1874/2506 2564/1878/2510
f 2564/1878/2510 2560/1874/2506 2558/1872/2504
f 2564/1878/2510 2558/1872/2504 2533/1847/2481
f 2564/1878/2510 2533/1847/2481 2531/1845/2479
f 2564/1878/2510 2531/1845/2479 2565/1879/2511
f 2565/1879/2511 2531/1845/2479 2529/1843/2477
f 2552/1866/2499 2557/1871/2441 2553/1867/2500
f 2558/1872/2504 2560/1874/2506 2559/1873/2505
f 2565/1879/2511 2566/1880/2512 2564/1878/2510
f 2564/1878/2510 2566/1880/2512 2563/1877/2509
f 2563/1877/2509 2566/1880/2512 2567/1881/2283
f 2563/1877/2509 2567/1881/2283 2562/1876/2508
f 2567/1881/2283 2566/1880/2512 2565/1879/2511
f 2567/1881/2283 2565/1879/2511 2568/1882/2513
f 2568/1882/2513 2565/1879/2511 2529/1843/2477
f 2568/1882/2513 2529/1843/2477 2527/1841/2473
f 2568/1882/2513 2527/1841/2473 2569/1883/1973
f 2569/1883/1973 2527/1841/2473 2525/1839/2473
f 2569/1883/1973 2525/1839/2473 2570/1884/2229
f 2570/1884/2229 2525/1839/2473 2523/1837/2298
f 2570/1884/2229 2523/1837/2298 2571/1885/2227
f 2571/1885/2227 2523/1837/2298 2521/1835/2473
f 2571/1885/2227 2521/1835/2473 2572/1886/2514
f 2572/1886/2514 2521/1835/2473 2519/1833/2273
f 2572/1886/2514 2519/1833/2273 2573/1887/2515
f 2573/1887/2515 2519/1833/2273 2517/1831/2470
f 2573/1887/2515 2517/1831/2470 2574/1888/2516
f 2574/1888/2516 2517/1831/2470 2515/1829/2104
f 2574/1888/2516 2515/1829/2104 2575/1889/2517
f 2575/1889/2517 2515/1829/2104 2513/1827/2467
f 2575/1889/2517 2513/1827/2467 2576/1890/2518
f 2576/1890/2518 2513/1827/2467 2510/1824/2273
f 2576/1890/2518 2510/1824/2273 2503/1817/2458
f 2576/1890/2518 2503/1817/2458 2497/1811/2452
f 2576/1890/2518 2497/1811/2452 2577/1891/2519
f 2577/1891/2519 2497/1811/2452 2185/1501/2153
f 2577/1891/2519 2185/1501/2153 2187/1503/2155
f 2577/1891/2519 2187/1503/2155 2578/1892/2520
f 2578/1892/2520 2187/1503/2155 2189/1505/2157
f 2578/1892/2520 2189/1505/2157 2579/1893/2521
f 2579/1893/2521 2189/1505/2157 2191/1507/2159
f 2579/1893/2521 2191/1507/2159 2580/1894/2522
f 2580/1894/2522 2191/1507/2159 2194/1510/2162
f 2576/1890/2518 2577/1891/2519 2575/1889/2517
f 2575/1889/2517 2577/1891/2519 2578/1892/2520
f 2575/1889/2517 2578/1892/2520 2574/1888/2516
f 2574/1888/2516 2578/1892/2520 2579/1893/2521
f 2574/1888/2516 2579/1893/2521 2573/1887/2515
f 2573/1887/2515 2579/1893/2521 2580/1894/2522
f 2573/1887/2515 2580/1894/2522 2572/1886/2514
f 2572/1886/2514 2580/1894/2522 2581/1895/2523
f 2572/1886/2514 2581/1895/2523 2571/1885/2227
f 2571/1885/2227 2581/1895/2523 2582/1896/2524
f 2571/1885/2227 2582/1896/2524 2570/1884/2229
f 2570/1884/2229 2582/1896/2524 2583/1897/2525
f 2570/1884/2229 2583/1897/2525 2569/1883/1973
f 2581/1895/2523 2580/1894/2522 2194/1510/2162
f 2581/1895/2523 2194/1510/2162 2195/1511/2163
f 2581/1895/2523 2195/1511/2163 2582/1896/2524
f 2582/1896/2524 2195/1511/2163 2197/1513/2165
f 2582/1896/2524 2197/1513/2165 2583/1897/2525
f 2583/1897/2525 2197/1513/2165 2199/1515/2167
f 2583/1897/2525 2199/1515/2167 2584/1898/2526
f 2584/1898/2526 2199/1515/2167 2201/1517/2169
f 2584/1898/2526 2201/1517/2169 2272/1588/2240
f 2584/1898/2526 2272/1588/2240 2562/1876/2508
f 2584/1898/2526 2562/1876/2508 2567/1881/2283
f 2584/1898/2526 2567/1881/2283 2568/1882/2513
f 2584/1898/2526 2568/1882/2513 2569/1883/1973
f 2584/1898/2526 2569/1883/1973 2583/1897/2525
f 2405/1720/2366 2406/1721/2367 2585/1899/2527
f 2405/1720/2366 2585/1899/2527 2586/1900/2528
f 2405/1720/2366 2586/1900/2528 2402/1717/2363
f 2402/1717/2363 2586/1900/2528 2587/1901/2529
f 2402/1717/2363 2587/1901/2529 2400/1715/2361
f 2585/1899/2527 2406/1721/2367 2464/1779/2422
f 2585/1899/2527 2464/1779/2422 2588/1902/2530
f 2588/1902/2530 2464/1779/2422 2589/1903/2531
f 2589/1903/2531 2464/1779/2422 2357/1672/2320
f 2589/1903/2531 2357/1672/2320 2358/1673/2321
f 2589/1903/2531 2358/1673/2321 2590/1904/2532
f 2590/1904/2532 2358/1673/2321 2359/1674/2322
f 2590/1904/2532 2359/1674/2322 2591/1905/2533
f 2591/1905/2533 2359/1674/2322 2395/1710/2357
f 2591/1905/2533 2395/1710/2357 2592/1906/2534
f 2592/1906/2534 2395/1710/2357 2396/1711/2212
f 2592/1906/2534 2396/1711/2212 2398/1713/2359
f 2592/1906/2534 2398/1713/2359 2399/1714/2360
f 2592/1906/2534 2399/1714/2360 2400/1715/2361
f 2592/1906/2534 2400/1715/2361 2587/1901/2529
f 2592/1906/2534 2587/1901/2529 2593/1907/2535
f 2592/1906/2534 2593/1907/2535 2591/1905/2533
f 2591/1905/2533 2593/1907/2535 2590/1904/2532
f 2590/1904/2532 2593/1907/2535 2594/1908/2536
f 2590/1904/2532 2594/1908/2536 2589/1903/2531
f 2589/1903/2531 2594/1908/2536 2588/1902/2530
f 2588/1902/2530 2594/1908/2536 2585/1899/2527
f 2585/1899/2527 2594/1908/2536 2586/1900/2528
f 2586/1900/2528 2594/1908/2536 2593/1907/2535
f 2586/1900/2528 2593/1907/2535 2587/1901/2529
f 2596/1909/2537 2595/1910/2538 2597/1911/2539
f 2596/1909/2537 2597/1911/2539 2598/1912/2540
f 2595/1910/2538 2596/1909/2537 2599/1913/2541
f 2595/1910/2538 2599/1913/2541 2600/1914/2542
f 2600/1914/2542 2599/1913/2541 2601/1915/2543
f 2600/1914/2542 2601/1915/2543 2602/1916/2544
f 2602/1916/2544 2601/1915/2543 2603/1917/2545
f 2602/1916/2544 2603/1917/2545 2604/1918/2546
f 2604/1918/2546 2603/1917/2545 2605/1919/2547
f 2604/1918/2546 2605/1919/2547 2606/1920/2548
f 2606/1920/2548 2605/1919/2547 2607/1921/2549
f 2606/1920/2548 2607/1921/2549 2608/1922/2550
f 2606/1920/2548 2608/1922/2550 2609/1923/2551
f 2609/1923/2551 2608/1922/2550 2610/1924/2552
f 2610/1924/2552 2608/1922/2550 2611/1925/2553
f 2610/1924/2552 2611/1925/2553 2612/1926/2554
f 2610/1924/2552 2612/1926/2554 2613/1927/2555
f 2613/1927/2555 2612/1926/2554 2614/1928/2556
f 2614/1928/2556 2612/1926/2554 2615/1929/2557
f 2614/1928/2556 2615/1929/2557 2616/1930/2558
f 2614/1928/2556 2616/1930/2558 2617/1931/2559
f 2617/1931/2559 2616/1930/2558 2618/1932/2560
f 2617/1931/2559 2618/1932/2560 2619/1933/2561
f 2619/1933/2561 2618/1932/2560 2620/1934/2562
f 2619/1933/2561 2620/1934/2562 2621/1935/2563
f 2621/1935/2563 2620/1934/2562 2622/1936/2564
f 2621/1935/2563 2622/1936/2564 2623/1937/2565
f 2623/1937/2565 2622/1936/2564 2624/1938/2566
f 2623/1937/2565 2624/1938/2566 2625/1939/2567
f 2625/1939/2567 2624/1938/2566 2598/1912/2540
f 2598/1912/2540 2624/1938/2566 2626/1940/2568
f 2598/1912/2540 2626/1940/2568 2596/1909/2537
f 2628/1941/2569 2627/1942/2570 2629/1943/2571
f 2628/1941/2569 2629/1943/2571 2630/1944/2572
f 2628/1941/2569 2630/1944/2572 2631/1945/2573
f 2631/1945/2573 2630/1944/2572 2632/1946/2574
f 2631/1945/2573 2632/1946/2574 2633/1947/2575
f 2633/1947/2575 2632/1946/2574 2634/1948/2576
f 2633/1947/2575 2634/1948/2576 2635/1949/2577
f 2633/1947/2575 2635/1949/2577 2636/1950/2578
f 2636/1950/2578 2635/1949/2577 2637/1951/2579
f 2636/1950/2578 2637/1951/2579 2638/1952/2580
f 2638/1952/2580 2637/1951/2579 2639/1953/2581
f 2638/1952/2580 2639/1953/2581 2640/1954/2582
f 2640/1954/2582 2639/1953/2581 2641/1955/2583
f 2641/1955/2583 2639/1953/2581 2642/1956/2584
f 2641/1955/2583 2642/1956/2584 2643/1957/2585
f 2641/1955/2583 2643/1957/2585 2644/1958/2586
f 2644/1958/2586 2643/1957/2585 2645/1959/2587
f 2645/1959/2587 2643/1957/2585 2646/1960/2588
f 2645/1959/2587 2646/1960/2588 2647/1961/2589
f 2645/1959/2587 2647/1961/2589 2648/1962/2590
f 2648/1962/2590 2647/1961/2589 2649/1963/2591
f 2649/1963/2591 2647/1961/2589 2650/1964/2592
f 2649/1963/2591 2650/1964/2592 2651/1965/2593
f 2649/1963/2591 2651/1965/2593 2652/1966/2594
f 2652/1966/2594 2651/1965/2593 2653/1967/2595
f 2653/1967/2595 2651/1965/2593 2654/1968/2596
f 2653/1967/2595 2654/1968/2596 2655/1969/2597
f 2653/1967/2595 2655/1969/2597 2656/1970/2598
f 2656/1970/2598 2655/1969/2597 2657/1971/2599
f 2657/1971/2599 2655/1969/2597 2658/1972/2600
f 2657/1971/2599 2658/1972/2600 2629/1943/2571
f 2657/1971/2599 2629/1943/2571 2627/1942/2570
f 2660/1973/2601 2659/1974/2602 2661/1975/2603
f 2660/1973/2601 2661/1975/2603 2662/1976/2604
f 2662/1976/2604 2661/1975/2603 2663/1977/2605
f 2662/1976/2604 2663/1977/2605 2664/1978/2606
f 2664/1978/2606 2663/1977/2605 2665/1979/2607
f 2664/1978/2606 2665/1979/2607 2666/1980/2608
f 2666/1980/2608 2665/1979/2607 2667/1981/2609
f 2666/1980/2608 2667/1981/2609 2668/1982/2610
f 2668/1982/2610 2667/1981/2609 2669/1983/2611
f 2668/1982/2610 2669/1983/2611 2670/1984/2612
f 2668/1982/2610 2670/1984/2612 2671/1985/2613
f 2671/1985/2613 2670/1984/2612 2672/1986/2614
f 2671/1985/2613 2672/1986/2614 2673/1987/2615
f 2673/1987/2615 2672/1986/2614 2674/1988/2616
f 2673/1987/2615 2674/1988/2616 2675/1989/2617
f 2675/1989/2617 2674/1988/2616 2676/1990/2618
f 2675/1989/2617 2676/1990/2618 2677/1991/2619
f 2677/1991/2619 2676/1990/2618 2678/1992/2620
f 2678/1992/2620 2676/1990/2618 2679/1993/2621
f 2678/1992/2620 2679/1993/2621 2680/1994/2622
f 2680/1994/2622 2679/1993/2621 2681/1995/2623
f 2680/1994/2622 2681/1995/2623 2682/1996/2624
f 2682/1996/2624 2681/1995/2623 2683/1997/2625
f 2682/1996/2624 2683/1997/2625 2684/1998/2626
f 2684/1998/2626 2683/1997/2625 2685/1999/2627
f 2684/1998/2626 2685/1999/2627 2686/2000/2628
f 2684/1998/2626 2686/2000/2628 2687/2001/2629
f 2687/2001/2629 2686/2000/2628 2688/2002/2630
f 2687/2001/2629 2688/2002/2630 2689/2003/2631
f 2689/2003/2631 2688/2002/2630 2690/2004/2632
f 2689/2003/2631 2690/2004/2632 2659/1974/2602
f 2659/1974/2602 2690/2004/2632 2661/1975/2603
f 2691/2005/2633 2692/2006/2634 2693/2007/2635
f 2693/2007/2635 2692/2006/2634 2694/2008/2584
f 2694/2008/2584 2692/2006/2634 2695/2009/2636
f 2694/2008/2584 2695/2009/2636 2696/2010/2581
f 2697/2011/2637 2691/2005/2633 2693/2007/2635
f 2697/2011/2637 2693/2007/2635 2698/2012/2638
f 2697/2011/2637 2698/2012/2638 2699/2013/2639
f 2699/2013/2639 2698/2012/2638 2700/2014/2640
f 2699/2013/2639 2700/2014/2640 2701/2015/2641
f 2701/2015/2641 2700/2014/2640 2702/2016/2592
f 2701/2015/2641 2702/2016/2592 2703/2017/2594
f 2703/2017/2594 2702/2016/2592 2704/2018/2642
f 2703/2017/2594 2704/2018/2642 2705/2019/2643
f 2703/2017/2594 2705/2019/2643 2706/2020/2644
f 2706/2020/2644 2705/2019/2643 2707/2021/2597
f 2706/2020/2644 2707/2021/2597 2708/2022/2598
f 2708/2022/2598 2707/2021/2597 2709/2023/2645
f 2709/2023/2645 2707/2021/2597 2710/2024/2600
f 2709/2023/2645 2710/2024/2600 2711/2025/2646
f 2711/2025/2646 2710/2024/2600 2712/2026/2647
f 2711/2025/2646 2712/2026/2647 2713/2027/2648
f 2713/2027/2648 2712/2026/2647 2714/2028/2572
f 2713/2027/2648 2714/2028/2572 2715/2029/2649
f 2713/2027/2648 2715/2029/2649 2716/2030/2650
f 2716/2030/2650 2715/2029/2649 2717/2031/2651
f 2716/2030/2650 2717/2031/2651 2718/2032/2575
f 2718/2032/2575 2717/2031/2651 2719/2033/2652
f 2719/2033/2652 2717/2031/2651 2720/2034/2653
f 2719/2033/2652 2720/2034/2653 2721/2035/2654
f 2721/2035/2654 2720/2034/2653 2722/2036/2655
f 2721/2035/2654 2722/2036/2655 2696/2010/2581
f 2721/2035/2654 2696/2010/2581 2695/2009/2636
f 2724/2037/2656 2723/2038/2575 2725/2039/2653
f 2724/2037/2656 2725/2039/2653 2726/2040/2654
f 2726/2040/2654 2725/2039/2653 2727/2041/2655
f 2726/2040/2654 2727/2041/2655 2728/2042/2657
f 2726/2040/2654 2728/2042/2657 2729/2043/2582
f 2729/2043/2582 2728/2042/2657 2730/2044/2583
f 2730/2044/2583 2728/2042/2657 2731/2045/2584
f 2730/2044/2583 2731/2045/2584 2732/2046/2658
f 2732/2046/2658 2731/2045/2584 2733/2047/2635
f 2732/2046/2658 2733/2047/2635 2734/2048/2659
f 2734/2048/2659 2733/2047/2635 2735/2049/2588
f 2734/2048/2659 2735/2049/2588 2736/2050/2589
f 2734/2048/2659 2736/2050/2589 2737/2051/2590
f 2737/2051/2590 2736/2050/2589 2738/2052/2660
f 2738/2052/2660 2736/2050/2589 2739/2053/2661
f 2738/2052/2660 2739/2053/2661 2740/2054/2662
f 2738/2052/2660 2740/2054/2662 2741/2055/2663
f 2741/2055/2663 2740/2054/2662 2742/2056/2595
f 2742/2056/2595 2740/2054/2662 2743/2057/2596
f 2742/2056/2595 2743/2057/2596 2744/2058/2664
f 2742/2056/2595 2744/2058/2664 2745/2059/2665
f 2745/2059/2665 2744/2058/2664 2746/2060/2600
f 2745/2059/2665 2746/2060/2600 2747/2061/2666
f 2747/2061/2666 2746/2060/2600 2748/2062/2667
f 2747/2061/2666 2748/2062/2667 2749/2063/2570
f 2749/2063/2570 2748/2062/2667 2750/2064/2668
f 2750/2064/2668 2748/2062/2667 2751/2065/2572
f 2750/2064/2668 2751/2065/2572 2752/2066/2669
f 2750/2064/2668 2752/2066/2669 2753/2067/2670
f 2753/2067/2670 2752/2066/2669 2723/2038/2575
f 2723/2038/2575 2752/2066/2669 2754/2068/2671
f 2723/2038/2575 2754/2068/2671 2725/2039/2653
f 2756/2069/2672 2755/2070/2673 2757/2071/2674
f 2756/2069/2672 2757/2071/2674 2758/2072/2675
f 2756/2069/2672 2758/2072/2675 2759/2073/2676
f 2759/2073/2676 2758/2072/2675 2760/2074/2588
f 2759/2073/2676 2760/2074/2588 2761/2075/2677
f 2761/2075/2677 2760/2074/2588 2762/2076/2678
f 2761/2075/2677 2762/2076/2678 2763/2077/2589
f 2761/2075/2677 2763/2077/2589 2764/2078/2590
f 2764/2078/2590 2763/2077/2589 2765/2079/2679
f 2765/2079/2679 2763/2077/2589 2766/2080/2680
f 2765/2079/2679 2766/2080/2680 2767/2081/2681
f 2767/2081/2681 2766/2080/2680 2768/2082/2592
f 2767/2081/2681 2768/2082/2592 2769/2083/2682
f 2767/2081/2681 2769/2083/2682 2770/2084/2683
f 2770/2084/2683 2769/2083/2682 2771/2085/2684
f 2770/2084/2683 2771/2085/2684 2772/2086/2685
f 2772/2086/2685 2771/2085/2684 2773/2087/2686
f 2773/2087/2686 2771/2085/2684 2774/2088/2687
f 2773/2087/2686 2774/2088/2687 2775/2089/2688
f 2773/2087/2686 2775/2089/2688 2776/2090/2595
f 2776/2090/2595 2775/2089/2688 2777/2091/2689
f 2776/2090/2595 2777/2091/2689 2778/2092/2690
f 2778/2092/2690 2777/2091/2689 2779/2093/2691
f 2778/2092/2690 2779/2093/2691 2780/2094/2692
f 2780/2094/2692 2779/2093/2691 2781/2095/2693
f 2781/2095/2693 2779/2093/2691 2782/2096/2694
f 2781/2095/2693 2782/2096/2694 2783/2097/2695
f 2781/2095/2693 2783/2097/2695 2784/2098/2696
f 2784/2098/2696 2783/2097/2695 2785/2099/2697
f 2784/2098/2696 2785/2099/2697 2786/2100/2698
f 2786/2100/2698 2785/2099/2697 2787/2101/2699
f 2786/2100/2698 2787/2101/2699 2788/2102/2700
f 2788/2102/2700 2787/2101/2699 2789/2103/2701
f 2788/2102/2700 2789/2103/2701 2790/2104/2702
f 2790/2104/2702 2789/2103/2701 2791/2105/2703
f 2791/2105/2703 2789/2103/2701 2792/2106/2572
f 2791/2105/2703 2792/2106/2572 2793/2107/2704
f 2793/2107/2704 2792/2106/2572 2794/2108/2705
f 2793/2107/2704 2794/2108/2705 2795/2109/2706
f 2795/2109/2706 2794/2108/2705 2796/2110/2574
f 2795/2109/2706 2796/2110/2574 2797/2111/2707
f 2797/2111/2707 2796/2110/2574 2798/2112/2708
f 2797/2111/2707 2798/2112/2708 2799/2113/2709
f 2797/2111/2707 2799/2113/2709 2800/2114/2710
f 2800/2114/2710 2799/2113/2709 2801/2115/2711
f 2801/2115/2711 2799/2113/2709 2802/2116/2712
f 2801/2115/2711 2802/2116/2712 2803/2117/2713
f 2803/2117/2713 2802/2116/2712 2804/2118/2714
f 2803/2117/2713 2804/2118/2714 2805/2119/2715
f 2803/2117/2713 2805/2119/2715 2806/2120/2716
f 2806/2120/2716 2805/2119/2715 2807/2121/2655
f 2806/2120/2716 2807/2121/2655 2808/2122/2717
f 2808/2122/2717 2807/2121/2655 2809/2123/2718
f 2808/2122/2717 2809/2123/2718 2810/2124/2719
f 2810/2124/2719 2809/2123/2718 2811/2125/2720
f 2811/2125/2720 2809/2123/2718 2812/2126/2581
f 2811/2125/2720 2812/2126/2581 2813/2127/2721
f 2813/2127/2721 2812/2126/2581 2814/2128/2722
f 2813/2127/2721 2814/2128/2722 2815/2129/2723
f 2815/2129/2723 2814/2128/2722 2816/2130/2584
f 2815/2129/2723 2816/2130/2584 2817/2131/2724
f 2817/2131/2724 2816/2130/2584 2818/2132/2725
f 2817/2131/2724 2818/2132/2725 2757/2071/2674
f 2817/2131/2724 2757/2071/2674 2755/2070/2673
f 2820/2133/2726 2819/2134/2727 2821/2135/2592
f 2820/2133/2726 2821/2135/2592 2822/2136/2662
f 2821/2135/2592 2819/2134/2727 2823/2137/2728
f 2821/2135/2592 2823/2137/2728 2824/2138/2729
f 2824/2138/2729 2823/2137/2728 2825/2139/2730
f 2824/2138/2729 2825/2139/2730 2826/2140/2731
f 2826/2140/2731 2825/2139/2730 2827/2141/2732
f 2826/2140/2731 2827/2141/2732 2828/2142/2733
f 2828/2142/2733 2827/2141/2732 2829/2143/2583
f 2828/2142/2733 2829/2143/2583 2830/2144/2584
f 2830/2144/2584 2829/2143/2583 2831/2145/2581
f 2831/2145/2581 2829/2143/2583 2832/2146/2582
f 2831/2145/2581 2832/2146/2582 2833/2147/2734
f 2833/2147/2734 2832/2146/2582 2834/2148/2735
f 2833/2147/2734 2834/2148/2735 2835/2149/2653
f 2835/2149/2653 2834/2148/2735 2836/2150/2652
f 2835/2149/2653 2836/2150/2652 2837/2151/2651
f 2837/2151/2651 2836/2150/2652 2838/2152/2575
f 2837/2151/2651 2838/2152/2575 2839/2153/2650
f 2837/2151/2651 2839/2153/2650 2840/2154/2649
f 2840/2154/2649 2839/2153/2650 2841/2155/2736
f 2840/2154/2649 2841/2155/2736 2842/2156/2572
f 2842/2156/2572 2841/2155/2736 2843/2157/2737
f 2842/2156/2572 2843/2157/2737 2844/2158/2738
f 2844/2158/2738 2843/2157/2737 2845/2159/2599
f 2844/2158/2738 2845/2159/2599 2846/2160/2600
f 2846/2160/2600 2845/2159/2599 2847/2161/2597
f 2847/2161/2597 2845/2159/2599 2848/2162/2739
f 2847/2161/2597 2848/2162/2739 2849/2163/2596
f 2849/2163/2596 2848/2162/2739 2850/2164/2740
f 2849/2163/2596 2850/2164/2740 2822/2136/2662
f 2822/2136/2662 2850/2164/2740 2820/2133/2726
f 2851/2165/2741 2852/862/2742 2853/860/2742
f 2855/2166/2320 2854/2167/2320 2856/1015/2320
f 2855/2166/2320 2856/1015/2320 2857/1014/2320
f 2855/2166/2320 2857/1014/2320 2858/2168/2320
f 2858/2168/2320 2857/1014/2320 2859/1012/2320
f 2858/2168/2320 2859/1012/2320 2860/2169/2320
f 2856/1015/2320 2854/2167/2320 2861/2170/2320
f 2856/1015/2320 2861/2170/2320 2862/2171/2320
f 2862/2171/2320 2861/2170/2320 2863/2172/2320
f 2862/2171/2320 2863/2172/2320 2864/2173/2320
f 2862/2171/2320 2864/2173/2320 2865/2174/2743
f 2862/2171/2320 2865/2174/2743 2866/2175/2320
f 2862/2171/2320 2866/2175/2320 2867/2176/2320
f 2862/2171/2320 2867/2176/2320 2868/2177/2320
f 2868/2177/2320 2867/2176/2320 2869/2178/2320
f 2868/2177/2320 2869/2178/2320 2870/2179/2320
f 2868/2177/2320 2870/2179/2320 2871/2180/2743
f 2871/2180/2743 2870/2179/2320 2872/2181/2743
f 2871/2180/2743 2872/2181/2743 2873/2182/2320
f 2871/2180/2743 2873/2182/2320 2874/2183/2320
f 2874/2183/2320 2873/2182/2320 2875/2184/2320
f 2874/2183/2320 2875/2184/2320 2876/2185/2320
f 2876/2185/2320 2875/2184/2320 2877/2186/2320
f 2876/2185/2320 2877/2186/2320 2878/2187/2320
f 2878/2187/2320 2877/2186/2320 2879/2188/2320
f 2879/2188/2320 2877/2186/2320 2880/2189/2320
f 2879/2188/2320 2880/2189/2320 2881/2190/2320
f 2881/2190/2320 2880/2189/2320 2882/2191/2320
f 2881/2190/2320 2882/2191/2320 2883/2192/2320
f 2881/2190/2320 2883/2192/2320 2884/2193/2320
f 2884/2193/2320 2883/2192/2320 2885/2194/2320
f 2885/2194/2320 2883/2192/2320 2886/2195/2743
f 2885/2194/2320 2886/2195/2743 2887/2196/2320
f 2885/2194/2320 2887/2196/2320 2888/2197/2320
f 2885/2194/2320 2888/2197/2320 2889/2198/2743
f 2885/2194/2320 2889/2198/2743 2890/2199/2320
f 2890/2199/2320 2889/2198/2743 2891/2200/2320
f 2890/2199/2320 2891/2200/2320 2892/2201/2320
f 2890/2199/2320 2892/2201/2320 2893/2202/2320
f 2890/2199/2320 2893/2202/2320 2894/2203/2320
f 2890/2199/2320 2894/2203/2320 2895/1026/2320
f 2895/1026/2320 2894/2203/2320 2896/2204/2320
f 2895/1026/2320 2896/2204/2320 2897/2205/2743
f 2895/1026/2320 2897/2205/2743 2898/1025/2743
f 2898/1025/2743 2897/2205/2743 2899/2206/2320
f 2898/1025/2743 2899/2206/2320 2900/2207/2320
f 2898/1025/2743 2900/2207/2320 2901/1022/2743
f 2901/1022/2743 2900/2207/2320 2902/951/2320
f 2901/1022/2743 2902/951/2320 2903/950/2320
f 2901/1022/2743 2903/950/2320 2904/1021/2320
f 2904/1021/2320 2903/950/2320 2905/948/2320
f 2906/2208/2320 2890/2199/2320 2895/1026/2320
f 2907/953/2320 2902/951/2320 2900/2207/2320
f 2907/953/2320 2900/2207/2320 2908/2209/2743
f 2907/953/2320 2908/2209/2743 2909/955/2320
f 2909/955/2320 2908/2209/2743 2910/2210/2320
f 2909/955/2320 2910/2210/2320 2911/957/2320
f 2911/957/2320 2910/2210/2320 2912/2211/2320
f 2911/957/2320 2912/2211/2320 2913/959/2320
f 2913/959/2320 2912/2211/2320 2914/2212/2320
f 2913/959/2320 2914/2212/2320 2915/962/2320
f 2915/962/2320 2914/2212/2320 2916/2213/2320
f 2915/962/2320 2916/2213/2320 2917/963/2320
f 2917/963/2320 2916/2213/2320 2918/2214/2320
f 2917/963/2320 2918/2214/2320 2919/2215/2320
f 2917/963/2320 2919/2215/2320 2920/2216/2320
f 2917/963/2320 2920/2216/2320 2921/965/2320
f 2921/965/2320 2920/2216/2320 2922/2217/2320
f 2921/965/2320 2922/2217/2320 2923/968/2320
f 2923/968/2320 2922/2217/2320 2924/2218/2320
f 2923/968/2320 2924/2218/2320 2925/969/2743
f 2925/969/2743 2924/2218/2320 2926/2219/2320
f 2925/969/2743 2926/2219/2320 2927/971/2320
f 2927/971/2320 2926/2219/2320 2928/974/2320
f 2928/974/2320 2926/2219/2320 2929/975/2320
f 2929/975/2320 2926/2219/2320 2930/978/2320
f 2930/978/2320 2926/2219/2320 2931/979/2320
f 2931/979/2320 2926/2219/2320 2932/982/2320
f 2932/982/2320 2926/2219/2320 2933/983/2320
f 2933/983/2320 2926/2219/2320 2934/986/2320
f 2934/986/2320 2926/2219/2320 2935/2220/2743
f 2934/986/2320 2935/2220/2743 2936/988/2320
f 2936/988/2320 2935/2220/2743 2937/2221/2320
f 2936/988/2320 2937/2221/2320 2938/989/2320
f 2938/989/2320 2937/2221/2320 2939/2222/2743
f 2938/989/2320 2939/2222/2743 2940/2223/2743
f 2938/989/2320 2940/2223/2743 2941/992/2743
f 2941/992/2743 2940/2223/2743 2942/2224/2320
f 2941/992/2743 2942/2224/2320 2943/2225/2320
f 2943/2225/2320 2942/2224/2320 2872/2181/2743
f 2872/2181/2743 2942/2224/2320 2873/2182/2320
f 2918/2214/2320 2916/2213/2320 2882/2191/2320
f 2882/2191/2320 2916/2213/2320 2883/2192/2320
f 2941/992/2743 2943/2225/2320 2944/994/2743
f 2944/994/2743 2943/2225/2320 2945/2226/2320
f 2944/994/2743 2945/2226/2320 2946/995/2320
f 2946/995/2320 2945/2226/2320 2947/2227/2320
f 2946/995/2320 2947/2227/2320 2948/998/2320
f 2948/998/2320 2947/2227/2320 2949/2228/2320
f 2948/998/2320 2949/2228/2320 2950/2229/2320
f 2948/998/2320 2950/2229/2320 2951/1000/2320
f 2951/1000/2320 2950/2229/2320 2952/1002/2320
f 2952/1002/2320 2950/2229/2320 2953/1004/2320
f 2953/1004/2320 2950/2229/2320 2860/2169/2320
f 2953/1004/2320 2860/2169/2320 2954/1006/2320
f 2954/1006/2320 2860/2169/2320 2859/1012/2320
f 2954/1006/2320 2859/1012/2320 2955/1007/2320
f 2955/1007/2320 2859/1012/2320 2956/1010/2320
f 2862/2171/2320 2957/2230/2320 2856/1015/2320
f 2856/1015/2320 2957/2230/2320 2958/2231/2320
f 2856/1015/2320 2958/2231/2320 2959/1018/2320
f 2959/1018/2320 2958/2231/2320 2960/2232/2320
f 2959/1018/2320 2960/2232/2320 2961/1020/2320
f 2961/1020/2320 2960/2232/2320 2962/2233/2743
f 2962/2233/2743 2960/2232/2320 2963/2234/2320
f 2962/2233/2743 2963/2234/2320 2964/2235/2320
f 2962/2233/2743 2964/2235/2320 2965/1031/2320
f 2965/1031/2320 2964/2235/2320 2966/1029/2320
f 2966/1029/2320 2964/2235/2320 2967/2236/2320
f 2966/1029/2320 2967/2236/2320 2895/1026/2320
f 2895/1026/2320 2967/2236/2320 2906/2208/2320
f 2968/2237/2744 2969/2238/2744 2970/2239/2744
f 2970/2239/2744 2969/2238/2744 2971/2240/2744
f 2971/2240/2744 2969/2238/2744 2972/2241/2744
f 2971/2240/2744 2972/2241/2744 2973/2242/2744
f 2973/2242/2744 2972/2241/2744 2974/2243/2744
f 2973/2242/2744 2974/2243/2744 2975/2244/2744
f 2975/2244/2744 2974/2243/2744 2976/2245/2745
f 2975/2244/2744 2976/2245/2745 2977/2246/2744
f 2977/2246/2744 2976/2245/2745 2978/2247/2744
f 2977/2246/2744 2978/2247/2744 2979/2248/2744
f 2977/2246/2744 2979/2248/2744 2980/2249/2744
f 2980/2249/2744 2979/2248/2744 2981/2250/2744
f 2980/2249/2744 2981/2250/2744 2982/2251/2744
f 2980/2249/2744 2982/2251/2744 2983/2252/2744
f 2980/2249/2744 2983/2252/2744 2984/2253/2745
f 2980/2249/2744 2984/2253/2745 2985/2254/2744
f 2980/2249/2744 2985/2254/2744 2986/2255/2744
f 2986/2255/2744 2985/2254/2744 2987/2256/2744
f 2986/2255/2744 2987/2256/2744 2988/2257/2745
f 2986/2255/2744 2988/2257/2745 2989/2258/2744
f 2986/2255/2744 2989/2258/2744 2990/2259/2744
f 2990/2259/2744 2989/2258/2744 2991/2260/2744
f 2991/2260/2744 2989/2258/2744 2992/1929/2744
f 2991/2260/2744 2992/1929/2744 2993/1926/2744
f 2991/2260/2744 2993/1926/2744 2994/2261/2744
f 2994/2261/2744 2993/1926/2744 2995/1925/2744
f 2994/2261/2744 2995/1925/2744 2996/2262/2744
f 2996/2262/2744 2995/1925/2744 2997/2263/2744
f 2997/2263/2744 2995/1925/2744 2998/1922/2744
f 2997/2263/2744 2998/1922/2744 2999/2264/2744
f 2999/2264/2744 2998/1922/2744 3000/1921/2745
f 2999/2264/2744 3000/1921/2745 3001/2265/2744
f 3001/2265/2744 3000/1921/2745 3002/2266/2744
f 3001/2265/2744 3002/2266/2744 3003/2267/2744
f 3003/2267/2744 3002/2266/2744 3004/2268/2744
f 3003/2267/2744 3004/2268/2744 3005/2269/2744
f 3003/2267/2744 3005/2269/2744 3006/2270/2745
f 3003/2267/2744 3006/2270/2745 3007/2271/2744
f 3003/2267/2744 3007/2271/2744 3008/2272/2744
f 3008/2272/2744 3007/2271/2744 3009/2273/2744
f 3008/2272/2744 3009/2273/2744 3010/2274/2745
f 3008/2272/2744 3010/2274/2745 3011/2275/2744
f 3008/2272/2744 3011/2275/2744 3012/2276/2744
f 3012/2276/2744 3011/2275/2744 3013/2277/2744
f 3012/2276/2744 3013/2277/2744 3014/2278/2744
f 3012/2276/2744 3014/2278/2744 3015/2279/2744
f 3012/2276/2744 3015/2279/2744 3016/2280/2745
f 3016/2280/2745 3015/2279/2744 3017/2281/2744
f 3016/2280/2745 3017/2281/2744 3018/2282/2744
f 3016/2280/2745 3018/2282/2744 3019/2283/2744
f 3019/2283/2744 3018/2282/2744 3020/2284/2744
f 3019/2283/2744 3020/2284/2744 3021/2285/2744
f 3019/2283/2744 3021/2285/2744 3022/2286/2744
f 3022/2286/2744 3021/2285/2744 3023/2287/2744
f 3024/2288/2744 2972/2241/2744 2969/2238/2744
f 3025/2289/2745 3008/2272/2744 3012/2276/2744
f 3020/2284/2744 3018/2282/2744 3026/2290/2744
f 3026/2290/2744 3018/2282/2744 3027/2291/2744
f 3026/2290/2744 3027/2291/2744 3028/2292/2744
f 3028/2292/2744 3027/2291/2744 3029/2293/2744
f 3028/2292/2744 3029/2293/2744 3030/2294/2744
f 3030/2294/2744 3029/2293/2744 3031/2295/2745
f 3030/2294/2744 3031/2295/2745 3032/2296/2744
f 3032/2296/2744 3031/2295/2745 3033/2297/2745
f 3032/2296/2744 3033/2297/2745 3034/2298/2744
f 3034/2298/2744 3033/2297/2745 3035/2299/2744
f 3034/2298/2744 3035/2299/2744 3036/2300/2744
f 3036/2300/2744 3035/2299/2744 3037/1919/2744
f 3036/2300/2744 3037/1919/2744 3038/1917/2745
f 3036/2300/2744 3038/1917/2745 3039/1915/2744
f 3036/2300/2744 3039/1915/2744 3040/2301/2744
f 3040/2301/2744 3039/1915/2744 3041/1913/2744
f 3040/2301/2744 3041/1913/2744 3042/2302/2744
f 3042/2302/2744 3041/1913/2744 3043/1909/2744
f 3042/2302/2744 3043/1909/2744 3044/2303/2744
f 3044/2303/2744 3043/1909/2744 3045/1940/2744
f 3044/2303/2744 3045/1940/2744 3046/2304/2744
f 3046/2304/2744 3045/1940/2744 3047/2305/2745
f 3047/2305/2745 3045/1940/2744 3048/2306/2745
f 3048/2306/2745 3045/1940/2744 3049/2307/2744
f 3049/2307/2744 3045/1940/2744 3050/2308/2744
f 3050/2308/2744 3045/1940/2744 3051/2309/2744
f 3051/2309/2744 3045/1940/2744 3052/2310/2744
f 3052/2310/2744 3045/1940/2744 3053/2311/2744
f 3053/2311/2744 3045/1940/2744 3054/1938/2744
f 3053/2311/2744 3054/1938/2744 3055/2312/2744
f 3055/2312/2744 3054/1938/2744 3056/1936/2744
f 3055/2312/2744 3056/1936/2744 3057/2313/2744
f 3057/2313/2744 3056/1936/2744 3058/1934/2744
f 3057/2313/2744 3058/1934/2744 3059/1932/2744
f 3057/2313/2744 3059/1932/2744 3060/2314/2744
f 3060/2314/2744 3059/1932/2744 3061/1930/2745
f 3060/2314/2744 3061/1930/2745 3062/2315/2745
f 3062/2315/2745 3061/1930/2745 2989/2258/2744
f 2989/2258/2744 3061/1930/2745 2992/1929/2744
f 3037/1919/2744 3035/2299/2744 3000/1921/2745
f 3000/1921/2745 3035/2299/2744 3002/2266/2744
f 3060/2314/2744 3062/2315/2745 3063/2316/2744
f 3063/2316/2744 3062/2315/2745 3064/2317/2744
f 3063/2316/2744 3064/2317/2744 3065/2318/2744
f 3065/2318/2744 3064/2317/2744 3066/2319/2744
f 3065/2318/2744 3066/2319/2744 3067/2320/2744
f 3067/2320/2744 3066/2319/2744 3068/2321/2744
f 3067/2320/2744 3068/2321/2744 3024/2288/2744
f 3067/2320/2744 3024/2288/2744 3069/2322/2744
f 3069/2322/2744 3024/2288/2744 3070/2323/2744
f 3070/2323/2744 3024/2288/2744 2969/2238/2744
f 2980/2249/2744 3071/2324/2744 2977/2246/2744
f 2977/2246/2744 3071/2324/2744 3072/2325/2744
f 2977/2246/2744 3072/2325/2744 3073/2326/2744
f 3073/2326/2744 3072/2325/2744 3074/2327/2744
f 3073/2326/2744 3074/2327/2744 3075/2328/2744
f 3075/2328/2744 3074/2327/2744 3076/2329/2745
f 3076/2329/2745 3074/2327/2744 3077/2330/2744
f 3076/2329/2745 3077/2330/2744 3078/2331/2744
f 3076/2329/2745 3078/2331/2744 3079/2332/2744
f 3079/2332/2744 3078/2331/2744 3080/2333/2744
f 3080/2333/2744 3078/2331/2744 3081/2334/2744
f 3080/2333/2744 3081/2334/2744 3012/2276/2744
f 3012/2276/2744 3081/2334/2744 3025/2289/2745
f 3082/2153/2744 3083/2017/2744 3084/2155/2745
f 3084/2155/2745 3083/2017/2744 3085/2020/2744
f 3082/2153/2744 3086/2152/2744 3083/2017/2744
f 3083/2017/2744 3086/2152/2744 3087/2015/2744
f 3087/2015/2744 3086/2152/2744 3088/2013/2744
f 3088/2013/2744 3086/2152/2744 3089/2150/2745
f 3088/2013/2744 3089/2150/2745 3090/2148/2744
f 3088/2013/2744 3090/2148/2744 3091/2011/2744
f 3091/2011/2744 3090/2148/2744 3092/2335/2744
f 3091/2011/2744 3092/2335/2744 3093/2336/2744
f 3091/2011/2744 3093/2336/2744 3094/2005/2744
f 3094/2005/2744 3093/2336/2744 3095/2006/2744
f 3095/2006/2744 3093/2336/2744 3096/2009/2744
f 3096/2009/2744 3093/2336/2744 3097/2035/2744
f 3097/2035/2744 3093/2336/2744 3098/2337/2744
f 3097/2035/2744 3098/2337/2744 3099/2338/2745
f 3099/2338/2745 3098/2337/2744 3100/2339/2744
f 3100/2339/2744 3098/2337/2744 3101/2340/2744
f 3101/2340/2744 3098/2337/2744 3093/2336/2744
f 3101/2340/2744 3093/2336/2744 3102/2341/2744
f 3102/2341/2744 3093/2336/2744 3092/2335/2744
f 3102/2341/2744 3092/2335/2744 3103/2342/2744
f 3103/2342/2744 3092/2335/2744 3104/2343/2744
f 3104/2343/2744 3092/2335/2744 3090/2148/2744
f 3104/2343/2744 3090/2148/2744 3105/2146/2744
f 3104/2343/2744 3105/2146/2744 3106/2143/2744
f 3104/2343/2744 3106/2143/2744 3107/2141/2744
f 3104/2343/2744 3107/2141/2744 3108/2139/2744
f 3104/2343/2744 3108/2139/2744 3109/2344/2744
f 3104/2343/2744 3109/2344/2744 3103/2342/2744
f 3103/2342/2744 3109/2344/2744 3110/2345/2744
f 3110/2345/2744 3109/2344/2744 3111/2346/2744
f 3111/2346/2744 3109/2344/2744 3112/2347/2746
f 3111/2346/2744 3112/2347/2746 3113/2348/2744
f 3113/2348/2744 3112/2347/2746 3114/2349/2744
f 3113/2348/2744 3114/2349/2744 3115/2350/2744
f 3115/2350/2744 3114/2349/2744 3116/2351/2745
f 3115/2350/2744 3116/2351/2745 3117/2352/2744
f 3117/2352/2744 3116/2351/2745 3118/2353/2745
f 3117/2352/2744 3118/2353/2745 3119/2354/2744
f 3119/2354/2744 3118/2353/2745 3120/2355/2744
f 3119/2354/2744 3120/2355/2744 3121/2356/2744
f 3121/2356/2744 3120/2355/2744 3122/2357/2744
f 3121/2356/2744 3122/2357/2744 3123/2358/2744
f 3123/2358/2744 3122/2357/2744 3124/2359/2745
f 3123/2358/2744 3124/2359/2745 3125/2360/2744
f 3125/2360/2744 3124/2359/2745 3126/2361/2744
f 3126/2361/2744 3124/2359/2745 3120/2355/2744
f 3126/2361/2744 3120/2355/2744 3118/2353/2745
f 3126/2361/2744 3118/2353/2745 3127/2362/2744
f 3126/2361/2744 3127/2362/2744 3128/2363/2744
f 3126/2361/2744 3128/2363/2744 3125/2360/2744
f 3097/2035/2744 3099/2338/2745 3129/2033/2744
f 3121/2356/2744 3123/2358/2744 3130/2364/2744
f 3130/2364/2744 3123/2358/2744 3131/2365/2744
f 3131/2365/2744 3123/2358/2744 3125/2360/2744
f 3120/2355/2744 3124/2359/2745 3122/2357/2744
f 3127/2362/2744 3118/2353/2745 3116/2351/2745
f 3127/2362/2744 3116/2351/2745 3132/2366/2744
f 3132/2366/2744 3116/2351/2745 3114/2349/2744
f 3132/2366/2744 3114/2349/2744 3133/2367/2744
f 3133/2367/2744 3114/2349/2744 3134/2052/2744
f 3133/2367/2744 3134/2052/2744 3135/2055/2744
f 3133/2367/2744 3135/2055/2744 3136/2056/2744
f 3133/2367/2744 3136/2056/2744 3137/2059/2744
f 3133/2367/2744 3137/2059/2744 3138/2368/2744
f 3133/2367/2744 3138/2368/2744 3139/2369/2744
f 3133/2367/2744 3139/2369/2744 3140/2370/2744
f 3133/2367/2744 3140/2370/2744 3132/2366/2744
f 3132/2366/2744 3140/2370/2744 3141/2371/2744
f 3132/2366/2744 3141/2371/2744 3127/2362/2744
f 3127/2362/2744 3141/2371/2744 3128/2363/2744
f 3114/2349/2744 3142/2051/2744 3134/2052/2744
f 3138/2368/2744 3137/2059/2744 3143/2061/2744
f 3138/2368/2744 3143/2061/2744 3144/2063/2744
f 3138/2368/2744 3144/2063/2744 3145/2064/2744
f 3138/2368/2744 3145/2064/2744 3146/1970/2744
f 3146/1970/2744 3145/2064/2744 3147/1967/2745
f 3147/1967/2745 3145/2064/2744 3148/2067/2744
f 3147/1967/2745 3148/2067/2744 3149/1966/2744
f 3149/1966/2744 3148/2067/2744 3150/2038/2744
f 3149/1966/2744 3150/2038/2744 3151/1963/2744
f 3151/1963/2744 3150/2038/2744 3152/1962/2744
f 3152/1962/2744 3150/2038/2744 3153/2037/2744
f 3152/1962/2744 3153/2037/2744 3154/1959/2744
f 3154/1959/2744 3153/2037/2744 3155/2040/2744
f 3154/1959/2744 3155/2040/2744 3156/1958/2744
f 3156/1958/2744 3155/2040/2744 3112/2347/2746
f 3156/1958/2744 3112/2347/2746 3157/1955/2744
f 3138/2368/2744 3146/1970/2744 3158/1971/2744
f 3155/2040/2744 3159/2043/2744 3112/2347/2746
f 3112/2347/2746 3159/2043/2744 3160/2044/2744
f 3112/2347/2746 3160/2044/2744 3161/2046/2744
f 3112/2347/2746 3161/2046/2744 3114/2349/2744
f 3114/2349/2744 3161/2046/2744 3162/2048/2745
f 3114/2349/2744 3162/2048/2745 3142/2051/2744
f 3163/1954/2745 3157/1955/2744 3112/2347/2746
f 3163/1954/2745 3112/2347/2746 3109/2344/2744
f 3163/1954/2745 3109/2344/2744 3164/1952/2744
f 3164/1952/2744 3109/2344/2744 3108/2139/2744
f 3164/1952/2744 3108/2139/2744 3165/2137/2744
f 3164/1952/2744 3165/2137/2744 3166/2134/2744
f 3164/1952/2744 3166/2134/2744 3167/2133/2744
f 3164/1952/2744 3167/2133/2744 3168/1950/2744
f 3168/1950/2744 3167/2133/2744 3169/1947/2744
f 3169/1947/2744 3167/2133/2744 3170/1945/2744
f 3170/1945/2744 3167/2133/2744 3171/1941/2744
f 3171/1941/2744 3167/2133/2744 3172/2164/2744
f 3171/1941/2744 3172/2164/2744 3173/2372/2744
f 3173/2372/2744 3172/2164/2744 3174/2162/2744
f 3173/2372/2744 3174/2162/2744 3175/2159/2744
f 3176/1942/2744 3171/1941/2744 3173/2372/2744
f 3176/1942/2744 3173/2372/2744 3138/2368/2744
f 3138/2368/2744 3173/2372/2744 3177/2373/2744
f 3138/2368/2744 3177/2373/2744 3139/2369/2744
f 3138/2368/2744 3158/1971/2744 3176/1942/2744
f 3177/2373/2744 3173/2372/2744 3178/2374/2744
f 3178/2374/2744 3173/2372/2744 3179/2375/2744
f 3179/2375/2744 3173/2372/2744 3180/2376/2744
f 3179/2375/2744 3180/2376/2744 3181/2377/2744
f 3181/2377/2744 3180/2376/2744 3084/2155/2745
f 3084/2155/2745 3180/2376/2744 3182/2157/2745
f 3182/2157/2745 3180/2376/2744 3175/2159/2744
f 3175/2159/2744 3180/2376/2744 3173/2372/2744
f 3179/2375/2744 3181/2377/2744 3183/2378/2744
f 3183/2378/2744 3181/2377/2744 3184/2379/2744
f 3183/2378/2744 3184/2379/2744 3185/2380/2744
f 3185/2380/2744 3184/2379/2744 3186/2381/2744
f 3185/2380/2744 3186/2381/2744 3187/2382/2745
f 3187/2382/2745 3186/2381/2744 3188/2383/2744
f 3187/2382/2745 3188/2383/2744 3189/2384/2744
f 3189/2384/2744 3188/2383/2744 3190/2385/2744
f 3189/2384/2744 3190/2385/2744 3191/2386/2744
f 3191/2386/2744 3190/2385/2744 3192/2387/2744
f 3191/2386/2744 3192/2387/2744 3193/2388/2744
f 3193/2388/2744 3192/2387/2744 3194/2389/2744
f 3193/2388/2744 3194/2389/2744 3195/2390/2745
f 3195/2390/2745 3194/2389/2744 3196/619/2745
f 3196/619/2745 3194/2389/2744 3197/2092/2746
f 3196/619/2745 3197/2092/2746 3198/616/2744
f 3198/616/2744 3197/2092/2746 3199/610/2744
f 3199/610/2744 3197/2092/2746 3200/611/2744
f 3200/611/2744 3197/2092/2746 3201/613/2744
f 3201/613/2744 3197/2092/2746 3202/775/2744
f 3202/775/2744 3197/2092/2746 3203/774/2745
f 3203/774/2745 3197/2092/2746 3204/771/2744
f 3204/771/2744 3197/2092/2746 3205/770/2744
f 3205/770/2744 3197/2092/2746 3206/2094/2744
f 3205/770/2744 3206/2094/2744 3207/768/2744
f 3207/768/2744 3206/2094/2744 3208/765/2744
f 3208/765/2744 3206/2094/2744 3209/764/2744
f 3209/764/2744 3206/2094/2744 3210/2095/2744
f 3209/764/2744 3210/2095/2744 3211/762/2744
f 3211/762/2744 3210/2095/2744 3212/759/2744
f 3212/759/2744 3210/2095/2744 3213/757/2745
f 3213/757/2745 3210/2095/2744 3214/755/2744
f 3214/755/2744 3210/2095/2744 3215/2098/2744
f 3214/755/2744 3215/2098/2744 3216/754/2744
f 3216/754/2744 3215/2098/2744 3217/2100/2744
f 3216/754/2744 3217/2100/2744 3218/2102/2744
f 3216/754/2744 3218/2102/2744 3219/752/2744
f 3219/752/2744 3218/2102/2744 3220/750/2744
f 3220/750/2744 3218/2102/2744 3221/2104/2744
f 3220/750/2744 3221/2104/2744 3222/747/2744
f 3222/747/2744 3221/2104/2744 3223/2105/2744
f 3222/747/2744 3223/2105/2744 3224/2107/2744
f 3222/747/2744 3224/2107/2744 3225/745/2745
f 3225/745/2745 3224/2107/2744 3226/2109/2744
f 3225/745/2745 3226/2109/2744 3227/741/2744
f 3227/741/2744 3226/2109/2744 3228/2111/2744
f 3227/741/2744 3228/2111/2744 3229/742/2744
f 3229/742/2744 3228/2111/2744 3230/2391/2744
f 3230/2391/2744 3228/2111/2744 3231/2114/2744
f 3230/2391/2744 3231/2114/2744 3232/2115/2744
f 3230/2391/2744 3232/2115/2744 3233/740/2744
f 3233/740/2744 3232/2115/2744 3234/738/2744
f 3234/738/2744 3232/2115/2744 3235/2117/2744
f 3234/738/2744 3235/2117/2744 3236/736/2744
f 3236/736/2744 3235/2117/2744 3237/2120/2744
f 3236/736/2744 3237/2120/2744 3238/733/2744
f 3238/733/2744 3237/2120/2744 3239/2122/2744
f 3238/733/2744 3239/2122/2744 3240/2124/2744
f 3238/733/2744 3240/2124/2744 3241/731/2744
f 3241/731/2744 3240/2124/2744 3242/2125/2745
f 3241/731/2744 3242/2125/2745 3243/729/2744
f 3243/729/2744 3242/2125/2745 3244/728/2745
f 3244/728/2745 3242/2125/2745 3245/2127/2744
f 3244/728/2745 3245/2127/2744 3246/2129/2745
f 3244/728/2745 3246/2129/2745 3247/726/2744
f 3247/726/2744 3246/2129/2745 3248/2131/2744
f 3247/726/2744 3248/2131/2744 3249/724/2744
f 3249/724/2744 3248/2131/2744 3250/721/2744
f 3250/721/2744 3248/2131/2744 3251/719/2744
f 3251/719/2744 3248/2131/2744 3252/718/2745
f 3252/718/2745 3248/2131/2744 3253/2070/2744
f 3252/718/2745 3253/2070/2744 3254/715/2744
f 3254/715/2744 3253/2070/2744 3255/713/2745
f 3255/713/2745 3253/2070/2744 3256/712/2744
f 3256/712/2744 3253/2070/2744 3257/2069/2746
f 3256/712/2744 3257/2069/2746 3258/709/2744
f 3258/709/2744 3257/2069/2746 3259/708/2744
f 3259/708/2744 3257/2069/2746 3260/706/2744
f 3260/706/2744 3257/2069/2746 3261/704/2745
f 3261/704/2745 3257/2069/2746 3262/702/2744
f 3262/702/2744 3257/2069/2746 3263/699/2744
f 3263/699/2744 3257/2069/2746 3264/697/2744
f 3264/697/2744 3257/2069/2746 3265/694/2745
f 3264/697/2744 3265/694/2745 3266/695/2744
f 3267/618/2744 3196/619/2745 3198/616/2744
f 3265/694/2745 3257/2069/2746 3268/2392/2744
f 3268/2392/2744 3257/2069/2746 3269/2073/2744
f 3268/2392/2744 3269/2073/2744 3270/2075/2744
f 3268/2392/2744 3270/2075/2744 3271/2393/2744
f 3271/2393/2744 3270/2075/2744 3272/2394/2744
f 3271/2393/2744 3272/2394/2744 3273/2395/2744
f 3273/2395/2744 3272/2394/2744 3274/2396/2744
f 3274/2396/2744 3272/2394/2744 3099/2338/2745
f 3274/2396/2744 3099/2338/2745 3100/2339/2744
f 3275/2397/2744 3265/694/2745 3268/2392/2744
f 3275/2397/2744 3268/2392/2744 3276/2398/2744
f 3276/2398/2744 3268/2392/2744 3271/2393/2744
f 3276/2398/2744 3271/2393/2744 3273/2395/2744
f 3272/2394/2744 3270/2075/2744 3277/2078/2744
f 3272/2394/2744 3277/2078/2744 3099/2338/2745
f 3099/2338/2745 3277/2078/2744 3278/2079/2744
f 3099/2338/2745 3278/2079/2744 3129/2033/2744
f 3129/2033/2744 3278/2079/2744 3279/2081/2744
f 3129/2033/2744 3279/2081/2744 3280/2032/2745
f 3280/2032/2745 3279/2081/2744 3281/2030/2744
f 3281/2030/2744 3279/2081/2744 3282/2084/2744
f 3281/2030/2744 3282/2084/2744 3283/2027/2744
f 3283/2027/2744 3282/2084/2744 3284/2086/2744
f 3283/2027/2744 3284/2086/2744 3188/2383/2744
f 3188/2383/2744 3284/2086/2744 3190/2385/2744
f 3190/2385/2744 3284/2086/2744 3285/2087/2744
f 3190/2385/2744 3285/2087/2744 3192/2387/2744
f 3192/2387/2744 3285/2087/2744 3286/2090/2744
f 3192/2387/2744 3286/2090/2744 3194/2389/2744
f 3194/2389/2744 3286/2090/2744 3197/2092/2746
f 3188/2383/2744 3186/2381/2744 3283/2027/2744
f 3283/2027/2744 3186/2381/2744 3184/2379/2744
f 3283/2027/2744 3184/2379/2744 3287/2025/2744
f 3287/2025/2744 3184/2379/2744 3288/2023/2744
f 3288/2023/2744 3184/2379/2744 3289/2022/2745
f 3289/2022/2745 3184/2379/2744 3085/2020/2744
f 3085/2020/2744 3184/2379/2744 3181/2377/2744
f 3085/2020/2744 3181/2377/2744 3084/2155/2745
f 3291/2399/2747 3290/2231/2748 3292/2230/2749
f 3291/2399/2747 3292/2230/2749 3293/2400/2750
f 3293/2400/2750 3292/2230/2749 3294/2171/2751
f 3293/2400/2750 3294/2171/2751 3295/2401/2752
f 3295/2401/2752 3294/2171/2751 3296/2177/2753
f 3290/2231/2748 3291/2399/2747 3297/2232/2754
f 3297/2232/2754 3291/2399/2747 3298/2402/2755
f 3297/2232/2754 3298/2402/2755 3299/2403/2756
f 3297/2232/2754 3299/2403/2756 3300/2234/2757
f 3300/2234/2757 3299/2403/2756 3301/2235/2758
f 3301/2235/2758 3299/2403/2756 3302/2404/2759
f 3301/2235/2758 3302/2404/2759 3303/2405/2760
f 3303/2405/2760 3302/2404/2759 3304/2406/2761
f 3303/2405/2760 3304/2406/2761 3305/2407/2762
f 3305/2407/2762 3304/2406/2761 3306/2408/2763
f 3305/2407/2762 3306/2408/2763 3307/2409/2764
f 3305/2407/2762 3307/2409/2764 3308/2199/2765
f 3308/2199/2765 3307/2409/2764 3309/2410/2766
f 3308/2199/2765 3309/2410/2766 3310/2194/2765
f 3310/2194/2765 3309/2410/2766 3311/2411/2767
f 3310/2194/2765 3311/2411/2767 3312/2193/2768
f 3312/2193/2768 3311/2411/2767 3313/2412/2769
f 3312/2193/2768 3313/2412/2769 3314/2190/2770
f 3314/2190/2770 3313/2412/2769 3315/2413/2771
f 3314/2190/2770 3315/2413/2771 3316/2188/2772
f 3317/2236/2773 3301/2235/2758 3303/2405/2760
f 3317/2236/2773 3303/2405/2760 3318/2208/2774
f 3318/2208/2774 3303/2405/2760 3305/2407/2762
f 3318/2208/2774 3305/2407/2762 3308/2199/2765
f 3319/2414/2775 3315/2413/2771 3313/2412/2769
f 3319/2414/2775 3313/2412/2769 3311/2411/2767
f 3319/2414/2775 3311/2411/2767 3320/2415/2248
f 3320/2415/2248 3311/2411/2767 3309/2410/2766
f 3320/2415/2248 3309/2410/2766 3321/2416/2776
f 3321/2416/2776 3309/2410/2766 3307/2409/2764
f 3321/2416/2776 3307/2409/2764 3322/2417/2777
f 3322/2417/2777 3307/2409/2764 3306/2408/2763
f 3322/2417/2777 3306/2408/2763 3304/2406/2761
f 3322/2417/2777 3304/2406/2761 3323/2418/2778
f 3323/2418/2778 3304/2406/2761 3302/2404/2759
f 3323/2418/2778 3302/2404/2759 3324/2419/2779
f 3324/2419/2779 3302/2404/2759 3299/2403/2756
f 3324/2419/2779 3299/2403/2756 3298/2402/2755
f 3324/2419/2779 3298/2402/2755 3325/2420/2780
f 3325/2420/2780 3298/2402/2755 3326/2421/2781
f 3325/2420/2780 3326/2421/2781 3322/2417/2777
f 3325/2420/2780 3322/2417/2777 3324/2419/2779
f 3324/2419/2779 3322/2417/2777 3323/2418/2778
f 3321/2416/2776 3322/2417/2777 3320/2415/2248
f 3320/2415/2248 3322/2417/2777 3319/2414/2775
f 3298/2402/2755 3291/2399/2747 3326/2421/2781
f 3326/2421/2781 3291/2399/2747 3293/2400/2750
f 3326/2421/2781 3293/2400/2750 3327/2422/2782
f 3327/2422/2782 3293/2400/2750 3295/2401/2752
f 3327/2422/2782 3295/2401/2752 3328/2423/2783
f 3328/2423/2783 3295/2401/2752 3329/2424/2784
f 3328/2423/2783 3329/2424/2784 3322/2417/2777
f 3322/2417/2777 3329/2424/2784 3330/2425/2785
f 3330/2425/2785 3329/2424/2784 3331/2426/2752
f 3330/2425/2785 3331/2426/2752 3332/2427/2786
f 3332/2427/2786 3331/2426/2752 3296/2177/2753
f 3332/2427/2786 3296/2177/2753 3333/2180/2787
f 3332/2427/2786 3333/2180/2787 3334/2428/2788
f 3334/2428/2788 3333/2180/2787 3335/2183/2789
f 3326/2421/2781 3327/2422/2782 3322/2417/2777
f 3322/2417/2777 3327/2422/2782 3328/2423/2783
f 3329/2424/2784 3295/2401/2752 3331/2426/2752
f 3331/2426/2752 3295/2401/2752 3296/2177/2753
f 3334/2428/2788 3336/2429/2790 3332/2427/2786
f 3332/2427/2786 3336/2429/2790 3330/2425/2785
f 3330/2425/2785 3336/2429/2790 3322/2417/2777
f 3322/2417/2777 3336/2429/2790 3337/2430/2791
f 3337/2430/2791 3336/2429/2790 3338/2431/2792
f 3338/2431/2792 3336/2429/2790 3334/2428/2788
f 3338/2431/2792 3334/2428/2788 3335/2183/2789
f 3338/2431/2792 3335/2183/2789 3339/2185/2793
f 3338/2431/2792 3339/2185/2793 3340/2432/2794
f 3340/2432/2794 3339/2185/2793 3341/2187/2795
f 3340/2432/2794 3341/2187/2795 3316/2188/2772
f 3340/2432/2794 3316/2188/2772 3315/2413/2771
f 3340/2432/2794 3315/2413/2771 3342/2433/1859
f 3342/2433/1859 3315/2413/2771 3343/2434/2796
f 3342/2433/1859 3343/2434/2796 3322/2417/2777
f 3322/2417/2777 3343/2434/2796 3319/2414/2775
f 3319/2414/2775 3343/2434/2796 3315/2413/2771
f 3340/2432/2794 3342/2433/1859 3338/2431/2792
f 3338/2431/2792 3342/2433/1859 3337/2430/2791
f 3337/2430/2791 3342/2433/1859 3322/2417/2777
f 3344/2435/2797 3345/2436/2798 3346/2437/2612
f 3346/2437/2612 3345/2436/2798 3347/2438/2799
f 3346/2437/2612 3347/2438/2799 3348/2439/2800
f 3348/2439/2800 3347/2438/2799 3349/2440/2801
f 3344/2435/2797 3350/2441/2616 3345/2436/2798
f 3345/2436/2798 3350/2441/2616 3351/2442/2617
f 3351/2442/2617 3350/2441/2616 3352/2443/2618
f 3351/2442/2617 3352/2443/2618 3353/2444/2619
f 3353/2444/2619 3352/2443/2618 3354/2445/2620
f 3354/2445/2620 3352/2443/2618 3355/2446/2621
f 3354/2445/2620 3355/2446/2621 3356/2447/2802
f 3356/2447/2802 3355/2446/2621 3357/2448/2623
f 3356/2447/2802 3357/2448/2623 3358/2449/2803
f 3356/2447/2802 3358/2449/2803 3359/2450/2804
f 3359/2450/2804 3358/2449/2803 3360/2451/2805
f 3359/2450/2804 3360/2451/2805 3361/2452/2626
f 3361/2452/2626 3360/2451/2805 3362/2453/2628
f 3361/2452/2626 3362/2453/2628 3363/2454/2806
f 3363/2454/2806 3362/2453/2628 3364/2455/2807
f 3364/2455/2807 3362/2453/2628 3365/2456/2808
f 3364/2455/2807 3365/2456/2808 3366/2457/2809
f 3366/2457/2809 3365/2456/2808 3367/2458/2810
f 3366/2457/2809 3367/2458/2810 3368/2459/2603
f 3366/2457/2809 3368/2459/2603 3369/2460/2811
f 3369/2460/2811 3368/2459/2603 3370/2461/2812
f 3369/2460/2811 3370/2461/2812 3371/2462/2813
f 3371/2462/2813 3370/2461/2812 3372/2463/2607
f 3371/2462/2813 3372/2463/2607 3373/2464/2814
f 3373/2464/2814 3372/2463/2607 3374/2465/2815
f 3373/2464/2814 3374/2465/2815 3375/2466/2816
f 3375/2466/2816 3374/2465/2815 3349/2440/2801
f 3349/2440/2801 3374/2465/2815 3348/2439/2800
f 3376/2467/2815 3377/2468/2817 3378/2469/2818
f 3378/2469/2818 3377/2468/2817 3379/2470/2819
f 3379/2470/2819 3377/2468/2817 3380/2471/2820
f 3379/2470/2819 3380/2471/2820 3381/2472/2601
f 3379/2470/2819 3381/2472/2601 3382/2473/2603
f 3382/2473/2603 3381/2472/2601 3383/2474/2632
f 3383/2474/2632 3381/2472/2601 3384/2475/2809
f 3383/2474/2632 3384/2475/2809 3385/2476/2821
f 3383/2474/2632 3385/2476/2821 3386/2477/2822
f 3386/2477/2822 3385/2476/2821 3387/2478/2628
f 3387/2478/2628 3385/2476/2821 3388/2479/2629
f 3387/2478/2628 3388/2479/2629 3389/2480/2626
f 3387/2478/2628 3389/2480/2626 3390/2481/2805
f 3390/2481/2805 3389/2480/2626 3391/2482/2823
f 3391/2482/2823 3389/2480/2626 3392/2483/2824
f 3391/2482/2823 3392/2483/2824 3393/2484/2825
f 3391/2482/2823 3393/2484/2825 3394/2485/2623
f 3394/2485/2623 3393/2484/2825 3395/2486/2826
f 3394/2485/2623 3395/2486/2826 3396/2487/2827
f 3396/2487/2827 3395/2486/2826 3397/2488/2828
f 3396/2487/2827 3397/2488/2828 3398/2489/2829
f 3398/2489/2829 3397/2488/2828 3399/2490/2616
f 3399/2490/2616 3397/2488/2828 3400/2491/2830
f 3399/2490/2616 3400/2491/2830 3401/2492/2831
f 3401/2492/2831 3400/2491/2830 3402/2493/2832
f 3401/2492/2831 3402/2493/2832 3403/2494/2833
f 3403/2494/2833 3402/2493/2832 3404/2495/2834
f 3403/2494/2833 3404/2495/2834 3405/2496/2610
f 3403/2494/2833 3405/2496/2610 3406/2497/2611
f 3406/2497/2611 3405/2496/2610 3376/2467/2815
f 3376/2467/2815 3405/2496/2610 3407/2498/2816
f 3376/2467/2815 3407/2498/2816 3377/2468/2817
f 3409/2499/2835 3408/2228/2836 3410/2227/2837
f 3409/2499/2835 3410/2227/2837 3411/2500/2838
f 3409/2499/2835 3411/2500/2838 3412/2501/2839
f 3412/2501/2839 3411/2500/2838 3413/2502/2840
f 3408/2228/2836 3409/2499/2835 3414/2229/2753
f 3414/2229/2753 3409/2499/2835 3415/2503/2752
f 3414/2229/2753 3415/2503/2752 3416/2504/2841
f 3414/2229/2753 3416/2504/2841 3417/2169/2751
f 3417/2169/2751 3416/2504/2841 3418/2505/2842
f 3417/2169/2751 3418/2505/2842 3419/2168/2749
f 3419/2168/2749 3418/2505/2842 3420/2506/2747
f 3419/2168/2749 3420/2506/2747 3421/2166/2843
f 3421/2166/2843 3420/2506/2747 3422/2507/2844
f 3421/2166/2843 3422/2507/2844 3423/2167/2845
f 3412/2501/2839 3415/2503/2752 3409/2499/2835
f 3422/2507/2844 3420/2506/2747 3424/2508/2781
f 3424/2508/2781 3420/2506/2747 3418/2505/2842
f 3424/2508/2781 3418/2505/2842 3425/2509/2846
f 3425/2509/2846 3418/2505/2842 3416/2504/2841
f 3425/2509/2846 3416/2504/2841 3426/2510/2783
f 3426/2510/2783 3416/2504/2841 3415/2503/2752
f 3426/2510/2783 3415/2503/2752 3427/2511/2847
f 3427/2511/2847 3415/2503/2752 3412/2501/2839
f 3427/2511/2847 3412/2501/2839 3428/2512/2848
f 3427/2511/2847 3428/2512/2848 3426/2510/2783
f 3426/2510/2783 3428/2512/2848 3425/2509/2846
f 3425/2509/2846 3428/2512/2848 3424/2508/2781
f 3424/2508/2781 3428/2512/2848 3429/2513/2849
f 3424/2508/2781 3429/2513/2849 3422/2507/2844
f 3422/2507/2844 3429/2513/2849 3430/2514/2850
f 3422/2507/2844 3430/2514/2850 3423/2167/2845
f 3423/2167/2845 3430/2514/2850 3431/2170/2757
f 3431/2170/2757 3430/2514/2850 3432/2172/2851
f 3432/2172/2851 3430/2514/2850 3433/2515/2852
f 3432/2172/2851 3433/2515/2852 3434/2516/2853
f 3434/2516/2853 3433/2515/2852 3435/2517/2854
f 3434/2516/2853 3435/2517/2854 3436/2518/2855
f 3434/2516/2853 3436/2518/2855 3437/2519/2856
f 3434/2516/2853 3437/2519/2856 3438/2174/2774
f 3438/2174/2774 3437/2519/2856 3439/2175/2765
f 3432/2172/2851 3434/2516/2853 3440/2173/2773
f 3440/2173/2773 3434/2516/2853 3438/2174/2774
f 3435/2517/2854 3433/2515/2852 3441/2520/2857
f 3441/2520/2857 3433/2515/2852 3430/2514/2850
f 3441/2520/2857 3430/2514/2850 3442/2521/2858
f 3442/2521/2858 3430/2514/2850 3429/2513/2849
f 3442/2521/2858 3429/2513/2849 3428/2512/2848
f 3442/2521/2858 3428/2512/2848 3441/2520/2857
f 3441/2520/2857 3428/2512/2848 3435/2517/2854
f 3435/2517/2854 3428/2512/2848 3436/2518/2855
f 3436/2518/2855 3428/2512/2848 3443/2522/2764
f 3436/2518/2855 3443/2522/2764 3437/2519/2856
f 3437/2519/2856 3443/2522/2764 3439/2175/2765
f 3439/2175/2765 3443/2522/2764 3444/2523/2766
f 3439/2175/2765 3444/2523/2766 3445/2176/2859
f 3445/2176/2859 3444/2523/2766 3446/2524/2860
f 3445/2176/2859 3446/2524/2860 3447/2178/2861
f 3447/2178/2861 3446/2524/2860 3448/2179/2862
f 3448/2179/2862 3446/2524/2860 3449/2525/2863
f 3448/2179/2862 3449/2525/2863 3450/2181/2864
f 3451/2526/2865 3444/2523/2766 3443/2522/2764
f 3451/2526/2865 3443/2522/2764 3428/2512/2848
f 3451/2526/2865 3428/2512/2848 3452/2527/2866
f 3452/2527/2866 3428/2512/2848 3453/2528/2867
f 3452/2527/2866 3453/2528/2867 3449/2525/2863
f 3449/2525/2863 3453/2528/2867 3454/2529/2868
f 3449/2525/2863 3454/2529/2868 3450/2181/2864
f 3444/2523/2766 3451/2526/2865 3452/2527/2866
f 3444/2523/2766 3452/2527/2866 3446/2524/2860
f 3446/2524/2860 3452/2527/2866 3449/2525/2863
f 3454/2529/2868 3453/2528/2867 3455/2530/2869
f 3455/2530/2869 3453/2528/2867 3428/2512/2848
f 3455/2530/2869 3428/2512/2848 3456/2531/2870
f 3455/2530/2869 3456/2531/2870 3454/2529/2868
f 3454/2529/2868 3456/2531/2870 3457/2532/2794
f 3454/2529/2868 3457/2532/2794 3450/2181/2864
f 3450/2181/2864 3457/2532/2794 3458/2225/2795
f 3458/2225/2795 3457/2532/2794 3459/2226/2871
f 3459/2226/2871 3457/2532/2794 3460/2533/2872
f 3459/2226/2871 3460/2533/2872 3411/2500/2838
f 3411/2500/2838 3460/2533/2872 3413/2502/2840
f 3413/2502/2840 3460/2533/2872 3461/2534/2873
f 3413/2502/2840 3461/2534/2873 3428/2512/2848
f 3428/2512/2848 3461/2534/2873 3456/2531/2870
f 3456/2531/2870 3461/2534/2873 3460/2533/2872
f 3456/2531/2870 3460/2533/2872 3457/2532/2794
f 3459/2226/2871 3411/2500/2838 3410/2227/2837
f 3412/2501/2839 3413/2502/2840 3428/2512/2848
f 3463/2192/2874 3462/2213/2795 3464/2535/2794
f 3463/2192/2874 3464/2535/2794 3465/2536/2875
f 3465/2536/2875 3464/2535/2794 3466/2537/2870
f 3466/2537/2870 3464/2535/2794 3467/2538/2771
f 3467/2538/2771 3464/2535/2794 3468/2212/2864
f 3467/2538/2771 3468/2212/2864 3469/2539/2863
f 3469/2539/2863 3468/2212/2864 3470/2211/2876
f 3469/2539/2863 3470/2211/2876 3471/2540/2860
f 3471/2540/2860 3470/2211/2876 3472/2210/2877
f 3471/2540/2860 3472/2210/2877 3473/2209/2859
f 3471/2540/2860 3473/2209/2859 3474/2541/2766
f 3474/2541/2766 3473/2209/2859 3475/2207/2765
f 3464/2535/2794 3462/2213/2795 3468/2212/2864
f 3471/2540/2860 3474/2541/2766 3476/2542/2878
f 3471/2540/2860 3476/2542/2878 3469/2539/2863
f 3469/2539/2863 3476/2542/2878 3477/2543/2879
f 3469/2539/2863 3477/2543/2879 3467/2538/2771
f 3467/2538/2771 3477/2543/2879 3478/2544/2880
f 3467/2538/2771 3478/2544/2880 3466/2537/2870
f 3466/2537/2870 3478/2544/2880 3479/2545/2881
f 3479/2545/2881 3478/2544/2880 3477/2543/2879
f 3479/2545/2881 3477/2543/2879 3476/2542/2878
f 3479/2545/2881 3476/2542/2878 3480/2546/2865
f 3480/2546/2865 3476/2542/2878 3474/2541/2766
f 3480/2546/2865 3474/2541/2766 3481/2547/2764
f 3481/2547/2764 3474/2541/2766 3475/2207/2765
f 3481/2547/2764 3475/2207/2765 3482/2548/2882
f 3482/2548/2882 3475/2207/2765 3483/2206/2883
f 3482/2548/2882 3483/2206/2883 3484/2205/2884
f 3482/2548/2882 3484/2205/2884 3485/2549/2760
f 3485/2549/2760 3484/2205/2884 3486/2204/2885
f 3485/2549/2760 3486/2204/2885 3487/2550/2886
f 3485/2549/2760 3487/2550/2886 3488/2551/2761
f 3485/2549/2760 3488/2551/2761 3482/2548/2882
f 3482/2548/2882 3488/2551/2761 3489/2552/2887
f 3482/2548/2882 3489/2552/2887 3481/2547/2764
f 3481/2547/2764 3489/2552/2887 3479/2545/2881
f 3481/2547/2764 3479/2545/2881 3480/2546/2865
f 3479/2545/2881 3489/2552/2887 3488/2551/2761
f 3479/2545/2881 3488/2551/2761 3490/2553/2857
f 3490/2553/2857 3488/2551/2761 3487/2550/2886
f 3490/2553/2857 3487/2550/2886 3491/2554/2888
f 3491/2554/2888 3487/2550/2886 3486/2204/2885
f 3491/2554/2888 3486/2204/2885 3492/2203/2757
f 3491/2554/2888 3492/2203/2757 3493/2202/2889
f 3491/2554/2888 3493/2202/2889 3494/2555/2755
f 3491/2554/2888 3494/2555/2755 3495/2556/2890
f 3495/2556/2890 3494/2555/2755 3496/2557/2780
f 3495/2556/2890 3496/2557/2780 3479/2545/2881
f 3479/2545/2881 3496/2557/2780 3497/2558/2891
f 3497/2558/2891 3496/2557/2780 3494/2555/2755
f 3497/2558/2891 3494/2555/2755 3498/2559/2892
f 3498/2559/2892 3494/2555/2755 3493/2202/2889
f 3498/2559/2892 3493/2202/2889 3499/2201/2748
f 3498/2559/2892 3499/2201/2748 3500/2200/2749
f 3498/2559/2892 3500/2200/2749 3501/2560/2893
f 3501/2560/2893 3500/2200/2749 3502/2198/2751
f 3491/2554/2888 3495/2556/2890 3490/2553/2857
f 3490/2553/2857 3495/2556/2890 3479/2545/2881
f 3501/2560/2893 3503/2561/2894 3498/2559/2892
f 3498/2559/2892 3503/2561/2894 3497/2558/2891
f 3497/2558/2891 3503/2561/2894 3479/2545/2881
f 3479/2545/2881 3503/2561/2894 3504/2562/2783
f 3504/2562/2783 3503/2561/2894 3505/2563/2841
f 3504/2562/2783 3505/2563/2841 3506/2564/2752
f 3506/2564/2752 3505/2563/2841 3507/2197/2753
f 3507/2197/2753 3505/2563/2841 3502/2198/2751
f 3502/2198/2751 3505/2563/2841 3501/2560/2893
f 3501/2560/2893 3505/2563/2841 3503/2561/2894
f 3506/2564/2752 3508/2565/2847 3504/2562/2783
f 3504/2562/2783 3508/2565/2847 3479/2545/2881
f 3479/2545/2881 3508/2565/2847 3509/2566/2895
f 3509/2566/2895 3508/2565/2847 3506/2564/2752
f 3509/2566/2895 3506/2564/2752 3510/2567/2835
f 3510/2567/2835 3506/2564/2752 3507/2197/2753
f 3510/2567/2835 3507/2197/2753 3511/2196/2836
f 3510/2567/2835 3511/2196/2836 3512/2195/2837
f 3510/2567/2835 3512/2195/2837 3513/2568/2838
f 3513/2568/2838 3512/2195/2837 3463/2192/2874
f 3513/2568/2838 3463/2192/2874 3465/2536/2875
f 3513/2568/2838 3465/2536/2875 3514/2569/2896
f 3514/2569/2896 3465/2536/2875 3515/2570/2873
f 3514/2569/2896 3515/2570/2873 3479/2545/2881
f 3479/2545/2881 3515/2570/2873 3466/2537/2870
f 3466/2537/2870 3515/2570/2873 3465/2536/2875
f 3510/2567/2835 3513/2568/2838 3509/2566/2895
f 3509/2566/2895 3513/2568/2838 3514/2569/2896
f 3509/2566/2895 3514/2569/2896 3479/2545/2881
f 3517/2571/2897 3516/2264/2898 3518/2572/2899
f 3517/2571/2897 3518/2572/2899 3519/2573/2900
f 3519/2573/2900 3518/2572/2899 3520/2574/2901
f 3519/2573/2900 3520/2574/2901 3521/2575/2902
f 3521/2575/2902 3520/2574/2901 3522/2576/2903
f 3522/2576/2903 3520/2574/2901 3523/2267/2904
f 3523/2267/2904 3520/2574/2901 3524/2265/2905
f 3524/2265/2905 3520/2574/2901 3518/2572/2899
f 3524/2265/2905 3518/2572/2899 3516/2264/2898
f 3522/2576/2903 3523/2267/2904 3525/2577/2903
f 3522/2576/2903 3525/2577/2903 3526/2578/2906
f 3522/2576/2903 3526/2578/2906 3521/2575/2902
f 3521/2575/2902 3526/2578/2906 3527/2579/2907
f 3521/2575/2902 3527/2579/2907 3519/2573/2900
f 3519/2573/2900 3527/2579/2907 3528/2580/2908
f 3519/2573/2900 3528/2580/2908 3517/2571/2897
f 3525/2577/2903 3523/2267/2904 3529/2272/2909
f 3525/2577/2903 3529/2272/2909 3530/2581/2910
f 3530/2581/2910 3529/2272/2909 3531/2289/2911
f 3530/2581/2910 3531/2289/2911 3532/2582/2912
f 3532/2582/2912 3531/2289/2911 3533/2334/2913
f 3532/2582/2912 3533/2334/2913 3534/2331/2914
f 3532/2582/2912 3534/2331/2914 3535/2583/2915
f 3532/2582/2912 3535/2583/2915 3536/2584/2916
f 3532/2582/2912 3536/2584/2916 3530/2581/2910
f 3530/2581/2910 3536/2584/2916 3537/2585/2917
f 3530/2581/2910 3537/2585/2917 3525/2577/2903
f 3525/2577/2903 3537/2585/2917 3538/2586/2918
f 3525/2577/2903 3538/2586/2918 3526/2578/2906
f 3526/2578/2906 3538/2586/2918 3527/2579/2907
f 3527/2579/2907 3538/2586/2918 3537/2585/2917
f 3527/2579/2907 3537/2585/2917 3536/2584/2916
f 3527/2579/2907 3536/2584/2916 3539/2587/2919
f 3539/2587/2919 3536/2584/2916 3535/2583/2915
f 3539/2587/2919 3535/2583/2915 3540/2588/2920
f 3540/2588/2920 3535/2583/2915 3541/2589/2921
f 3540/2588/2920 3541/2589/2921 3542/2590/2922
f 3542/2590/2922 3541/2589/2921 3543/2327/2923
f 3543/2327/2923 3541/2589/2921 3544/2330/2924
f 3544/2330/2924 3541/2589/2921 3534/2331/2914
f 3534/2331/2914 3541/2589/2921 3535/2583/2915
f 3539/2587/2919 3540/2588/2920 3527/2579/2907
f 3527/2579/2907 3540/2588/2920 3545/2591/2925
f 3527/2579/2907 3545/2591/2925 3546/2592/2926
f 3546/2592/2926 3545/2591/2925 3542/2590/2922
f 3546/2592/2926 3542/2590/2922 3547/2593/2927
f 3547/2593/2927 3542/2590/2922 3543/2327/2923
f 3547/2593/2927 3543/2327/2923 3548/2325/2928
f 3547/2593/2927 3548/2325/2928 3549/2324/2929
f 3547/2593/2927 3549/2324/2929 3550/2594/2930
f 3550/2594/2930 3549/2324/2929 3551/2249/2931
f 3550/2594/2930 3551/2249/2931 3552/2595/2932
f 3550/2594/2930 3552/2595/2932 3553/2596/2933
f 3553/2596/2933 3552/2595/2932 3554/2597/2934
f 3553/2596/2933 3554/2597/2934 3527/2579/2907
f 3527/2579/2907 3554/2597/2934 3552/2595/2932
f 3527/2579/2907 3552/2595/2932 3555/2598/2932
f 3555/2598/2932 3552/2595/2932 3551/2249/2931
f 3555/2598/2932 3551/2249/2931 3556/2255/2931
f 3555/2598/2932 3556/2255/2931 3557/2599/2935
f 3557/2599/2935 3556/2255/2931 3558/2259/2936
f 3557/2599/2935 3558/2259/2936 3559/2600/2937
f 3559/2600/2937 3558/2259/2936 3560/2260/2938
f 3559/2600/2937 3560/2260/2938 3561/2601/2939
f 3561/2601/2939 3560/2260/2938 3562/2261/2940
f 3561/2601/2939 3562/2261/2940 3563/2602/2941
f 3563/2602/2941 3562/2261/2940 3564/2262/2942
f 3563/2602/2941 3564/2262/2942 3565/2263/2943
f 3563/2602/2941 3565/2263/2943 3517/2571/2897
f 3517/2571/2897 3565/2263/2943 3516/2264/2898
f 3545/2591/2925 3540/2588/2920 3542/2590/2922
f 3546/2592/2926 3547/2593/2927 3550/2594/2930
f 3546/2592/2926 3550/2594/2930 3553/2596/2933
f 3546/2592/2926 3553/2596/2933 3527/2579/2907
f 3563/2602/2941 3517/2571/2897 3566/2603/2944
f 3563/2602/2941 3566/2603/2944 3561/2601/2939
f 3561/2601/2939 3566/2603/2944 3567/2604/2945
f 3561/2601/2939 3567/2604/2945 3568/2605/2946
f 3568/2605/2946 3567/2604/2945 3527/2579/2907
f 3568/2605/2946 3527/2579/2907 3569/2606/2947
f 3568/2605/2946 3569/2606/2947 3557/2599/2935
f 3557/2599/2935 3569/2606/2947 3555/2598/2932
f 3555/2598/2932 3569/2606/2947 3527/2579/2907
f 3517/2571/2897 3528/2580/2908 3566/2603/2944
f 3566/2603/2944 3528/2580/2908 3527/2579/2907
f 3566/2603/2944 3527/2579/2907 3567/2604/2945
f 3559/2600/2937 3561/2601/2939 3568/2605/2946
f 3559/2600/2937 3568/2605/2946 3557/2599/2935
f 3571/2278/2948 3570/2277/2924 3572/2607/2921
f 3571/2278/2948 3572/2607/2921 3573/2608/2949
f 3571/2278/2948 3573/2608/2949 3574/2279/2950
f 3574/2279/2950 3573/2608/2949 3575/2609/2912
f 3574/2279/2950 3575/2609/2912 3576/2281/2911
f 3572/2607/2921 3570/2277/2924 3577/2275/2923
f 3572/2607/2921 3577/2275/2923 3578/2610/2951
f 3578/2610/2951 3577/2275/2923 3579/2611/2952
f 3578/2610/2951 3579/2611/2952 3580/2612/2953
f 3580/2612/2953 3579/2611/2952 3581/2613/2954
f 3581/2613/2954 3579/2611/2952 3582/2614/2955
f 3582/2614/2955 3579/2611/2952 3583/2273/2956
f 3582/2614/2955 3583/2273/2956 3584/2271/2931
f 3579/2611/2952 3577/2275/2923 3585/2274/2928
f 3579/2611/2952 3585/2274/2928 3583/2273/2956
f 3578/2610/2951 3580/2612/2953 3586/2615/2957
f 3578/2610/2951 3586/2615/2957 3572/2607/2921
f 3572/2607/2921 3586/2615/2957 3587/2616/2958
f 3572/2607/2921 3587/2616/2958 3588/2617/2959
f 3588/2617/2959 3587/2616/2958 3589/2618/2960
f 3588/2617/2959 3589/2618/2960 3590/2619/2961
f 3588/2617/2959 3590/2619/2961 3573/2608/2949
f 3573/2608/2949 3590/2619/2961 3575/2609/2912
f 3575/2609/2912 3590/2619/2961 3591/2620/2910
f 3575/2609/2912 3591/2620/2910 3576/2281/2911
f 3576/2281/2911 3591/2620/2910 3592/2282/2909
f 3592/2282/2909 3591/2620/2910 3593/2621/2962
f 3592/2282/2909 3593/2621/2962 3594/2291/2963
f 3589/2618/2960 3587/2616/2958 3586/2615/2957
f 3589/2618/2960 3586/2615/2957 3580/2612/2953
f 3589/2618/2960 3580/2612/2953 3581/2613/2954
f 3572/2607/2921 3588/2617/2959 3573/2608/2949
f 3593/2621/2962 3591/2620/2910 3595/2622/2964
f 3595/2622/2964 3591/2620/2910 3590/2619/2961
f 3595/2622/2964 3590/2619/2961 3589/2618/2960
f 3595/2622/2964 3589/2618/2960 3593/2621/2962
f 3593/2621/2962 3589/2618/2960 3596/2623/2903
f 3593/2621/2962 3596/2623/2903 3594/2291/2963
f 3594/2291/2963 3596/2623/2903 3597/2624/2965
f 3594/2291/2963 3597/2624/2965 3598/2293/2966
f 3598/2293/2966 3597/2624/2965 3599/2295/2967
f 3599/2295/2967 3597/2624/2965 3600/2625/2968
f 3599/2295/2967 3600/2625/2968 3601/2297/2969
f 3602/2626/2970 3600/2625/2968 3597/2624/2965
f 3602/2626/2970 3597/2624/2965 3596/2623/2903
f 3602/2626/2970 3596/2623/2903 3603/2627/2971
f 3603/2627/2971 3596/2623/2903 3589/2618/2960
f 3603/2627/2971 3589/2618/2960 3602/2626/2970
f 3602/2626/2970 3589/2618/2960 3604/2628/2972
f 3602/2626/2970 3604/2628/2972 3600/2625/2968
f 3600/2625/2968 3604/2628/2972 3605/2629/2973
f 3600/2625/2968 3605/2629/2973 3601/2297/2969
f 3601/2297/2969 3605/2629/2973 3606/2630/2974
f 3601/2297/2969 3606/2630/2974 3607/2299/2975
f 3607/2299/2975 3606/2630/2974 3608/2266/2976
f 3608/2266/2976 3606/2630/2974 3609/2631/2977
f 3609/2631/2977 3606/2630/2974 3610/2632/2978
f 3609/2631/2977 3610/2632/2978 3611/2633/1990
f 3611/2633/1990 3610/2632/2978 3589/2618/2960
f 3611/2633/1990 3589/2618/2960 3612/2634/2359
f 3611/2633/1990 3612/2634/2359 3609/2631/2977
f 3609/2631/2977 3612/2634/2359 3613/2635/2979
f 3609/2631/2977 3613/2635/2979 3608/2266/2976
f 3608/2266/2976 3613/2635/2979 3614/2268/2980
f 3614/2268/2980 3613/2635/2979 3615/2636/2981
f 3614/2268/2980 3615/2636/2981 3616/2269/2982
f 3616/2269/2982 3615/2636/2981 3617/2270/2931
f 3617/2270/2931 3615/2636/2981 3618/2637/2983
f 3617/2270/2931 3618/2637/2983 3584/2271/2931
f 3610/2632/2978 3606/2630/2974 3605/2629/2973
f 3610/2632/2978 3605/2629/2973 3619/2638/2984
f 3619/2638/2984 3605/2629/2973 3604/2628/2972
f 3619/2638/2984 3604/2628/2972 3589/2618/2960
f 3619/2638/2984 3589/2618/2960 3610/2632/2978
f 3620/2639/2985 3618/2637/2983 3615/2636/2981
f 3620/2639/2985 3615/2636/2981 3613/2635/2979
f 3620/2639/2985 3613/2635/2979 3612/2634/2359
f 3620/2639/2985 3612/2634/2359 3589/2618/2960
f 3620/2639/2985 3589/2618/2960 3621/2640/2986
f 3621/2640/2986 3589/2618/2960 3622/2641/1711
f 3621/2640/2986 3622/2641/1711 3623/2642/2932
f 3623/2642/2932 3622/2641/1711 3581/2613/2954
f 3623/2642/2932 3581/2613/2954 3582/2614/2955
f 3623/2642/2932 3582/2614/2955 3584/2271/2931
f 3623/2642/2932 3584/2271/2931 3618/2637/2983
f 3623/2642/2932 3618/2637/2983 3621/2640/2986
f 3621/2640/2986 3618/2637/2983 3620/2639/2985
f 3581/2613/2954 3622/2641/1711 3589/2618/2960
f 3625/2643/2987 3624/2644/2988 3626/2645/2989
f 3625/2643/2987 3626/2645/2989 3627/2646/2990
f 3627/2646/2990 3626/2645/2989 3628/2647/2960
f 3627/2646/2990 3628/2647/2960 3629/2648/2991
f 3629/2648/2991 3628/2647/2960 3630/2649/2903
f 3629/2648/2991 3630/2649/2903 3631/2650/2992
f 3631/2650/2992 3630/2649/2903 3632/2253/2909
f 3631/2650/2992 3632/2253/2909 3633/2252/2911
f 3631/2650/2992 3633/2252/2911 3634/2651/2993
f 3634/2651/2993 3633/2252/2911 3635/2251/2994
f 3634/2651/2993 3635/2251/2994 3636/2250/2995
f 3634/2651/2993 3636/2250/2995 3625/2643/2987
f 3625/2643/2987 3636/2250/2995 3637/2652/2996
f 3625/2643/2987 3637/2652/2996 3624/2644/2988
f 3628/2647/2960 3626/2645/2989 3624/2644/2988
f 3625/2643/2987 3627/2646/2990 3634/2651/2993
f 3634/2651/2993 3627/2646/2990 3629/2648/2991
f 3634/2651/2993 3629/2648/2991 3631/2650/2992
f 3637/2652/2996 3636/2250/2995 3638/2248/2924
f 3637/2652/2996 3638/2248/2924 3639/2247/2923
f 3637/2652/2996 3639/2247/2923 3640/2653/2951
f 3640/2653/2951 3639/2247/2923 3641/2654/2927
f 3640/2653/2951 3641/2654/2927 3642/2655/2997
f 3640/2653/2951 3642/2655/2997 3643/2656/2998
f 3643/2656/2998 3642/2655/2997 3628/2647/2960
f 3643/2656/2998 3628/2647/2960 3624/2644/2988
f 3643/2656/2998 3624/2644/2988 3637/2652/2996
f 3643/2656/2998 3637/2652/2996 3640/2653/2951
f 3641/2654/2927 3639/2247/2923 3644/2245/2999
f 3641/2654/2927 3644/2245/2999 3645/2657/3000
f 3645/2657/3000 3644/2245/2999 3646/2243/2929
f 3645/2657/3000 3646/2243/2929 3647/2241/2931
f 3645/2657/3000 3647/2241/2931 3648/2658/2932
f 3645/2657/3000 3648/2658/2932 3649/2659/3001
f 3649/2659/3001 3648/2658/2932 3650/2660/1711
f 3649/2659/3001 3650/2660/1711 3628/2647/2960
f 3628/2647/2960 3650/2660/1711 3651/2661/2986
f 3651/2661/2986 3650/2660/1711 3648/2658/2932
f 3651/2661/2986 3648/2658/2932 3652/2662/2983
f 3652/2662/2983 3648/2658/2932 3647/2241/2931
f 3652/2662/2983 3647/2241/2931 3653/2288/2931
f 3652/2662/2983 3653/2288/2931 3654/2663/2981
f 3654/2663/2981 3653/2288/2931 3655/2321/2982
f 3654/2663/2981 3655/2321/2982 3656/2319/2980
f 3654/2663/2981 3656/2319/2980 3657/2664/2979
f 3657/2664/2979 3656/2319/2980 3658/2317/3002
f 3641/2654/2927 3645/2657/3000 3642/2655/2997
f 3642/2655/2997 3645/2657/3000 3649/2659/3001
f 3642/2655/2997 3649/2659/3001 3628/2647/2960
f 3654/2663/2981 3657/2664/2979 3659/2665/3003
f 3654/2663/2981 3659/2665/3003 3652/2662/2983
f 3652/2662/2983 3659/2665/3003 3651/2661/2986
f 3651/2661/2986 3659/2665/3003 3628/2647/2960
f 3628/2647/2960 3659/2665/3003 3660/2666/2359
f 3628/2647/2960 3660/2666/2359 3661/2667/1990
f 3661/2667/1990 3660/2666/2359 3662/2668/2977
f 3661/2667/1990 3662/2668/2977 3663/2669/3004
f 3663/2669/3004 3662/2668/2977 3664/2670/2974
f 3664/2670/2974 3662/2668/2977 3658/2317/3002
f 3664/2670/2974 3658/2317/3002 3665/2315/2942
f 3664/2670/2974 3665/2315/2942 3666/2258/2969
f 3664/2670/2974 3666/2258/2969 3667/2671/2973
f 3664/2670/2974 3667/2671/2973 3663/2669/3004
f 3663/2669/3004 3667/2671/2973 3668/2672/2984
f 3663/2669/3004 3668/2672/2984 3628/2647/2960
f 3628/2647/2960 3668/2672/2984 3669/2673/2972
f 3669/2673/2972 3668/2672/2984 3667/2671/2973
f 3669/2673/2972 3667/2671/2973 3670/2674/3005
f 3670/2674/3005 3667/2671/2973 3666/2258/2969
f 3670/2674/3005 3666/2258/2969 3671/2257/2967
f 3670/2674/3005 3671/2257/2967 3672/2675/2965
f 3672/2675/2965 3671/2257/2967 3673/2256/2966
f 3672/2675/2965 3673/2256/2966 3674/2254/3006
f 3672/2675/2965 3674/2254/3006 3675/2676/3007
f 3675/2676/3007 3674/2254/3006 3630/2649/2903
f 3675/2676/3007 3630/2649/2903 3628/2647/2960
f 3675/2676/3007 3628/2647/2960 3676/2677/3008
f 3676/2677/3008 3628/2647/2960 3677/2678/3009
f 3676/2677/3008 3677/2678/3009 3675/2676/3007
f 3675/2676/3007 3677/2678/3009 3672/2675/2965
f 3672/2675/2965 3677/2678/3009 3670/2674/3005
f 3670/2674/3005 3677/2678/3009 3669/2673/2972
f 3669/2673/2972 3677/2678/3009 3628/2647/2960
f 3659/2665/3003 3657/2664/2979 3660/2666/2359
f 3660/2666/2359 3657/2664/2979 3662/2668/2977
f 3662/2668/2977 3657/2664/2979 3658/2317/3002
f 3661/2667/1990 3663/2669/3004 3628/2647/2960
f 3674/2254/3006 3632/2253/2909 3630/2649/2903
f 3678/632/3010 3679/2679/3010 3680/634/3011
f 3680/634/3011 3679/2679/3010 3681/2680/3012
f 3680/634/3011 3681/2680/3012 3682/636/3013
f 3682/636/3013 3681/2680/3012 3683/2681/3013
f 3682/636/3013 3683/2681/3013 3684/638/3014
f 3684/638/3014 3683/2681/3013 3685/2682/3015
f 3684/638/3014 3685/2682/3015 3686/641/3016
f 3679/2679/3010 3678/632/3010 3687/631/3017
f 3679/2679/3010 3687/631/3017 3688/2683/3017
f 3688/2683/3017 3687/631/3017 3689/629/3018
f 3688/2683/3017 3689/629/3018 3690/2684/3019
f 3690/2684/3019 3689/629/3018 3691/2685/3020
f 3691/2685/3020 3689/629/3018 3692/627/3021
f 3691/2685/3020 3692/627/3021 3693/2686/3022
f 3693/2686/3022 3692/627/3021 3694/625/3023
f 3693/2686/3022 3694/625/3023 3695/2687/3024
f 3695/2687/3024 3694/625/3023 3696/623/3025
f 3695/2687/3024 3696/623/3025 3697/2688/3026
f 3697/2688/3026 3696/623/3025 3698/620/3027
f 3697/2688/3026 3698/620/3027 3699/618/3028
f 3697/2688/3026 3699/618/3028 3700/617/3029
f 3702/2689/3030 3701/681/3031 3703/679/3032
f 3702/2689/3030 3703/679/3032 3704/2690/3032
f 3704/2690/3032 3703/679/3032 3705/677/3033
f 3704/2690/3032 3705/677/3033 3706/2691/3034
f 3706/2691/3034 3705/677/3033 3707/674/3035
f 3706/2691/3034 3707/674/3035 3708/2692/3036
f 3708/2692/3036 3707/674/3035 3709/672/3037
f 3701/681/3031 3702/2689/3030 3710/683/3038
f 3710/683/3038 3702/2689/3030 3711/2693/3039
f 3710/683/3038 3711/2693/3039 3712/684/3040
f 3712/684/3040 3711/2693/3039 3713/2694/3041
f 3712/684/3040 3713/2694/3041 3714/2695/3042
f 3712/684/3040 3714/2695/3042 3715/686/3043
f 3715/686/3043 3714/2695/3042 3716/2696/3044
f 3715/686/3043 3716/2696/3044 3717/688/3045
f 3717/688/3045 3716/2696/3044 3718/2697/3046
f 3717/688/3045 3718/2697/3046 3719/690/3047
f 3719/690/3047 3718/2697/3046 3720/2698/3048
f 3719/690/3047 3720/2698/3048 3721/692/3027
f 3721/692/3027 3720/2698/3048 3722/695/3049
f 3722/695/3049 3720/2698/3048 3723/696/3050
f 3724/606/3051 3725/605/3052 3726/2699/3053
f 3726/2699/3053 3725/605/3052 3727/655/3053
f 3726/2699/3053 3727/655/3053 3728/653/3054
f 3726/2699/3053 3728/653/3054 3729/2700/3055
f 3729/2700/3055 3728/653/3054 3730/651/3056
f 3729/2700/3055 3730/651/3056 3731/2701/3057
f 3731/2701/3057 3730/651/3056 3732/649/3058
f 3731/2701/3057 3732/649/3058 3733/2702/1707
f 3733/2702/1707 3732/649/3058 3734/647/3059
f 3733/2702/1707 3734/647/3059 3735/2703/3060
f 3735/2703/3060 3734/647/3059 3736/644/3061
f 3735/2703/3060 3736/644/3061 3737/2704/3062
f 3737/2704/3062 3736/644/3061 3738/643/3063
f 3737/2704/3062 3738/643/3063 3739/2705/3063
f 3739/2705/3063 3738/643/3063 3740/2706/3064
f 3740/2706/3064 3738/643/3063 3686/641/3016
f 3740/2706/3064 3686/641/3016 3685/2682/3015
f 3742/2707/3065 3741/901/3066 3743/900/3067
f 3742/2707/3065 3743/900/3067 3744/897/3068
f 3742/2707/3065 3744/897/3068 3745/895/3069
f 3742/2707/3065 3745/895/3069 3746/2708/3070
f 3746/2708/3070 3745/895/3069 3747/893/3071
f 3746/2708/3070 3747/893/3071 3748/2709/3072
f 3748/2709/3072 3747/893/3071 3749/891/3073
f 3748/2709/3072 3749/891/3073 3750/2710/3074
f 3750/2710/3074 3749/891/3073 3751/889/3075
f 3750/2710/3074 3751/889/3075 3752/2711/3076
f 3752/2711/3076 3751/889/3075 3753/2712/3077
f 3753/2712/3077 3751/889/3075 3754/888/3078
f 3753/2712/3077 3754/888/3078 3755/2713/3079
f 3755/2713/3079 3754/888/3078 3756/886/3079
f 3755/2713/3079 3756/886/3079 3757/884/3080
f 3755/2713/3079 3757/884/3080 3758/2714/3081
f 3758/2714/3081 3757/884/3080 3759/882/3082
f 3758/2714/3081 3759/882/3082 3760/2715/3083
f 3760/2715/3083 3759/882/3082 3761/879/3084
f 3760/2715/3083 3761/879/3084 3762/2716/3085
f 3762/2716/3085 3761/879/3084 3763/877/3086
f 3762/2716/3085 3763/877/3086 3764/2717/3086
f 3764/2717/3086 3763/877/3086 3765/876/3087
f 3764/2717/3086 3765/876/3087 3766/2718/3087
f 3766/2718/3087 3765/876/3087 3767/2719/3088
f 3767/2719/3088 3765/876/3087 3768/873/3089
f 3767/2719/3088 3768/873/3089 3769/2720/3090
f 3769/2720/3090 3768/873/3089 3770/871/3091
f 3769/2720/3090 3770/871/3091 3771/2721/3092
f 3771/2721/3092 3770/871/3091 3772/869/3093
f 3771/2721/3092 3772/869/3093 3773/2722/3094
f 3773/2722/3094 3772/869/3093 3774/867/3095
f 3773/2722/3094 3774/867/3095 3775/2723/3096
f 3775/2723/3096 3774/867/3095 3776/865/3097
f 3775/2723/3096 3776/865/3097 3777/2724/3098
f 3777/2724/3098 3776/865/3097 3778/863/3098
f 3777/2724/3098 3778/863/3098 3779/862/3099
f 3777/2724/3098 3779/862/3099 3780/2165/3099
f 3782/607/3100 3781/606/3100 3783/2725/3101
f 3782/607/3100 3783/2725/3101 3784/658/3101
f 3784/658/3101 3783/2725/3101 3785/660/3102
f 3785/660/3102 3783/2725/3101 3786/2726/3102
f 3785/660/3102 3786/2726/3102 3787/662/3103
f 3787/662/3103 3786/2726/3102 3788/2727/3103
f 3787/662/3103 3788/2727/3103 3789/664/3104
f 3789/664/3104 3788/2727/3103 3790/2728/3105
f 3789/664/3104 3790/2728/3105 3791/666/3106
f 3791/666/3106 3790/2728/3105 3792/2729/3107
f 3791/666/3106 3792/2729/3107 3793/668/3108
f 3793/668/3108 3792/2729/3107 3794/2730/3109
f 3793/668/3108 3794/2730/3109 3795/671/3110
f 3795/671/3110 3794/2730/3109 3796/2731/3111
f 3795/671/3110 3796/2731/3111 3797/2732/3112
f 3795/671/3110 3797/2732/3112 3709/672/3037
f 3709/672/3037 3797/2732/3112 3708/2692/3036
f 3798/2733/1395 3799/2734/1505 3800/2735/1397
f 3800/2735/1397 3799/2734/1505 3801/2736/1503
f 3800/2735/1397 3801/2736/1503 3802/2737/1399
f 3802/2737/1399 3801/2736/1503 3803/2738/1500
f 3802/2737/1399 3803/2738/1500 3804/2739/1402
f 3804/2739/1402 3803/2738/1500 3805/2740/1499
f 3804/2739/1402 3805/2740/1499 3806/2741/1403
f 3806/2741/1403 3805/2740/1499 3807/2742/3113
f 3798/2733/1395 3808/2743/1393 3799/2734/1505
f 3799/2734/1505 3808/2743/1393 3809/2744/1636
f 3809/2744/1636 3808/2743/1393 3810/2745/3114
f 3810/2745/3114 3808/2743/1393 3811/2746/1392
f 3810/2745/3114 3811/2746/1392 3812/2747/1510
f 3812/2747/1510 3811/2746/1392 3813/2748/1390
f 3812/2747/1510 3813/2748/1390 3814/2749/1512
f 3814/2749/1512 3813/2748/1390 3815/2750/1388
f 3814/2749/1512 3815/2750/1388 3816/2751/3115
f 3816/2751/3115 3815/2750/1388 3817/2752/3116
f 3816/2751/3115 3817/2752/3116 3818/2753/3117
f 3819/2754/3118 3806/2741/1403 3807/2742/3113
f 3819/2754/3118 3807/2742/3113 3820/2755/3119
f 3819/2754/3118 3820/2755/3119 3821/2756/1408
f 3821/2756/1408 3820/2755/3119 3822/2757/3120
f 3821/2756/1408 3822/2757/3120 3823/2758/1409
f 3823/2758/1409 3822/2757/3120 3824/2759/3121
f 3823/2758/1409 3824/2759/3121 3825/2760/1412
f 3825/2760/1412 3824/2759/3121 3826/2761/1469
f 3825/2760/1412 3826/2761/1469 3827/2762/1414
f 3827/2762/1414 3826/2761/1469 3828/2763/1468
f 3827/2762/1414 3828/2763/1468 3829/2764/1415
f 3829/2764/1415 3828/2763/1468 3830/2765/3122
f 3829/2764/1415 3830/2765/3122 3831/2766/3123
f 3831/2766/3123 3830/2765/3122 3832/2767/1473
f 3831/2766/3123 3832/2767/1473 3833/2768/3124
f 3833/2768/3124 3832/2767/1473 3834/2769/3125
f 3833/2768/3124 3834/2769/3125 3835/2770/1478
f 3833/2768/3124 3835/2770/1478 3836/2771/1422
f 3836/2771/1422 3835/2770/1478 3837/2772/1424
f 3837/2772/1424 3835/2770/1478 3838/2773/1480
f 3837/2772/1424 3838/2773/1480 3839/2774/1482
f 3837/2772/1424 3839/2774/1482 3840/2775/1426
f 3840/2775/1426 3839/2774/1482 3841/2776/3126
f 3840/2775/1426 3841/2776/3126 3842/2777/1427
f 3842/2777/1427 3841/2776/3126 3843/2778/1485
f 3842/2777/1427 3843/2778/1485 3844/2779/1429
f 3846/2780/2478 3845/2781/3127 3847/2782/3128
f 3846/2780/2478 3847/2782/3128 3848/2783/3129
f 3848/2783/3129 3847/2782/3128 3849/2784/1629
f 3848/2783/3129 3849/2784/1629 3850/2785/3130
f 3850/2785/3130 3849/2784/1629 3851/2786/1701
f 3850/2785/3130 3851/2786/1701 3852/2787/3131
f 3852/2787/3131 3851/2786/1701 3853/2788/1629
f 3852/2787/3131 3853/2788/1629 3854/2789/3132
f 3854/2789/3132 3853/2788/1629 3855/2790/1628
f 3854/2789/3132 3855/2790/1628 3856/2791/3133
f 3856/2791/3133 3855/2790/1628 3857/2792/3134
f 3856/2791/3133 3857/2792/3134 3858/2793/3135
f 3858/2793/3135 3857/2792/3134 3859/2794/1634
f 3858/2793/3135 3859/2794/1634 3860/2795/1393
f 3860/2795/1393 3859/2794/1634 3861/2796/1636
f 3860/2795/1393 3861/2796/1636 3862/2797/3136
f 3860/2795/1393 3862/2797/3136 3863/2798/3137
f 3863/2798/3137 3862/2797/3136 3864/2799/3138
f 3864/2799/3138 3862/2797/3136 3865/2800/3139
f 3847/2782/3128 3845/2781/3127 3866/2801/1705
f 3866/2801/1705 3845/2781/3127 3867/2802/1487
f 3867/2802/1487 3845/2781/3127 3868/2803/3140
f 3867/2802/1487 3868/2803/3140 3869/2804/1485
f 3869/2804/1485 3868/2803/3140 3870/2805/3141
f 3871/2806/3142 3872/2807/3143 3873/2808/1677
f 3873/2808/1677 3872/2807/3143 3874/2809/1676
f 3874/2809/1676 3872/2807/3143 3875/2810/3144
f 3874/2809/1676 3875/2810/3144 3876/2811/1673
f 3876/2811/1673 3875/2810/3144 3877/2812/3145
f 3876/2811/1673 3877/2812/3145 3878/2813/1671
f 3878/2813/1671 3877/2812/3145 3879/2814/1670
f 3879/2814/1670 3877/2812/3145 3880/2815/3146
f 3879/2814/1670 3880/2815/3146 3881/2816/3147
f 3879/2814/1670 3881/2816/3147 3882/2817/1667
f 3882/2817/1667 3881/2816/3147 3883/2818/3148
f 3882/2817/1667 3883/2818/3148 3884/2819/3149
f 3884/2819/3149 3883/2818/3148 3885/2820/3150
f 3884/2819/3149 3885/2820/3150 3886/2821/3151
f 3886/2821/3151 3885/2820/3150 3887/2822/3152
f 3886/2821/3151 3887/2822/3152 3888/2823/1661
f 3888/2823/1661 3887/2822/3152 3889/2824/3153
f 3888/2823/1661 3889/2824/3153 3890/2825/3154
f 3890/2825/3154 3889/2824/3153 3891/2826/3155
f 3890/2825/3154 3891/2826/3155 3892/2827/1657
f 3892/2827/1657 3891/2826/3155 3893/2828/3156
f 3893/2828/3156 3891/2826/3155 3894/2829/3157
f 3893/2828/3156 3894/2829/3157 3895/2830/3158
f 3895/2830/3158 3894/2829/3157 3896/2831/3159
f 3895/2830/3158 3896/2831/3159 3897/2832/1652
f 3897/2832/1652 3896/2831/3159 3898/2833/3160
f 3897/2832/1652 3898/2833/3160 3899/2834/1650
f 3899/2834/1650 3898/2833/3160 3900/2835/3161
f 3899/2834/1650 3900/2835/3161 3901/2836/1648
f 3901/2836/1648 3900/2835/3161 3902/2837/3162
f 3901/2836/1648 3902/2837/3162 3903/2838/1647
f 3903/2838/1647 3902/2837/3162 3904/2839/3163
f 3903/2838/1647 3904/2839/3163 3905/2840/1645
f 3905/2840/1645 3904/2839/3163 3906/2841/3164
f 3905/2840/1645 3906/2841/3164 3907/2842/3165
f 3905/2840/1645 3907/2842/3165 3908/2843/1642
f 3908/2843/1642 3907/2842/3165 3909/2844/3166
f 3909/2844/3166 3907/2842/3165 3910/2845/3167
f 3909/2844/3166 3910/2845/3167 3911/2846/3138
f 3909/2844/3166 3911/2846/3138 3912/2847/3139
f 3914/899/2320 3913/900/2320 3915/902/2320
f 3914/899/2320 3915/902/2320 3916/2848/2320
f 3916/2848/2320 3915/902/2320 3917/904/2320
f 3916/2848/2320 3917/904/2320 3918/907/2320
f 3916/2848/2320 3918/907/2320 3919/909/2320
f 3916/2848/2320 3919/909/2320 3920/911/2320
f 3916/2848/2320 3920/911/2320 3921/913/2320
f 3916/2848/2320 3921/913/2320 3922/914/2320
f 3916/2848/2320 3922/914/2320 3923/917/2320
f 3916/2848/2320 3923/917/2320 3924/2849/2320
f 3924/2849/2320 3923/917/2320 3925/918/2743
f 3924/2849/2320 3925/918/2743 3926/920/2320
f 3924/2849/2320 3926/920/2320 3927/923/2320
f 3924/2849/2320 3927/923/2320 3928/2850/2320
f 3928/2850/2320 3927/923/2320 3929/924/2320
f 3928/2850/2320 3929/924/2320 3930/926/2320
f 3928/2850/2320 3930/926/2320 3931/929/2743
f 3928/2850/2320 3931/929/2743 3932/931/2320
f 3928/2850/2320 3932/931/2320 3933/2851/2320
f 3933/2851/2320 3932/931/2320 3934/933/2320
f 3933/2851/2320 3934/933/2320 3935/2852/2320
f 3935/2852/2320 3934/933/2320 3936/2853/2320
f 3936/2853/2320 3934/933/2320 3937/934/2743
f 3936/2853/2320 3937/934/2743 3938/936/2320
f 3936/2853/2320 3938/936/2320 3939/2854/2320
f 3939/2854/2320 3938/936/2320 3940/938/2320
f 3939/2854/2320 3940/938/2320 3941/2855/2320
f 3941/2855/2320 3940/938/2320 3942/2856/2320
f 3942/2856/2320 3940/938/2320 3943/941/2320
f 3942/2856/2320 3943/941/2320 3944/2857/2320
f 3944/2857/2320 3943/941/2320 3945/943/2320
f 3944/2857/2320 3945/943/2320 3946/2858/2320
f 3946/2858/2320 3945/943/2320 3947/945/2320
f 3946/2858/2320 3947/945/2320 3948/2859/2743
f 3946/2858/2320 3948/2859/2743 3949/2860/2320
f 3949/2860/2320 3948/2859/2743 3950/2861/2320
f 3950/2861/2320 3948/2859/2743 3951/796/2320
f 3950/2861/2320 3951/796/2320 3952/794/2320
f 3950/2861/2320 3952/794/2320 3953/2862/2320
f 3953/2862/2320 3952/794/2320 3954/792/2320
f 3953/2862/2320 3954/792/2320 3955/2863/2320
f 3955/2863/2320 3954/792/2320 3956/789/2743
f 3955/2863/2320 3956/789/2743 3957/2864/2320
f 3957/2864/2320 3956/789/2743 3958/2865/2320
f 3958/2865/2320 3956/789/2743 3959/787/2320
f 3958/2865/2320 3959/787/2320 3960/2866/2320
f 3960/2866/2320 3959/787/2320 3961/785/2320
f 3960/2866/2320 3961/785/2320 3962/784/2320
f 3960/2866/2320 3962/784/2320 3963/2867/2320
f 3963/2867/2320 3962/784/2320 3964/2868/2320
f 3964/2868/2320 3962/784/2320 3965/782/2320
f 3964/2868/2320 3965/782/2320 3966/2869/2320
f 3966/2869/2320 3965/782/2320 3967/780/2743
f 3966/2869/2320 3967/780/2743 3968/778/2320
f 3966/2869/2320 3968/778/2320 3969/797/2320
f 3966/2869/2320 3969/797/2320 3970/799/2320
f 3966/2869/2320 3970/799/2320 3971/2870/2320
f 3971/2870/2320 3970/799/2320 3972/800/2320
f 3971/2870/2320 3972/800/2320 3973/803/2743
f 3971/2870/2320 3973/803/2743 3974/805/2320
f 3971/2870/2320 3974/805/2320 3975/2871/2320
f 3975/2871/2320 3974/805/2320 3976/806/2320
f 3975/2871/2320 3976/806/2320 3977/809/2320
f 3975/2871/2320 3977/809/2320 3978/810/2320
f 3975/2871/2320 3978/810/2320 3979/812/2320
f 3975/2871/2320 3979/812/2320 3980/814/2320
f 3975/2871/2320 3980/814/2320 3981/816/2320
f 3975/2871/2320 3981/816/2320 3982/819/2320
f 3975/2871/2320 3982/819/2320 3983/822/2743
f 3983/822/2743 3982/819/2320 3984/821/3168
f 3983/822/2743 3985/2872/2320 3975/2871/2320
f 3975/2871/2320 3985/2872/2320 3986/2873/2320
f 3986/2873/2320 3985/2872/2320 3987/2874/2320
f 3987/2874/2320 3985/2872/2320 3988/2875/2320
f 3987/2874/2320 3988/2875/2320 3989/2876/2320
f 3989/2876/2320 3988/2875/2320 3990/2877/2320
f 3989/2876/2320 3990/2877/2320 3991/2878/2320
f 3989/2876/2320 3991/2878/2320 3992/2879/2320
f 3992/2879/2320 3991/2878/2320 3993/2880/2320
f 3983/822/2743 3994/2881/2743 3985/2872/2320
f 3985/2872/2320 3994/2881/2743 3995/2882/2320
f 3985/2872/2320 3995/2882/2320 3988/2875/2320
f 3988/2875/2320 3995/2882/2320 3990/2877/2320
f 3987/2874/2320 3989/2876/2320 3996/2883/2320
f 3996/2883/2320 3989/2876/2320 3992/2879/2320
f 3996/2883/2320 3992/2879/2320 3997/2884/2320
f 3997/2884/2320 3992/2879/2320 3998/2436/2320
f 3997/2884/2320 3998/2436/2320 3999/2442/2320
f 3997/2884/2320 3999/2442/2320 4000/2885/2320
f 4000/2885/2320 3999/2442/2320 4001/2444/2743
f 4000/2885/2320 4001/2444/2743 4002/2445/2320
f 4000/2885/2320 4002/2445/2320 4003/2886/2320
f 4003/2886/2320 4002/2445/2320 4004/2887/2320
f 4004/2887/2320 4002/2445/2320 4005/2447/2320
f 4004/2887/2320 4005/2447/2320 4006/2888/2320
f 4004/2887/2320 4006/2888/2320 4007/2889/2320
f 4004/2887/2320 4007/2889/2320 4008/2890/2320
f 4008/2890/2320 4007/2889/2320 4009/2891/2320
f 4008/2890/2320 4009/2891/2320 4010/2892/2320
f 4010/2892/2320 4009/2891/2320 4011/2893/2320
f 4010/2892/2320 4011/2893/2320 3916/2848/2320
f 3916/2848/2320 4011/2893/2320 3914/899/2320
f 3914/899/2320 4011/2893/2320 4012/2894/2320
f 4012/2894/2320 4011/2893/2320 4013/2895/2320
f 4013/2895/2320 4011/2893/2320 4009/2891/2320
f 4013/2895/2320 4009/2891/2320 4014/2896/2320
f 4014/2896/2320 4009/2891/2320 4007/2889/2320
f 4014/2896/2320 4007/2889/2320 4015/2897/2320
f 4015/2897/2320 4007/2889/2320 4006/2888/2320
f 4015/2897/2320 4006/2888/2320 4016/2898/2320
f 4016/2898/2320 4006/2888/2320 4017/2899/2320
f 4016/2898/2320 4017/2899/2320 4018/2900/2320
f 4018/2900/2320 4017/2899/2320 4019/2901/2320
f 4019/2901/2320 4017/2899/2320 4005/2447/2320
f 4019/2901/2320 4005/2447/2320 4020/2450/2743
f 4019/2901/2320 4020/2450/2743 4021/2452/2320
f 4019/2901/2320 4021/2452/2320 4022/2454/2320
f 4019/2901/2320 4022/2454/2320 4023/2455/2320
f 4019/2901/2320 4023/2455/2320 4024/2902/2743
f 4024/2902/2743 4023/2455/2320 4025/1994/2320
f 4025/1994/2320 4023/2455/2320 4026/2457/2320
f 4025/1994/2320 4026/2457/2320 4027/1992/2743
f 4027/1992/2743 4026/2457/2320 4028/1991/2743
f 4028/1991/2743 4026/2457/2320 4029/2460/2320
f 4028/1991/2743 4029/2460/2320 4030/2462/2320
f 4028/1991/2743 4030/2462/2320 4031/1989/2320
f 4031/1989/2320 4030/2462/2320 4032/1987/2320
f 4032/1987/2320 4030/2462/2320 4033/2464/2320
f 4032/1987/2320 4033/2464/2320 4034/2903/2320
f 4032/1987/2320 4034/2903/2320 4035/2904/2320
f 4032/1987/2320 4035/2904/2320 4036/1985/2320
f 4036/1985/2320 4035/2904/2320 4037/1982/2743
f 4037/1982/2743 4035/2904/2320 4038/2905/2320
f 4037/1982/2743 4038/2905/2320 4039/1980/2320
f 4039/1980/2320 4038/2905/2320 4040/1978/2320
f 4040/1978/2320 4038/2905/2320 4041/2493/2320
f 4040/1978/2320 4041/2493/2320 4042/1976/2320
f 4042/1976/2320 4041/2493/2320 4043/2491/2320
f 4042/1976/2320 4043/2491/2320 4044/2488/2320
f 4042/1976/2320 4044/2488/2320 4045/2486/2320
f 4042/1976/2320 4045/2486/2320 4046/2484/2320
f 4042/1976/2320 4046/2484/2320 4047/1973/2743
f 4047/1973/2743 4046/2484/2320 4048/1974/2320
f 4048/1974/2320 4046/2484/2320 4049/2003/2320
f 4049/2003/2320 4046/2484/2320 4050/2906/2320
f 4049/2003/2320 4050/2906/2320 4051/2907/2320
f 4049/2003/2320 4051/2907/2320 4052/2001/2320
f 4052/2001/2320 4051/2907/2320 4053/1998/2320
f 4053/1998/2320 4051/2907/2320 4054/1996/2320
f 4054/1996/2320 4051/2907/2320 4025/1994/2320
f 4025/1994/2320 4051/2907/2320 4024/2902/2743
f 4024/2902/2743 4051/2907/2320 4055/2908/2743
f 4024/2902/2743 4055/2908/2743 4056/2909/2320
f 4024/2902/2743 4056/2909/2320 4019/2901/2320
f 4019/2901/2320 4056/2909/2320 4018/2900/2320
f 4006/2888/2320 4005/2447/2320 4017/2899/2320
f 4055/2908/2743 4051/2907/2320 4050/2906/2320
f 4055/2908/2743 4050/2906/2320 4057/2910/2320
f 4057/2910/2320 4050/2906/2320 4058/2911/2320
f 4058/2911/2320 4050/2906/2320 4059/2912/2320
f 4059/2912/2320 4050/2906/2320 4046/2484/2320
f 4059/2912/2320 4046/2484/2320 4060/2483/2320
f 4059/2912/2320 4060/2483/2320 4061/2480/2320
f 4059/2912/2320 4061/2480/2320 4062/2479/2320
f 4059/2912/2320 4062/2479/2320 4063/2913/2743
f 4063/2913/2743 4062/2479/2320 4064/2476/2320
f 4063/2913/2743 4064/2476/2320 4065/2914/2320
f 4065/2914/2320 4064/2476/2320 4066/2475/2320
f 4065/2914/2320 4066/2475/2320 4067/2915/2320
f 4067/2915/2320 4066/2475/2320 4068/2472/2320
f 4067/2915/2320 4068/2472/2320 4069/2471/2320
f 4067/2915/2320 4069/2471/2320 4070/2916/2320
f 4070/2916/2320 4069/2471/2320 4071/2468/2320
f 4070/2916/2320 4071/2468/2320 4072/2917/2320
f 4072/2917/2320 4071/2468/2320 4073/2498/2743
f 4072/2917/2320 4073/2498/2743 4074/2918/2320
f 4074/2918/2320 4073/2498/2743 4075/2496/2320
f 4074/2918/2320 4075/2496/2320 4076/2495/2320
f 4074/2918/2320 4076/2495/2320 4041/2493/2320
f 4074/2918/2320 4041/2493/2320 4038/2905/2320
f 4077/2919/2743 4072/2917/2320 4074/2918/2320
f 4077/2919/2743 4074/2918/2320 4078/2920/2320
f 4078/2920/2320 4074/2918/2320 4079/2921/2320
f 4079/2921/2320 4074/2918/2320 4080/2922/2320
f 4079/2921/2320 4080/2922/2320 4081/2923/2320
f 4081/2923/2320 4080/2922/2320 4082/2924/2320
f 4082/2924/2320 4080/2922/2320 4083/2925/2320
f 4083/2925/2320 4080/2922/2320 4084/2926/2320
f 4084/2926/2320 4080/2922/2320 4085/2927/2320
f 4084/2926/2320 4085/2927/2320 4086/2928/2320
f 4086/2928/2320 4085/2927/2320 4087/2929/2320
f 4087/2929/2320 4085/2927/2320 4059/2912/2320
f 4087/2929/2320 4059/2912/2320 4088/2930/2320
f 4088/2930/2320 4059/2912/2320 4089/2931/2320
f 4089/2931/2320 4059/2912/2320 4063/2913/2743
f 4058/2911/2320 4059/2912/2320 4090/2932/2320
f 4090/2932/2320 4059/2912/2320 4085/2927/2320
f 4090/2932/2320 4085/2927/2320 4091/2933/2320
f 4091/2933/2320 4085/2927/2320 4092/2934/2320
f 4091/2933/2320 4092/2934/2320 4093/2935/2320
f 4093/2935/2320 4092/2934/2320 4094/2936/2320
f 4093/2935/2320 4094/2936/2320 4095/2937/2320
f 4095/2937/2320 4094/2936/2320 4096/2938/2320
f 4095/2937/2320 4096/2938/2320 4097/2939/2320
f 4097/2939/2320 4096/2938/2320 4098/2940/2320
f 4097/2939/2320 4098/2940/2320 4099/2941/2320
f 4097/2939/2320 4099/2941/2320 4100/2942/2320
f 4100/2942/2320 4099/2941/2320 4101/2943/2320
f 4101/2943/2320 4099/2941/2320 4102/2944/2320
f 4102/2944/2320 4099/2941/2320 4103/2945/2320
f 4102/2944/2320 4103/2945/2320 4104/2946/2320
f 4104/2946/2320 4103/2945/2320 4096/2938/2320
f 4104/2946/2320 4096/2938/2320 4094/2936/2320
f 4104/2946/2320 4094/2936/2320 4105/2947/2320
f 4104/2946/2320 4105/2947/2320 4106/2948/2320
f 4106/2948/2320 4105/2947/2320 4107/2949/2320
f 4107/2949/2320 4105/2947/2320 4108/2950/2320
f 4107/2949/2320 4108/2950/2320 4109/2951/2320
f 4109/2951/2320 4108/2950/2320 4080/2922/2320
f 4109/2951/2320 4080/2922/2320 4110/2952/2320
f 4103/2945/2320 4099/2941/2320 4098/2940/2320
f 4103/2945/2320 4098/2940/2320 4096/2938/2320
f 4104/2946/2320 4106/2948/2320 4102/2944/2320
f 4094/2936/2320 4092/2934/2320 4105/2947/2320
f 4105/2947/2320 4092/2934/2320 4108/2950/2320
f 4108/2950/2320 4092/2934/2320 4085/2927/2320
f 4108/2950/2320 4085/2927/2320 4080/2922/2320
f 4110/2952/2320 4080/2922/2320 4074/2918/2320
f 4110/2952/2320 4074/2918/2320 4111/2953/2320
f 4111/2953/2320 4074/2918/2320 4038/2905/2320
f 4111/2953/2320 4038/2905/2320 4112/2954/2320
f 4112/2954/2320 4038/2905/2320 4113/2955/2743
f 4113/2955/2743 4038/2905/2320 4035/2904/2320
f 4113/2955/2743 4035/2904/2320 4034/2903/2320
f 4113/2955/2743 4034/2903/2320 4114/2956/2320
f 4114/2956/2320 4034/2903/2320 4115/2957/2320
f 4114/2956/2320 4115/2957/2320 4116/2958/2320
f 4116/2958/2320 4115/2957/2320 4117/2959/2320
f 4116/2958/2320 4117/2959/2320 3993/2880/2320
f 3993/2880/2320 4117/2959/2320 3992/2879/2320
f 3992/2879/2320 4117/2959/2320 3998/2436/2320
f 3998/2436/2320 4117/2959/2320 4115/2957/2320
f 3998/2436/2320 4115/2957/2320 4118/2438/2320
f 4118/2438/2320 4115/2957/2320 4119/2440/2320
f 4119/2440/2320 4115/2957/2320 4120/2466/2320
f 4120/2466/2320 4115/2957/2320 4033/2464/2320
f 4033/2464/2320 4115/2957/2320 4034/2903/2320
f 4121/2342/3169 4122/2345/3170 4123/685/3171
f 4123/685/3171 4122/2345/3170 4124/682/3170
f 4124/682/3170 4122/2345/3170 4125/2346/3172
f 4124/682/3170 4125/2346/3172 4126/680/3173
f 4126/680/3173 4125/2346/3172 4127/2348/3174
f 4126/680/3173 4127/2348/3174 4128/678/3175
f 4128/678/3175 4127/2348/3174 4129/2350/3176
f 4128/678/3175 4129/2350/3176 4130/676/3177
f 4131/2341/3178 4121/2342/3169 4123/685/3171
f 4131/2341/3178 4123/685/3171 4132/687/3179
f 4131/2341/3178 4132/687/3179 4133/2340/3180
f 4133/2340/3180 4132/687/3179 4134/689/3181
f 4133/2340/3180 4134/689/3181 4135/2339/3182
f 4135/2339/3182 4134/689/3181 4136/2396/3183
f 4136/2396/3183 4134/689/3181 4137/691/3184
f 4136/2396/3183 4137/691/3184 4138/2395/3185
f 4138/2395/3185 4137/691/3184 4139/2398/3186
f 4139/2398/3186 4137/691/3184 4140/693/3187
f 4139/2398/3186 4140/693/3187 4141/2397/3188
f 4141/2397/3188 4140/693/3187 1378/694/1386
f 4129/2350/3176 4142/2352/3189 4130/676/3177
f 4130/676/3177 4142/2352/3189 4143/675/3190
f 4143/675/3190 4142/2352/3189 4144/2354/3191
f 4143/675/3190 4144/2354/3191 4145/673/3192
f 4145/673/3192 4144/2354/3191 4146/2356/3192
f 4145/673/3192 4146/2356/3192 4147/670/3192
f 4147/670/3192 4146/2356/3192 4148/2364/3193
f 4147/670/3192 4148/2364/3193 4149/669/3194
f 4149/669/3194 4148/2364/3193 4150/667/3195
f 4150/667/3195 4148/2364/3193 4151/665/3196
f 4151/665/3196 4148/2364/3193 4152/663/3197
f 4152/663/3197 4148/2364/3193 4153/661/3198
f 4153/661/3198 4148/2364/3193 4154/659/3199
f 4154/659/3199 4148/2364/3193 4155/657/3200
f 4155/657/3200 4148/2364/3193 4156/656/3201
f 4156/656/3201 4148/2364/3193 4157/2365/3202
f 4156/656/3201 4157/2365/3202 4158/654/3203
f 4158/654/3203 4157/2365/3202 4159/652/3204
f 4159/652/3204 4157/2365/3202 4160/650/3205
f 4160/650/3205 4157/2365/3202 4161/648/3206
f 4161/648/3206 4157/2365/3202 4162/646/3207
f 4162/646/3207 4157/2365/3202 4163/645/3208
f 4163/645/3208 4157/2365/3202 4164/642/3209
f 4164/642/3209 4157/2365/3202 4165/2360/3209
f 4164/642/3209 4165/2360/3209 4166/640/3210
f 4166/640/3210 4165/2360/3209 4167/2363/3210
f 4166/640/3210 4167/2363/3210 4168/639/3211
f 4168/639/3211 4167/2363/3210 4169/2371/3211
f 4168/639/3211 4169/2371/3211 4170/637/3212
f 4170/637/3212 4169/2371/3211 4171/2370/3213
f 4170/637/3212 4171/2370/3213 4172/635/3214
f 4172/635/3214 4171/2370/3213 4173/2369/3215
f 4172/635/3214 4173/2369/3215 4174/633/3216
f 4174/633/3216 4173/2369/3215 4175/2373/3217
f 4174/633/3216 4175/2373/3217 4176/630/3218
f 4176/630/3218 4175/2373/3217 4177/2374/3219
f 4176/630/3218 4177/2374/3219 4178/628/3220
f 4178/628/3220 4177/2374/3219 4179/2375/3221
f 4178/628/3220 4179/2375/3221 4180/2378/3222
f 4178/628/3220 4180/2378/3222 4181/626/3223
f 4181/626/3223 4180/2378/3222 4182/2380/3224
f 4181/626/3223 4182/2380/3224 4183/624/3225
f 4183/624/3225 4182/2380/3224 4184/2382/3226
f 4183/624/3225 4184/2382/3226 4185/2384/3227
f 4183/624/3225 4185/2384/3227 4186/622/3228
f 4186/622/3228 4185/2384/3227 4187/2386/3229
f 4186/622/3228 4187/2386/3229 4188/2388/3230
f 4186/622/3228 4188/2388/3230 4189/621/3231
f 4189/621/3231 4188/2388/3230 4190/2390/3232
f 4189/621/3231 4190/2390/3232 4191/619/3233
f 4193/837/3234 4192/835/3235 4194/2960/3236
f 4193/837/3234 4194/2960/3236 4195/2961/3234
f 4193/837/3234 4195/2961/3234 4196/839/3237
f 4196/839/3237 4195/2961/3234 4197/2962/3237
f 4196/839/3237 4197/2962/3237 4198/841/3238
f 4198/841/3238 4197/2962/3237 4199/2963/3239
f 4198/841/3238 4199/2963/3239 4200/844/3240
f 4194/2960/3236 4192/835/3235 4201/834/3241
f 4194/2960/3236 4201/834/3241 4202/2964/3242
f 4202/2964/3242 4201/834/3241 4203/832/3243
f 4202/2964/3242 4203/832/3243 4204/2965/3244
f 4204/2965/3244 4203/832/3243 4205/2966/3245
f 4205/2966/3245 4203/832/3243 4206/830/3246
f 4205/2966/3245 4206/830/3246 4207/2967/3247
f 4207/2967/3247 4206/830/3246 4208/828/3248
f 4207/2967/3247 4208/828/3248 4209/2968/3249
f 4209/2968/3249 4208/828/3248 4210/826/3250
f 4209/2968/3249 4210/826/3250 4211/2969/3251
f 4211/2969/3251 4210/826/3250 4212/823/3068
f 4211/2969/3251 4212/823/3068 4213/821/3252
f 4211/2969/3251 4213/821/3252 4214/820/3253
f 4216/2970/1624 4215/2971/3254 4217/2972/1435
f 4216/2970/1624 4217/2972/1435 4218/2973/1626
f 4218/2973/1626 4217/2972/1435 4219/2974/3255
f 4218/2973/1626 4219/2974/3255 4220/2975/1696
f 4220/2975/1696 4219/2974/3255 4221/2976/3256
f 4220/2975/1696 4221/2976/3256 4222/2977/1695
f 4222/2977/1695 4221/2976/3256 4223/2978/3257
f 4222/2977/1695 4223/2978/3257 4224/2979/1692
f 4224/2979/1692 4223/2978/3257 4225/2980/3258
f 4224/2979/1692 4225/2980/3258 4226/2981/1690
f 4226/2981/1690 4225/2980/3258 4227/2982/3259
f 4226/2981/1690 4227/2982/3259 4228/2983/3260
f 4228/2983/3260 4227/2982/3259 4229/2984/3261
f 4228/2983/3260 4229/2984/3261 4230/2985/1687
f 4230/2985/1687 4229/2984/3261 4231/2986/3262
f 4230/2985/1687 4231/2986/3262 4232/2987/3263
f 4232/2987/3263 4231/2986/3262 4233/2988/3264
f 4232/2987/3263 4233/2988/3264 4234/2989/1924
f 4234/2989/1924 4233/2988/3264 4235/2990/1309
f 4234/2989/1924 4235/2990/1309 4236/2991/1588
f 4236/2991/1588 4235/2990/1309 4237/2992/1679
f 4237/2992/1679 4235/2990/1309 4238/2993/3265
f 4237/2992/1679 4238/2993/3265 4239/2994/3266
f 4237/2992/1679 4239/2994/3266 4240/2995/1677
f 4242/2996/2603 4241/2997/3267 4243/2925/2601
f 4242/2996/2603 4243/2925/2601 4244/2998/2632
f 4244/2998/2632 4243/2925/2601 4245/2926/2809
f 4244/2998/2632 4245/2926/2809 4246/2928/2821
f 4244/2998/2632 4246/2928/2821 4247/2999/2822
f 4247/2999/2822 4246/2928/2821 4248/3000/2628
f 4248/3000/2628 4246/2928/2821 4249/2929/3268
f 4248/3000/2628 4249/2929/3268 4250/3001/2627
f 4250/3001/2627 4249/2929/3268 4251/2930/3269
f 4250/3001/2627 4251/2930/3269 4252/3002/2823
f 4252/3002/2823 4251/2930/3269 4253/2931/2824
f 4252/3002/2823 4253/2931/2824 4254/2913/2802
f 4252/3002/2823 4254/2913/2802 4255/3003/2623
f 4255/3003/2623 4254/2913/2802 4256/3004/3270
f 4256/3004/3270 4254/2913/2802 4257/2914/3271
f 4256/3004/3270 4257/2914/3271 4258/2915/2619
f 4256/3004/3270 4258/2915/2619 4259/3005/2829
f 4259/3005/2829 4258/2915/2619 4260/3006/3272
f 4260/3006/3272 4258/2915/2619 4261/2916/3273
f 4260/3006/3272 4261/2916/3273 4262/2917/2798
f 4260/3006/3272 4262/2917/2798 4263/3007/2797
f 4263/3007/2797 4262/2917/2798 4264/3008/3274
f 4264/3008/3274 4262/2917/2798 4265/2919/3275
f 4264/3008/3274 4265/2919/3275 4266/2920/3276
f 4264/3008/3274 4266/2920/3276 4267/3009/2800
f 4267/3009/2800 4266/2920/3276 4268/2921/3277
f 4267/3009/2800 4268/2921/3277 4269/3010/3278
f 4269/3010/3278 4268/2921/3277 4270/2923/2817
f 4269/3010/3278 4270/2923/2817 4271/3011/3279
f 4271/3011/3279 4270/2923/2817 4241/2997/3267
f 4241/2997/3267 4270/2923/2817 4272/2924/3280
f 4241/2997/3267 4272/2924/3280 4243/2925/2601
f 4274/3012/1657 4273/2189/3281 4275/2186/3282
f 4274/3012/1657 4275/2186/3282 4276/2184/3283
f 4274/3012/1657 4276/2184/3283 4277/3013/3284
f 4277/3013/3284 4276/2184/3283 4278/3014/3285
f 4278/3014/3285 4276/2184/3283 4279/2182/3286
f 4278/3014/3285 4279/2182/3286 4280/2224/3287
f 4278/3014/3285 4280/2224/3287 4281/3015/3288
f 4281/3015/3288 4280/2224/3287 4282/2223/3289
f 4281/3015/3288 4282/2223/3289 4283/3016/3290
f 4283/3016/3290 4282/2223/3289 4284/2222/3291
f 4283/3016/3290 4284/2222/3291 4285/3017/3292
f 4285/3017/3292 4284/2222/3291 4286/2221/3293
f 4285/3017/3292 4286/2221/3293 4287/3018/3294
f 4287/3018/3294 4286/2221/3293 4288/2220/3295
f 4287/3018/3294 4288/2220/3295 4289/3019/3296
f 4289/3019/3296 4288/2220/3295 4290/3020/3297
f 4290/3020/3297 4288/2220/3295 4291/2219/3298
f 4290/3020/3297 4291/2219/3298 4292/2218/3299
f 4290/3020/3297 4292/2218/3299 4293/3021/3300
f 4293/3021/3300 4292/2218/3299 4294/3022/3301
f 4294/3022/3301 4292/2218/3299 4295/2217/3302
f 4294/3022/3301 4295/2217/3302 4296/3023/3303
f 4296/3023/3303 4295/2217/3302 4297/2216/3304
f 4296/3023/3303 4297/2216/3304 4298/3024/3305
f 4298/3024/3305 4297/2216/3304 4299/2215/3306
f 4298/3024/3305 4299/2215/3306 4300/3025/3307
f 4300/3025/3307 4299/2215/3306 4301/2214/3308
f 4300/3025/3307 4301/2214/3308 4302/3026/3309
f 4302/3026/3309 4301/2214/3308 4303/2191/3310
f 4302/3026/3309 4303/2191/3310 4273/2189/3281
f 4302/3026/3309 4273/2189/3281 4304/3027/3311
f 4304/3027/3311 4273/2189/3281 4274/3012/1657
f 4305/2165/3312 4306/860/3313 4307/3028/3314
f 4307/3028/3314 4306/860/3313 4308/858/3315
f 4307/3028/3314 4308/858/3315 4309/856/3316
f 4307/3028/3314 4309/856/3316 4310/3029/3316
f 4310/3029/3316 4309/856/3316 4311/854/3317
f 4310/3029/3316 4311/854/3317 4312/3030/3317
f 4312/3030/3317 4311/854/3317 4313/852/3318
f 4312/3030/3317 4313/852/3318 4314/3031/3319
f 4314/3031/3319 4313/852/3318 4315/850/3320
f 4314/3031/3319 4315/850/3320 4316/3032/3320
f 4316/3032/3320 4315/850/3320 4317/847/3321
f 4316/3032/3320 4317/847/3321 4318/3033/3322
f 4318/3033/3322 4317/847/3321 4319/846/3323
f 4318/3033/3322 4319/846/3323 4320/3034/3324
f 4320/3034/3324 4319/846/3323 4321/3035/3325
f 4321/3035/3325 4319/846/3323 4200/844/3240
f 4321/3035/3325 4200/844/3240 4199/2963/3239
f 4323/3036/2581 4322/3037/2614 4324/3038/3326
f 4323/3036/2581 4324/3038/3326 4325/3039/2584
f 4322/3037/2614 4323/3036/2581 4326/3040/2655
f 4322/3037/2614 4326/3040/2655 4327/3041/2616
f 4327/3041/2616 4326/3040/2655 4328/3042/2653
f 4327/3041/2616 4328/3042/2653 4329/3043/2618
f 4329/3043/2618 4328/3042/2653 4330/3044/2651
f 4329/3043/2618 4330/3044/2651 4331/3045/2621
f 4331/3045/2621 4330/3044/2651 4332/3046/2649
f 4331/3045/2621 4332/3046/2649 4333/3047/2623
f 4333/3047/2623 4332/3046/2649 4334/3048/2572
f 4333/3047/2623 4334/3048/2572 4335/3049/3327
f 4335/3049/3327 4334/3048/2572 4336/3050/2738
f 4335/3049/3327 4336/3050/2738 4337/3051/2627
f 4337/3051/2627 4336/3050/2738 4338/3052/2600
f 4324/3038/3326 4339/3053/2611 4325/3039/2584
f 4325/3039/2584 4339/3053/2611 4340/3054/3328
f 4340/3054/3328 4339/3053/2611 4341/3055/2609
f 4340/3054/3328 4341/3055/2609 4342/3056/2638
f 4342/3056/2638 4341/3055/2609 4343/3057/2607
f 4342/3056/2638 4343/3057/2607 4344/3058/3329
f 4344/3058/3329 4343/3057/2607 4345/3059/2605
f 4344/3058/3329 4345/3059/2605 4346/3060/2592
f 4346/3060/2592 4345/3059/2605 4347/3061/2603
f 4346/3060/2592 4347/3061/2603 4348/3062/2593
f 4348/3062/2593 4347/3061/2603 4349/3063/2632
f 4348/3062/2593 4349/3063/2632 4350/3064/3330
f 4350/3064/3330 4349/3063/2632 4351/3065/2630
f 4350/3064/3330 4351/3065/2630 4352/3066/2597
f 4352/3066/2597 4351/3065/2630 4353/3067/2628
f 4352/3066/2597 4353/3067/2628 4354/3068/2600
f 4354/3068/2600 4353/3067/2628 4355/3069/3331
f 4356/3070/3332 4357/3071/3274 4358/3072/2581
f 4358/3072/2581 4357/3071/3274 4359/3073/2584
f 4358/3072/2581 4360/3074/2579 4356/3070/3332
f 4356/3070/3332 4360/3074/2579 4361/3075/2616
f 4361/3075/2616 4360/3074/2579 4362/3076/2577
f 4361/3075/2616 4362/3076/2577 4363/3077/2829
f 4363/3077/2829 4362/3076/2577 4364/3078/3333
f 4363/3077/2829 4364/3078/3333 4365/3079/2827
f 4365/3079/2827 4364/3078/3333 4366/3080/2574
f 4365/3079/2827 4366/3080/2574 4367/3081/2623
f 4367/3081/2623 4366/3080/2574 4368/3082/2572
f 4367/3081/2623 4368/3082/2572 4369/3083/3334
f 4369/3083/3334 4368/3082/2572 4370/3084/3335
f 4369/3083/3334 4370/3084/3335 4371/3085/2627
f 4371/3085/2627 4370/3084/3335 4372/3086/2600
f 4357/3071/3274 4373/3087/2611 4359/3073/2584
f 4359/3073/2584 4373/3087/2611 4374/3088/2635
f 4374/3088/2635 4373/3087/2611 4375/3089/2815
f 4374/3088/2635 4375/3089/2815 4376/3090/2588
f 4376/3090/2588 4375/3089/2815 4377/3091/3279
f 4376/3090/2588 4377/3091/3279 4378/3092/2589
f 4378/3092/2589 4377/3091/3279 4379/3093/3267
f 4378/3092/2589 4379/3093/3267 4380/3094/2592
f 4380/3094/2592 4379/3093/3267 4381/3095/2603
f 4380/3094/2592 4381/3095/2603 4382/3096/2662
f 4382/3096/2662 4381/3095/2603 4383/3097/2632
f 4382/3096/2662 4383/3097/2632 4384/3098/2596
f 4384/3098/2596 4383/3097/2632 4385/3099/2822
f 4384/3098/2596 4385/3099/2822 4386/3100/2597
f 4386/3100/2597 4385/3099/2822 4387/3101/2628
f 4386/3100/2597 4387/3101/2628 4388/3102/2600
f 4388/3102/2600 4387/3101/2628 4389/3103/3331
f 4390/3104/2655 4391/3105/2614 4392/3106/2657
f 4392/3106/2657 4391/3105/2614 4393/3107/3274
f 4392/3106/2657 4393/3107/3274 4394/3108/2584
f 4391/3105/2614 4390/3104/2655 4395/3109/2653
f 4391/3105/2614 4395/3109/2653 4396/3110/3272
f 4396/3110/3272 4395/3109/2653 4397/3111/2829
f 4397/3111/2829 4395/3109/2653 4398/3112/3333
f 4397/3111/2829 4398/3112/3333 4399/3113/3270
f 4399/3113/3270 4398/3112/3333 4400/3114/2669
f 4399/3113/3270 4400/3114/2669 4401/3115/2623
f 4401/3115/2623 4400/3114/2669 4402/3116/2572
f 4401/3115/2623 4402/3116/2572 4403/3117/2823
f 4403/3117/2823 4402/3116/2572 4404/3118/2667
f 4403/3117/2823 4404/3118/2667 4405/3119/2627
f 4405/3119/2627 4404/3118/2667 4406/3120/2600
f 4393/3107/3274 4407/3121/2800 4394/3108/2584
f 4394/3108/2584 4407/3121/2800 4408/3122/2585
f 4408/3122/2585 4407/3121/2800 4409/3123/3278
f 4408/3122/2585 4409/3123/3278 4410/3124/3336
f 4410/3124/3336 4409/3123/3278 4411/3125/3279
f 4410/3124/3336 4411/3125/3279 4412/3126/2589
f 4412/3126/2589 4411/3125/3279 4413/3127/3267
f 4412/3126/2589 4413/3127/3267 4414/3128/2592
f 4414/3128/2592 4413/3127/3267 4415/3129/2603
f 4414/3128/2592 4415/3129/2603 4416/3130/2662
f 4416/3130/2662 4415/3129/2603 4417/3131/2632
f 4416/3130/2662 4417/3131/2632 4418/3132/3330
f 4418/3132/3330 4417/3131/2632 4419/3133/2822
f 4418/3132/3330 4419/3133/2822 4420/3134/2597
f 4420/3134/2597 4419/3133/2822 4421/3135/2628
f 4420/3134/2597 4421/3135/2628 4422/3136/2600
f 4422/3136/2600 4421/3135/2628 4423/3137/2627
f 4424/3138/2614 4425/3139/3326 4426/3140/2581
f 4426/3140/2581 4425/3139/3326 4427/3141/2584
f 4426/3140/2581 4428/3142/2655 4424/3138/2614
f 4424/3138/2614 4428/3142/2655 4429/3143/2616
f 4429/3143/2616 4428/3142/2655 4430/3144/2577
f 4429/3143/2616 4430/3144/2577 4431/3145/2618
f 4431/3145/2618 4430/3144/2577 4432/3146/2651
f 4431/3145/2618 4432/3146/2651 4433/3147/2621
f 4433/3147/2621 4432/3146/2651 4434/3148/2649
f 4433/3147/2621 4434/3148/2649 4435/3149/2623
f 4435/3149/2623 4434/3148/2649 4436/3150/2572
f 4435/3149/2623 4436/3150/2572 4437/3151/2803
f 4437/3151/2803 4436/3150/2572 4438/3152/3337
f 4437/3151/2803 4438/3152/3337 4439/3153/2627
f 4439/3153/2627 4438/3152/3337 4440/3154/2600
f 4425/3139/3326 4441/3155/2800 4427/3141/2584
f 4427/3141/2584 4441/3155/2800 4442/3156/2585
f 4442/3156/2585 4441/3155/2800 4443/3157/2815
f 4442/3156/2585 4443/3157/2815 4444/3158/2638
f 4444/3158/2638 4443/3157/2815 4445/3159/3338
f 4444/3158/2638 4445/3159/3338 4446/3160/2589
f 4446/3160/2589 4445/3159/3338 4447/3161/2812
f 4446/3160/2589 4447/3161/2812 4448/3162/2592
f 4448/3162/2592 4447/3161/2812 4449/3163/2603
f 4448/3162/2592 4449/3163/2603 4450/3164/2684
f 4450/3164/2684 4449/3163/2603 4451/3165/2810
f 4450/3164/2684 4451/3165/2810 4452/3166/3339
f 4452/3166/3339 4451/3165/2810 4453/3167/2808
f 4452/3166/3339 4453/3167/2808 4454/3168/2597
f 4454/3168/2597 4453/3167/2808 4455/3169/2628
f 4454/3168/2597 4455/3169/2628 4456/3170/2600
f 4456/3170/2600 4455/3169/2628 4457/3171/3340
f 4458/3172/2614 4459/3173/3341 4460/3174/3342
f 4460/3174/3342 4459/3173/3341 4461/3175/2581
f 4460/3174/3342 4462/3176/2655 4458/3172/2614
f 4458/3172/2614 4462/3176/2655 4463/3177/3343
f 4463/3177/3343 4462/3176/2655 4464/3178/3344
f 4463/3177/3343 4464/3178/3344 4465/3179/2616
f 4465/3179/2616 4464/3178/3344 4466/3180/2714
f 4465/3179/2616 4466/3180/2714 4467/3181/3345
f 4467/3181/3345 4466/3180/2714 4468/3182/2712
f 4467/3181/3345 4468/3182/2712 4469/3183/2829
f 4469/3183/2829 4468/3182/2712 4470/3184/3333
f 4459/3173/3341 4471/3185/3326 4461/3175/2581
f 4461/3175/2581 4471/3185/3326 4472/3186/2722
f 4472/3186/2722 4471/3185/3326 4473/3187/3346
f 4472/3186/2722 4473/3187/3346 4474/3188/2584
f 4474/3188/2584 4473/3187/3346 4475/3189/3347
f 4474/3188/2584 4475/3189/3347 4476/3190/3348
f 4476/3190/3348 4475/3189/3347 4477/3191/3349
f 4476/3190/3348 4477/3191/3349 4478/3192/2674
f 4478/3192/2674 4477/3191/3349 4479/3193/3350
f 4478/3192/2674 4479/3193/3350 4480/3194/3351
f 4480/3194/3351 4479/3193/3350 4481/3195/3352
f 4480/3194/3351 4481/3195/3352 4482/3196/2588
f 4482/3196/2588 4481/3195/3352 4483/3197/3279
f 4482/3196/2588 4483/3197/3279 4484/3198/3353
f 4482/3196/2588 4484/3198/3353 4485/3199/3354
f 4485/3199/3354 4484/3198/3353 4486/3200/2589
f 4486/3200/2589 4484/3198/3353 4487/3201/2812
f 4486/3200/2589 4487/3201/2812 4488/3202/2680
f 4488/3202/2680 4487/3201/2812 4489/3203/3355
f 4488/3202/2680 4489/3203/3355 4490/3204/2592
f 4490/3204/2592 4489/3203/3355 4491/3205/2603
f 4490/3204/2592 4491/3205/2603 4492/3206/3356
f 4492/3206/3356 4491/3205/2603 4493/3207/3357
f 4492/3206/3356 4493/3207/3357 4494/3208/2684
f 4494/3208/2684 4493/3207/3357 4495/3209/2810
f 4494/3208/2684 4495/3209/2810 4496/3210/3358
f 4496/3210/3358 4495/3209/2810 4497/3211/3359
f 4496/3210/3358 4497/3211/3359 4498/3212/2688
f 4498/3212/2688 4497/3211/3359 4499/3213/2822
f 4498/3212/2688 4499/3213/2822 4500/3214/2689
f 4500/3214/2689 4499/3213/2822 4501/3215/3360
f 4500/3214/2689 4501/3215/3360 4502/3216/2691
f 4502/3216/2691 4501/3215/3360 4503/3217/3361
f 4502/3216/2691 4503/3217/3361 4504/3218/2694
f 4504/3218/2694 4503/3217/3361 4505/3219/3362
f 4504/3218/2694 4505/3219/3362 4506/3220/2695
f 4506/3220/2695 4505/3219/3362 4507/3221/2627
f 4506/3220/2695 4507/3221/2627 4508/3222/2697
f 4508/3222/2697 4507/3221/2627 4509/3223/3363
f 4508/3222/2697 4509/3223/3363 4510/3224/2699
f 4510/3224/2699 4509/3223/3363 4511/3225/3364
f 4510/3224/2699 4511/3225/3364 4512/3226/2701
f 4512/3226/2701 4511/3225/3364 4513/3227/3365
f 4512/3226/2701 4513/3227/3365 4514/3228/2572
f 4514/3228/2572 4513/3227/3365 4515/3229/3366
f 4514/3228/2572 4515/3229/3366 4516/3230/3367
f 4516/3230/3367 4515/3229/3366 4517/3231/3368
f 4516/3230/3367 4517/3231/3368 4518/3232/2574
f 4518/3232/2574 4517/3231/3368 4519/3233/3369
f 4518/3232/2574 4519/3233/3369 4520/3234/3370
f 4520/3234/3370 4519/3233/3369 4521/3235/3371
f 4520/3234/3370 4521/3235/3371 4522/3236/3333
f 4522/3236/3333 4521/3235/3371 4523/3237/2829
f 4524/3238/3372 4525/3239/2542 4526/3240/3292
f 4526/3240/3292 4525/3239/2542 4527/3241/3373
f 4526/3240/3292 4528/3242/3374 4524/3238/3372
f 4524/3238/3372 4528/3242/3374 4529/3243/3375
f 4529/3243/3375 4528/3242/3374 4530/3244/3376
f 4529/3243/3375 4530/3244/3376 4531/3245/2540
f 4531/3245/2540 4530/3244/3376 4532/3246/3297
f 4531/3245/2540 4532/3246/3297 4533/3247/3377
f 4533/3247/3377 4532/3246/3297 4534/3248/3300
f 4533/3247/3377 4534/3248/3300 4535/3249/2565
f 4535/3249/2565 4534/3248/3300 4536/3250/3301
f 4535/3249/2565 4536/3250/3301 4537/3251/2563
f 4537/3251/2563 4536/3250/3301 4538/3252/3303
f 4537/3251/2563 4538/3252/3303 4539/3253/3378
f 4539/3253/3378 4538/3252/3303 4540/3254/3379
f 4525/3239/2542 4541/3255/3380 4527/3241/3373
f 4527/3241/3373 4541/3255/3380 4542/3256/3288
f 4542/3256/3288 4541/3255/3380 4543/3257/2546
f 4542/3256/3288 4543/3257/2546 4544/3258/3381
f 4544/3258/3381 4543/3257/2546 4545/3259/2548
f 4544/3258/3381 4545/3259/2548 4546/3260/3284
f 4546/3260/3284 4545/3259/2548 4547/3261/2551
f 4546/3260/3284 4547/3261/2551 4548/3262/1657
f 4548/3262/1657 4547/3261/2551 4549/3263/2552
f 4548/3262/1657 4549/3263/2552 4550/3264/3382
f 4550/3264/3382 4549/3263/2552 4551/3265/3383
f 4550/3264/3382 4551/3265/3383 4552/3266/3309
f 4552/3266/3309 4551/3265/3383 4553/3267/2556
f 4552/3266/3309 4553/3267/2556 4554/3268/3307
f 4554/3268/3307 4553/3267/2556 4555/3269/2559
f 4554/3268/3307 4555/3269/2559 4556/3270/2561
f 4554/3268/3307 4556/3270/2561 4557/3271/3379
f 4559/3272/1598 4558/3273/3384 4560/3274/3385
f 4559/3272/1598 4560/3274/3385 4561/3275/3386
f 4561/3275/3386 4560/3274/3385 4562/3276/1458
f 4561/3275/3386 4562/3276/1458 4563/3277/3387
f 4563/3277/3387 4562/3276/1458 4564/3278/3388
f 4563/3277/3387 4564/3278/3388 4565/3279/1604
f 4565/3279/1604 4564/3278/3388 4566/3280/1453
f 4565/3279/1604 4566/3280/1453 4567/3281/1607
f 4568/3282/1464 4558/3273/3384 4559/3272/1598
f 4568/3282/1464 4559/3272/1598 4569/3283/1597
f 4568/3282/1464 4569/3283/1597 4570/3284/1594
f 4568/3282/1464 4570/3284/1594 4571/3285/1465
f 4571/3285/1465 4570/3284/1594 4572/3286/3389
f 4571/3285/1465 4572/3286/3389 4573/3287/1315
f 4573/3287/1315 4572/3286/3389 4574/3288/1313
f 4574/3288/1313 4572/3286/3389 4575/3289/1590
f 4574/3288/1313 4575/3289/1590 4576/3290/1588
f 4574/3288/1313 4576/3290/1588 4577/3291/3390
f 4577/3291/3390 4576/3290/1588 4578/3292/1310
f 4578/3292/1310 4576/3290/1588 4579/3293/3391
f 4578/3292/1310 4579/3293/3391 4580/3294/1585
f 4578/3292/1310 4580/3294/1585 4581/3295/3392
f 4581/3295/3392 4580/3294/1585 4582/3296/1318
f 4582/3296/1318 4580/3294/1585 4583/3297/1583
f 4582/3296/1318 4583/3297/1583 4584/3298/3393
f 4582/3296/1318 4584/3298/3393 4585/3299/3394
f 4585/3299/3394 4584/3298/3393 4586/3300/3395
f 4587/3301/3396 4588/3302/1622 4589/3303/3254
f 4589/3303/3254 4588/3302/1622 4590/3304/3397
f 4590/3304/3397 4588/3302/1622 4591/3305/3398
f 4590/3304/3397 4591/3305/3398 4592/3306/1440
f 4592/3306/1440 4591/3305/3398 4593/3307/1619
f 4592/3306/1440 4593/3307/1619 4594/3308/3399
f 4594/3308/3399 4593/3307/1619 4595/3309/3400
f 4594/3308/3399 4595/3309/3400 4596/3310/1443
f 4596/3310/1443 4595/3309/3400 4597/3311/3401
f 4596/3310/1443 4597/3311/3401 4598/3312/1445
f 4598/3312/1445 4597/3311/3401 4599/3313/1612
f 4598/3312/1445 4599/3313/1612 4600/3314/1448
f 4600/3314/1448 4599/3313/1612 4601/3315/1610
f 4600/3314/1448 4601/3315/1610 4602/3316/3402
f 4602/3316/3402 4601/3315/1610 4603/3317/1452
f 4603/3317/1452 4601/3315/1610 4604/3318/3403
f 4603/3317/1452 4604/3318/3403 4567/3281/1607
f 4603/3317/1452 4567/3281/1607 4566/3280/1453
f 4606/890/3404 4605/2908/3405 4607/2910/3406
f 4606/890/3404 4607/2910/3406 4608/887/3407
f 4608/887/3407 4607/2910/3406 4609/2911/3408
f 4608/887/3407 4609/2911/3408 4610/885/3409
f 4610/885/3409 4609/2911/3408 4611/2932/3410
f 4610/885/3409 4611/2932/3410 4612/883/3411
f 4612/883/3411 4611/2932/3410 4613/2933/3412
f 4605/2908/3405 4606/890/3404 4614/2909/3413
f 4614/2909/3413 4606/890/3404 4615/892/3414
f 4614/2909/3413 4615/892/3414 4616/2900/3415
f 4616/2900/3415 4615/892/3414 4617/894/3416
f 4616/2900/3415 4617/894/3416 4618/2898/3417
f 4618/2898/3417 4617/894/3416 4619/2897/3418
f 4619/2897/3418 4617/894/3416 4620/896/3419
f 4619/2897/3418 4620/896/3419 4621/2896/3420
f 4621/2896/3420 4620/896/3419 4622/2895/3421
f 4622/2895/3421 4620/896/3419 4623/898/3422
f 4622/2895/3421 4623/898/3422 4624/2894/3423
f 4624/2894/3423 4623/898/3422 4625/899/3424
f 4612/883/3411 4613/2933/3412 4626/881/3412
f 4626/881/3412 4613/2933/3412 4627/2935/3425
f 4626/881/3412 4627/2935/3425 4628/880/3425
f 4628/880/3425 4627/2935/3425 4629/2937/3426
f 4628/880/3425 4629/2937/3426 4630/878/3426
f 4630/878/3426 4629/2937/3426 4631/2939/3426
f 4630/878/3426 4631/2939/3426 4632/875/3426
f 4632/875/3426 4631/2939/3426 4633/2942/3427
f 4632/875/3426 4633/2942/3427 4634/874/3428
f 4634/874/3428 4633/2942/3427 4635/872/3429
f 4635/872/3429 4633/2942/3427 4636/870/3430
f 4636/870/3430 4633/2942/3427 4637/868/3431
f 4637/868/3431 4633/2942/3427 4638/866/3432
f 4638/866/3432 4633/2942/3427 4639/864/3433
f 4639/864/3433 4633/2942/3427 4640/861/3434
f 4640/861/3434 4633/2942/3427 4641/2943/3435
f 4640/861/3434 4641/2943/3435 4642/859/3436
f 4642/859/3436 4641/2943/3435 4643/857/3437
f 4643/857/3437 4641/2943/3435 4644/855/3438
f 4644/855/3438 4641/2943/3435 4645/853/3439
f 4645/853/3439 4641/2943/3435 4646/851/3440
f 4646/851/3440 4641/2943/3435 4647/849/3441
f 4647/849/3441 4641/2943/3435 4648/848/3442
f 4648/848/3442 4641/2943/3435 4649/845/3443
f 4649/845/3443 4641/2943/3435 4650/2944/3444
f 4649/845/3443 4650/2944/3444 4651/843/3445
f 4651/843/3445 4650/2944/3444 4652/2948/3446
f 4651/843/3445 4652/2948/3446 4653/842/3447
f 4653/842/3447 4652/2948/3446 4654/2949/3448
f 4653/842/3447 4654/2949/3448 4655/840/3449
f 4655/840/3449 4654/2949/3448 4656/2951/3450
f 4655/840/3449 4656/2951/3450 4657/838/3451
f 4657/838/3451 4656/2951/3450 4658/2952/3452
f 4657/838/3451 4658/2952/3452 4659/836/3453
f 4659/836/3453 4658/2952/3452 4660/2953/3454
f 4659/836/3453 4660/2953/3454 4661/833/3455
f 4661/833/3455 4660/2953/3454 4662/2954/3455
f 4661/833/3455 4662/2954/3455 4663/831/3456
f 4663/831/3456 4662/2954/3455 4664/2955/3457
f 4663/831/3456 4664/2955/3457 4665/2956/3458
f 4663/831/3456 4665/2956/3458 4666/829/3459
f 4666/829/3459 4665/2956/3458 4667/2958/3460
f 4666/829/3459 4667/2958/3460 4668/827/3461
f 4668/827/3461 4667/2958/3460 4669/2880/3462
f 4668/827/3461 4669/2880/3462 4670/2878/3463
f 4668/827/3461 4670/2878/3463 4671/825/3464
f 4671/825/3464 4670/2878/3463 4672/2877/3465
f 4671/825/3464 4672/2877/3465 4673/2882/3466
f 4671/825/3464 4673/2882/3466 4674/824/3467
f 4674/824/3467 4673/2882/3466 4675/2881/3468
f 4674/824/3467 4675/2881/3468 1506/822/3469
f 4677/2858/3470 4676/3319/3371 4678/3320/3369
f 4677/2858/3470 4678/3320/3369 4679/2857/3271
f 4679/2857/3271 4678/3320/3369 4680/3321/3471
f 4679/2857/3271 4680/3321/3471 4681/2856/3472
f 4681/2856/3472 4680/3321/3471 4682/3322/3366
f 4676/3319/3371 4677/2858/3470 4683/3323/2829
f 4683/3323/2829 4677/2858/3470 4684/2860/3473
f 4683/3323/2829 4684/2860/3473 4685/2861/3474
f 4683/3323/2829 4685/2861/3474 4686/3324/3345
f 4686/3324/3345 4685/2861/3474 4687/2862/3475
f 4686/3324/3345 4687/2862/3475 4688/3325/2616
f 4688/3325/2616 4687/2862/3475 4689/3326/3476
f 4689/3326/3476 4687/2862/3475 4690/2863/3477
f 4689/3326/3476 4690/2863/3477 4691/3327/2614
f 4691/3327/2614 4690/2863/3477 4692/2864/3478
f 4691/3327/2614 4692/2864/3478 4693/3328/3341
f 4693/3328/3341 4692/2864/3478 4694/2865/3479
f 4693/3328/3341 4694/2865/3479 4695/2866/3480
f 4693/3328/3341 4695/2866/3480 4696/3329/2612
f 4696/3329/2612 4695/2866/3480 4697/2867/3481
f 4696/3329/2612 4697/2867/3481 4698/3330/3346
f 4698/3330/3346 4697/2867/3481 4699/2868/3482
f 4698/3330/3346 4699/2868/3482 4700/3331/3347
f 4700/3331/3347 4699/2868/3482 4701/2869/3483
f 4700/3331/3347 4701/2869/3483 4702/3332/3349
f 4702/3332/3349 4701/2869/3483 4703/3333/3350
f 4703/3333/3350 4701/2869/3483 4704/2870/3484
f 4703/3333/3350 4704/2870/3484 4705/2871/3485
f 4703/3333/3350 4705/2871/3485 4706/3334/3486
f 4706/3334/3486 4705/2871/3485 4707/2873/3487
f 4706/3334/3486 4707/2873/3487 4708/3335/2818
f 4708/3335/2818 4707/2873/3487 4709/2874/3488
f 4708/3335/2818 4709/2874/3488 4710/3336/3489
f 4710/3336/3489 4709/2874/3488 4711/3337/2812
f 4711/3337/2812 4709/2874/3488 4712/2883/3490
f 4711/3337/2812 4712/2883/3490 4713/2884/3491
f 4711/3337/2812 4713/2884/3491 4714/3338/3355
f 4714/3338/3355 4713/2884/3491 4715/2885/3492
f 4714/3338/3355 4715/2885/3492 4716/3339/2603
f 4716/3339/2603 4715/2885/3492 4717/3340/3357
f 4717/3340/3357 4715/2885/3492 4718/2886/3493
f 4717/3340/3357 4718/2886/3493 4719/3341/2810
f 4719/3341/2810 4718/2886/3493 4720/2887/3494
f 4719/3341/2810 4720/2887/3494 4721/2890/3495
f 4719/3341/2810 4721/2890/3495 4722/3342/3359
f 4722/3342/3359 4721/2890/3495 4723/3343/2822
f 4723/3343/2822 4721/2890/3495 4724/2892/2821
f 4723/3343/2822 4724/2892/2821 4725/3344/3360
f 4725/3344/3360 4724/2892/2821 4726/2848/3496
f 4725/3344/3360 4726/2848/3496 4727/3345/3361
f 4727/3345/3361 4726/2848/3496 4728/2849/3497
f 4727/3345/3361 4728/2849/3497 4729/2850/3498
f 4727/3345/3361 4729/2850/3498 4730/3346/3499
f 4730/3346/3499 4729/2850/3498 4731/3347/2805
f 4731/3347/2805 4729/2850/3498 4732/2851/3500
f 4731/3347/2805 4732/2851/3500 4733/3348/3363
f 4733/3348/3363 4732/2851/3500 4734/2852/3501
f 4733/3348/3363 4734/2852/3501 4735/3349/3364
f 4735/3349/3364 4734/2852/3501 4736/2853/3502
f 4735/3349/3364 4736/2853/3502 4737/3350/3365
f 4737/3350/3365 4736/2853/3502 4738/2854/3503
f 4737/3350/3365 4738/2854/3503 4739/2855/2802
f 4737/3350/3365 4739/2855/2802 4682/3322/3366
f 4682/3322/3366 4739/2855/2802 4681/2856/3472
f 4740/3351/3167 4741/2318/3504 4742/3352/3138
f 4742/3352/3138 4741/2318/3504 4743/2320/3505
f 4742/3352/3138 4743/2320/3505 4744/3353/3137
f 4744/3353/3137 4743/2320/3505 4745/2322/1430
f 4744/3353/3137 4745/2322/1430 4746/3354/1393
f 4746/3354/1393 4745/2322/1430 4747/2323/3506
f 4746/3354/1393 4747/2323/3506 4748/3355/3135
f 4741/2318/3504 4740/3351/3167 4749/3356/3165
f 4741/2318/3504 4749/3356/3165 4750/2316/3507
f 4750/2316/3507 4749/3356/3165 4751/2314/3508
f 4751/2314/3508 4749/3356/3165 4752/3357/3164
f 4751/2314/3508 4752/3357/3164 4753/2313/3509
f 4753/2313/3509 4752/3357/3164 4754/3358/3163
f 4753/2313/3509 4754/3358/3163 4755/3359/3510
f 4753/2313/3509 4755/3359/3510 4756/2312/1416
f 4756/2312/1416 4755/3359/3510 4757/2311/3511
f 4757/2311/3511 4755/3359/3510 4758/3360/3161
f 4757/2311/3511 4758/3360/3161 4759/2310/3512
f 4759/2310/3512 4758/3360/3161 4760/3361/3160
f 4759/2310/3512 4760/3361/3160 4761/3362/3513
f 4759/2310/3512 4761/3362/3513 4762/2309/3514
f 4762/2309/3514 4761/3362/3513 4763/2308/3515
f 4763/2308/3515 4761/3362/3513 4764/3363/3516
f 4763/2308/3515 4764/3363/3516 4765/3364/2552
f 4763/2308/3515 4765/3364/2552 4766/2307/3517
f 4766/2307/3517 4765/3364/2552 4767/2306/3518
f 4767/2306/3518 4765/3364/2552 4768/3365/3519
f 4767/2306/3518 4768/3365/3519 4769/3366/3520
f 4767/2306/3518 4769/3366/3520 4770/2305/3521
f 4770/2305/3521 4769/3366/3520 4771/2304/3522
f 4771/2304/3522 4769/3366/3520 4772/3367/3523
f 4771/2304/3522 4772/3367/3523 4773/3368/3148
f 4771/2304/3522 4773/3368/3148 4774/2303/3524
f 4774/2303/3524 4773/3368/3148 4775/3369/3147
f 4774/2303/3524 4775/3369/3147 4776/2302/3525
f 4776/2302/3525 4775/3369/3147 4777/2301/3526
f 4777/2301/3526 4775/3369/3147 4778/3370/3146
f 4777/2301/3526 4778/3370/3146 4779/3371/3145
f 4777/2301/3526 4779/3371/3145 4780/2300/3527
f 4780/2300/3527 4779/3371/3145 4781/3372/3144
f 4780/2300/3527 4781/3372/3144 4782/2298/3528
f 4782/2298/3528 4781/3372/3144 4783/2296/3529
f 4783/2296/3529 4781/3372/3144 4784/3373/3143
f 4783/2296/3529 4784/3373/3143 4785/3374/3142
f 4783/2296/3529 4785/3374/3142 4786/2294/3530
f 4786/2294/3530 4785/3374/3142 4787/3375/3531
f 4786/2294/3530 4787/3375/3531 4788/2292/3532
f 4788/2292/3532 4787/3375/3531 4789/3376/1309
f 4788/2292/3532 4789/3376/1309 4790/2290/3533
f 4790/2290/3533 4789/3376/1309 4791/3377/3534
f 4790/2290/3533 4791/3377/3534 4792/2284/3535
f 4792/2284/3535 4791/3377/3534 4793/3378/3262
f 4792/2284/3535 4793/3378/3262 4794/2285/3536
f 4794/2285/3536 4793/3378/3262 4795/2287/3537
f 4795/2287/3537 4793/3378/3262 4796/3379/3261
f 4795/2287/3537 4796/3379/3261 4797/3380/3259
f 4795/2287/3537 4797/3380/3259 4798/2286/1466
f 4798/2286/1466 4797/3380/3259 4799/3381/3258
f 4798/2286/1466 4799/3381/3258 4800/2283/3538
f 4800/2283/3538 4799/3381/3258 4801/3382/3257
f 4800/2283/3538 4801/3382/3257 4802/2280/3539
f 4802/2280/3539 4801/3382/3257 4803/2276/3540
f 4803/2276/3540 4801/3382/3257 4804/3383/3256
f 4803/2276/3540 4804/3383/3256 4805/3384/3541
f 4803/2276/3540 4805/3384/3541 4806/2333/3542
f 4806/2333/3542 4805/3384/3541 4807/3385/1435
f 4806/2333/3542 4807/3385/1435 4808/2332/3543
f 4810/2326/3544 4809/2328/3545 4811/3386/3140
f 4810/2326/3544 4811/3386/3140 4812/3387/3127
f 4810/2326/3544 4812/3387/3127 4813/2246/3546
f 4813/2246/3546 4812/3387/3127 4814/3388/2478
f 4813/2246/3546 4814/3388/2478 4815/3389/3129
f 4813/2246/3546 4815/3389/3129 4816/2244/3547
f 4816/2244/3547 4815/3389/3129 4817/2242/3548
f 4817/2242/3548 4815/3389/3129 4818/3390/3130
f 4817/2242/3548 4818/3390/3130 4819/3391/3549
f 4817/2242/3548 4819/3391/3549 4820/2240/3547
f 4820/2240/3547 4819/3391/3549 4821/2239/3550
f 4821/2239/3550 4819/3391/3549 4822/3392/3132
f 4821/2239/3550 4822/3392/3132 4823/3393/3133
f 4821/2239/3550 4823/3393/3133 4824/2237/3551
f 4824/2237/3551 4823/3393/3133 4825/2238/3552
f 4825/2238/3552 4823/3393/3133 4748/3355/3135
f 4825/2238/3552 4748/3355/3135 4747/2323/3506
